g Env_GooLagoon_Panel01
v 2.0804517 0.48815155 0.0051305676
v 2.0626929 0.5297949 0.0055683325
v 2.0313475 0.5299532 -0.048704106
v 2.040227 0.4883547 -0.06451604
v 2.061272 0.33894148 0.008207207
v 2.0331225 0.34047645 -0.04052787
v 2.0335448 0.20115322 -0.051256817
v 2.0616944 0.19961831 -0.0025216006
v 2.0804517 0.041526847 0.00043647765
v 2.040227 0.041729856 -0.06921026
v 2.0274975 0.00013881206 -0.047606885
v 2.054995 6.198882E-08 0
v 2.040227 0.4879485 0.074777156
v 2.0313475 0.5296366 0.05984063
v 2.0626929 0.5297949 0.0055683325
v 2.0804517 0.48815155 0.0051305676
v 2.0331225 0.33721665 0.05692765
v 2.061272 0.33894148 0.008207207
v 2.0616944 0.19961831 -0.0025216006
v 2.0335448 0.19789343 0.046198815
v 2.040227 0.041323744 0.070083074
v 2.0804517 0.041526847 0.00043647765
v 2.0274975 -0.00013881683 0.04760659
v 2.054995 6.198882E-08 0
v 1.9597765 0.4879486 0.074777156
v 1.9686571 0.5296366 0.05984063
v 2.0313475 0.5296366 0.05984063
v 2.040227 0.4879485 0.074777156
v 1.9768249 0.33702666 0.056913022
v 2.0331225 0.33721665 0.05692765
v 2.0335448 0.19789343 0.046198815
v 1.9772485 0.19770344 0.046184186
v 1.9597765 0.041323744 0.070083074
v 2.040227 0.041323744 0.070083074
v 1.972506 -0.00013880253 0.047606744
v 2.0274975 -0.00013881683 0.04760659
v 1.9195532 0.48815155 0.0051305676
v 1.9373107 0.5297949 0.0055683325
v 1.9686571 0.5296366 0.05984063
v 1.9597765 0.4879486 0.074777156
v 1.9486755 0.3385616 0.0081779575
v 1.9768249 0.33702666 0.056913022
v 1.9772485 0.19770344 0.046184186
v 1.9490991 0.19923837 -0.002551012
v 1.9195532 0.041526787 0.00043632506
v 1.9597765 0.041323744 0.070083074
v 1.9450097 -3.8146972E-08 9.536743E-09
v 1.972506 -0.00013880253 0.047606744
v 1.9597765 0.48835468 -0.06451617
v 1.9686571 0.5299532 -0.048704106
v 1.9373107 0.5297949 0.0055683325
v 1.9195532 0.48815155 0.0051305676
v 1.9768249 0.34028646 -0.040542476
v 1.9486755 0.3385616 0.0081779575
v 1.9490991 0.19923837 -0.002551012
v 1.9772485 0.20096324 -0.051271446
v 1.9597765 0.041729856 -0.06921026
v 1.9195532 0.041526787 0.00043632506
v 1.972506 0.000138793 -0.047606878
v 1.9450097 -3.8146972E-08 9.536743E-09
v 2.040227 0.4883547 -0.06451604
v 2.0313475 0.5299532 -0.048704106
v 1.9686571 0.5299532 -0.048704106
v 1.9597765 0.48835468 -0.06451617
v 2.0331225 0.34047645 -0.04052787
v 1.9768249 0.34028646 -0.040542476
v 1.9772485 0.20096324 -0.051271446
v 2.0335448 0.20115322 -0.051256817
v 2.040227 0.041729856 -0.06921026
v 1.9597765 0.041729856 -0.06921026
v 2.0274975 0.00013881206 -0.047606885
v 1.972506 0.000138793 -0.047606878
v 2.0804517 1.0179464 0.010698748
v 2.0626929 1.0595897 0.01113636
v 2.0313475 1.059748 -0.0431361
v 2.040227 1.0181495 -0.058947846
v 2.061272 0.86873627 0.0137754725
v 2.0331225 0.8702714 -0.034959827
v 2.0335448 0.73094803 -0.045688637
v 2.0616944 0.72941303 0.0030465792
v 2.0804517 0.5713217 0.0060046576
v 2.040227 0.5715247 -0.06364209
v 2.0274975 0.52993375 -0.042038564
v 2.054995 0.529795 0.005568323
v 2.040227 1.0177435 0.08034547
v 2.0313475 1.0594314 0.065408796
v 2.0626929 1.0595897 0.01113636
v 2.0804517 1.0179464 0.010698748
v 2.0331225 0.86701137 0.06249585
v 2.061272 0.86873627 0.0137754725
v 2.0616944 0.72941303 0.0030465792
v 2.0335448 0.72768825 0.05176705
v 2.040227 0.57111853 0.07565129
v 2.0804517 0.5713217 0.0060046576
v 2.0274975 0.52965605 0.053174924
v 2.054995 0.529795 0.005568323
v 1.9597765 1.0177435 0.08034532
v 1.9686571 1.0594314 0.065408796
v 2.0313475 1.0594314 0.065408796
v 2.040227 1.0177435 0.08034547
v 1.9768249 0.8668216 0.062481355
v 2.0331225 0.86701137 0.06249585
v 2.0335448 0.72768825 0.05176705
v 1.9772485 0.72749823 0.051752385
v 1.9597765 0.57111853 0.07565129
v 2.040227 0.57111853 0.07565129
v 1.972506 0.52965605 0.053174924
v 2.0274975 0.52965605 0.053174924
v 1.9195532 1.0179464 0.010698748
v 1.9373107 1.0595897 0.01113636
v 1.9686571 1.0594314 0.065408796
v 1.9597765 1.0177435 0.08034532
v 1.9486755 0.8683563 0.013746138
v 1.9768249 0.8668216 0.062481355
v 1.9772485 0.72749823 0.051752385
v 1.9490991 0.72903335 0.003017149
v 1.9195532 0.5713217 0.0060046576
v 1.9597765 0.57111853 0.07565129
v 1.9450097 0.5297949 0.0055683325
v 1.972506 0.52965605 0.053174924
v 1.9597765 1.0181495 -0.058947846
v 1.9686571 1.059748 -0.0431361
v 1.9373107 1.0595897 0.01113636
v 1.9195532 1.0179464 0.010698748
v 1.9768249 0.87008125 -0.034974452
v 1.9486755 0.8683563 0.013746138
v 1.9490991 0.72903335 0.003017149
v 1.9772485 0.730758 -0.045703266
v 1.9597765 0.5715247 -0.06364209
v 1.9195532 0.5713217 0.0060046576
v 1.972506 0.52993375 -0.042038564
v 1.9450097 0.5297949 0.0055683325
v 2.040227 1.0181495 -0.058947846
v 2.0313475 1.059748 -0.0431361
v 1.9686571 1.059748 -0.0431361
v 1.9597765 1.0181495 -0.058947846
v 2.0331225 0.8702714 -0.034959827
v 1.9768249 0.87008125 -0.034974452
v 1.9772485 0.730758 -0.045703266
v 2.0335448 0.73094803 -0.045688637
v 2.040227 0.5715247 -0.06364209
v 1.9597765 0.5715247 -0.06364209
v 2.0274975 0.52993375 -0.042038564
v 1.972506 0.52993375 -0.042038564
v 1.3105655 1.161305 0.0031255435
v 1.2669672 1.143546 0.003392267
v 1.2665783 1.112201 -0.050900344
v 1.3100665 1.1210803 -0.06654694
v 1.4667999 1.1421252 0.0068167206
v 1.4649923 1.1139759 -0.041942194
v 1.6108184 1.1143982 -0.052102223
v 1.6126257 1.1425476 -0.003343172
v 1.7781582 1.161305 0.000265913
v 1.7776593 1.1210803 -0.06940671
v 1.8212936 1.1083509 -0.047624577
v 1.8216345 1.1358484 0
v 1.3110645 1.1210803 0.07279802
v 1.2673559 1.112201 0.057684727
v 1.2669672 1.143546 0.003392267
v 1.3105655 1.161305 0.0031255435
v 1.4688061 1.1139759 0.05556177
v 1.4667999 1.1421252 0.0068167206
v 1.6126257 1.1425476 -0.003343172
v 1.6146319 1.1143982 0.04540188
v 1.7786572 1.1210803 0.06993839
v 1.7781582 1.161305 0.000265913
v 1.8219757 1.1083509 0.047624283
v 1.8216345 1.1358484 0
v 1.3110645 1.0406299 0.072798006
v 1.2673559 1.0495105 0.057684727
v 1.2673559 1.112201 0.057684727
v 1.3110645 1.1210803 0.07279802
v 1.4690048 1.0576782 0.05554794
v 1.4688061 1.1139759 0.05556177
v 1.6146319 1.1143982 0.04540188
v 1.6148309 1.0581018 0.04538801
v 1.7786572 1.0406299 0.06993839
v 1.7786572 1.1210803 0.06993839
v 1.8219757 1.0533594 0.047624435
v 1.8219757 1.1083509 0.047624283
v 1.3105655 1.0004065 0.0031255435
v 1.2669672 1.018164 0.003392267
v 1.2673559 1.0495105 0.057684727
v 1.3110645 1.0406299 0.072798006
v 1.4671975 1.0295289 0.0067890263
v 1.4690048 1.0576782 0.05554794
v 1.6148309 1.0581018 0.04538801
v 1.6130233 1.0299524 -0.003371029
v 1.7781582 1.0004065 0.0002657604
v 1.7786572 1.0406299 0.06993839
v 1.8216348 1.025863 9.536743E-09
v 1.8219757 1.0533594 0.047624435
v 1.3100665 1.0406299 -0.06654708
v 1.2665783 1.0495105 -0.050900344
v 1.2669672 1.018164 0.003392267
v 1.3105655 1.0004065 0.0031255435
v 1.4651914 1.0576782 -0.041956034
v 1.4671975 1.0295289 0.0067890263
v 1.6130233 1.0299524 -0.003371029
v 1.6110171 1.0581018 -0.052116077
v 1.7776593 1.0406299 -0.06940671
v 1.7781582 1.0004065 0.0002657604
v 1.8212936 1.0533594 -0.047624577
v 1.8216348 1.025863 9.536743E-09
v 0.7558984 1.161305 0.006517668
v 0.71229976 1.143546 0.006784229
v 0.7119116 1.112201 -0.0475084
v 0.75539917 1.1210803 -0.063154824
v 0.91213286 1.1421252 0.010208931
v 0.9103247 1.1139759 -0.038550224
v 1.0561512 1.1143982 -0.048710115
v 1.0579584 1.1425476 4.8942566E-05
v 1.2234908 1.161305 0.0036580276
v 1.222992 1.1210803 -0.0660146
v 1.2666262 1.1083509 -0.044232327
v 1.2669672 1.1358484 0.0033922577
v 0.75639766 1.1210803 0.07619026
v 0.71268857 1.112201 0.06107685
v 0.71229976 1.143546 0.006784229
v 0.7558984 1.161305 0.006517668
v 0.9141388 1.1139759 0.058953892
v 0.91213286 1.1421252 0.010208931
v 1.0579584 1.1425476 4.8942566E-05
v 1.0599645 1.1143982 0.04879404
v 1.2239898 1.1210803 0.07333055
v 1.2234908 1.161305 0.0036580276
v 1.2673084 1.1083509 0.05101654
v 1.2669672 1.1358484 0.0033922577
v 0.75639766 1.0406299 0.07619011
v 0.71268857 1.0495105 0.06107685
v 0.71268857 1.112201 0.06107685
v 0.75639766 1.1210803 0.07619026
v 0.91433775 1.0576782 0.05894018
v 0.9141388 1.1139759 0.058953892
v 1.0599645 1.1143982 0.04879404
v 1.0601635 1.0581018 0.048780136
v 1.2239898 1.0406299 0.07333055
v 1.2239898 1.1210803 0.07333055
v 1.2673084 1.0533594 0.05101654
v 1.2673084 1.1083509 0.05101654
v 0.7558984 1.0004065 0.006517668
v 0.71229976 1.018164 0.006784229
v 0.71268857 1.0495105 0.06107685
v 0.75639766 1.0406299 0.07619011
v 0.9125305 1.0295289 0.010181141
v 0.91433775 1.0576782 0.05894018
v 1.0601635 1.0581018 0.048780136
v 1.058356 1.0299524 2.1076203E-05
v 1.2234908 1.0004065 0.0036580276
v 1.2239898 1.0406299 0.07333055
v 1.2669672 1.025863 0.003392267
v 1.2673084 1.0533594 0.05101654
v 0.75539917 1.0406299 -0.063154824
v 0.7119116 1.0495105 -0.0475084
v 0.71229976 1.018164 0.006784229
v 0.7558984 1.0004065 0.006517668
v 0.91052395 1.0576782 -0.03856407
v 0.9125305 1.0295289 0.010181141
v 1.058356 1.0299524 2.1076203E-05
v 1.0563498 1.0581018 -0.048723962
v 1.222992 1.0406299 -0.0660146
v 1.2234908 1.0004065 0.0036580276
v 1.2666262 1.0533594 -0.044232327
v 1.2669672 1.025863 0.003392267
v 0.20316467 1.161305 0.0033731556
v 0.15980774 1.143546 0.003661003
v 0.15944763 1.112201 -0.05062912
v 0.20270263 1.1210803 -0.06629613
v 0.35853148 1.1421252 0.0069884392
v 0.3567578 1.1139759 -0.04176753
v 0.5017804 1.1143982 -0.051997814
v 0.5035547 1.1425476 -0.0032417106
v 0.6681677 1.161305 0.00028697014
v 0.66770566 1.1210803 -0.06938245
v 0.71108764 1.1083509 -0.047622394
v 0.7114038 1.1358484 0
v 0.2036267 1.1210803 0.07304243
v 0.16016845 1.112201 0.057950974
v 0.15980774 1.143546 0.003661003
v 0.20316467 1.161305 0.0033731556
v 0.36050293 1.1139759 0.055730455
v 0.35853148 1.1421252 0.0069884392
v 0.5035547 1.1425476 -0.0032417106
v 0.5055255 1.1143982 0.045500297
v 0.66863036 1.1210803 0.069956236
v 0.6681677 1.161305 0.00028697014
v 0.71171933 1.1083509 0.047622107
v 0.7114038 1.1358484 0
v 0.2036267 1.0406299 0.07304243
v 0.16016845 1.0495105 0.057950974
v 0.16016845 1.112201 0.057950974
v 0.2036267 1.1210803 0.07304243
v 0.36070067 1.0576782 0.055716436
v 0.36050293 1.1139759 0.055730455
v 0.5055255 1.1143982 0.045500297
v 0.5057239 1.0581018 0.04548626
v 0.66863036 1.0406299 0.069956236
v 0.66863036 1.1210803 0.069956236
v 0.71171933 1.0533594 0.04762226
v 0.71171933 1.1083509 0.047622107
v 0.20316467 1.0004065 0.0033731556
v 0.15980774 1.018164 0.003661003
v 0.16016845 1.0495105 0.057950974
v 0.2036267 1.0406299 0.07304243
v 0.35892698 1.0295289 0.0069604777
v 0.36070067 1.0576782 0.055716436
v 0.5057239 1.0581018 0.04548626
v 0.5039502 1.0299524 -0.0032698344
v 0.6681677 1.0004065 0.0002868271
v 0.66863036 1.0406299 0.069956236
v 0.7114038 1.025863 0
v 0.71171933 1.0533594 0.04762226
v 0.20270263 1.0406299 -0.06629627
v 0.15944763 1.0495105 -0.05062912
v 0.15980774 1.018164 0.003661003
v 0.20316467 1.0004065 0.0033731556
v 0.35695556 1.0576782 -0.041781463
v 0.35892698 1.0295289 0.0069604777
v 0.5039502 1.0299524 -0.0032698344
v 0.50197875 1.0581018 -0.052011766
v 0.66770566 1.0406299 -0.06938245
v 0.6681677 1.0004065 0.0002868271
v 0.71108764 1.0533594 -0.047622394
v 0.7114038 1.025863 0
v -0.34843078 1.161305 0.007034025
v -0.3917877 1.143546 0.00732171
v -0.39214844 1.112201 -0.04696842
v -0.34889343 1.1210803 -0.06263526
v -0.19306396 1.1421252 0.010649395
v -0.19483826 1.1139759 -0.03810682
v -0.049815062 1.1143982 -0.048336964
v -0.04804138 1.1425476 0.00041914938
v 0.11657226 1.161305 0.0039478303
v 0.11610962 1.1210803 -0.0657216
v 0.15949157 1.1083509 -0.0439614
v 0.15980774 1.1358484 0.0036609934
v -0.34796873 1.1210803 0.07670344
v -0.3914276 1.112201 0.061611842
v -0.3917877 1.143546 0.00732171
v -0.34843078 1.161305 0.007034025
v -0.19109252 1.1139759 0.059391327
v -0.19306396 1.1421252 0.010649395
v -0.04804138 1.1425476 0.00041914938
v -0.046070557 1.1143982 0.049161203
v 0.1170343 1.1210803 0.07361715
v 0.11657226 1.161305 0.0039478303
v 0.1601239 1.1083509 0.05128309
v 0.15980774 1.1358484 0.0036609934
v -0.34796873 1.0406299 0.07670328
v -0.3914276 1.0495105 0.061611842
v -0.3914276 1.112201 0.061611842
v -0.34796873 1.1210803 0.07670344
v -0.19089477 1.0576782 0.059377518
v -0.19109252 1.1139759 0.059391327
v -0.046070557 1.1143982 0.049161203
v -0.045871582 1.0581018 0.049147204
v 0.1170343 1.0406299 0.07361715
v 0.1170343 1.1210803 0.07361715
v 0.1601239 1.0533594 0.05128309
v 0.1601239 1.1083509 0.05128309
v -0.34843078 1.0004065 0.007034025
v -0.3917877 1.018164 0.00732171
v -0.3914276 1.0495105 0.061611842
v -0.34796873 1.0406299 0.07670328
v -0.19266845 1.0295289 0.010621415
v -0.19089477 1.0576782 0.059377518
v -0.045871582 1.0581018 0.049147204
v -0.04764648 1.0299524 0.00039108275
v 0.11657226 1.0004065 0.0039478303
v 0.1170343 1.0406299 0.07361715
v 0.15980774 1.025863 0.003661003
v 0.1601239 1.0533594 0.05128309
v -0.34889343 1.0406299 -0.06263526
v -0.39214844 1.0495105 -0.04696842
v -0.3917877 1.018164 0.00732171
v -0.34843078 1.0004065 0.007034025
v -0.19463989 1.0576782 -0.038120758
v -0.19266845 1.0295289 0.010621415
v -0.04764648 1.0299524 0.00039108275
v -0.04961731 1.0581018 -0.048350915
v 0.11610962 1.0406299 -0.0657216
v 0.11657226 1.0004065 0.0039478303
v 0.15949157 1.0533594 -0.0439614
v 0.15980774 1.025863 0.003661003
v -0.34889343 1.1210803 -0.06263526
v -0.39214844 1.112201 -0.04696842
v -0.39214844 1.0495105 -0.04696842
v -0.34889343 1.0406299 -0.06263526
v -0.26909608 1.1053883 -5.959311E-16
v -0.26909608 2.8946118 5.959311E-16
v 2.2690961 2.8946118 5.959311E-16
v 2.2690961 1.1053883 -5.959311E-16
v 1.8649197 3.004215 0.007034025
v 1.8215628 2.9864562 0.00732171
v 1.8212024 2.955111 -0.04696842
v 1.8644574 2.9639904 -0.06263526
v 2.0202866 2.9850354 0.010649395
v 2.0185125 2.9568858 -0.03810682
v 2.1635358 2.9573083 -0.048336964
v 2.1653094 2.9854577 0.00041914938
v 2.3299224 3.004215 0.0039478303
v 2.3294604 2.9639904 -0.0657216
v 2.3728423 2.9512608 -0.0439614
v 2.3731585 2.9787586 0.0036609934
v 1.8653821 2.9639904 0.07670344
v 1.8219231 2.955111 0.061611842
v 1.8215628 2.9864562 0.00732171
v 1.8649197 3.004215 0.007034025
v 2.0222583 2.9568858 0.059391327
v 2.0202866 2.9850354 0.010649395
v 2.1653094 2.9854577 0.00041914938
v 2.167281 2.9573083 0.049161203
v 2.3303854 2.9639904 0.07361715
v 2.3299224 3.004215 0.0039478303
v 2.3734746 2.9512608 0.05128309
v 2.3731585 2.9787586 0.0036609934
v 1.8653821 2.88354 0.07670328
v 1.8219231 2.8924205 0.061611842
v 1.8219231 2.955111 0.061611842
v 1.8653821 2.9639904 0.07670344
v 2.0224557 2.9005883 0.059377518
v 2.0222583 2.9568858 0.059391327
v 2.167281 2.9573083 0.049161203
v 2.1674786 2.901012 0.049147204
v 2.3303854 2.88354 0.07361715
v 2.3303854 2.9639904 0.07361715
v 2.3734746 2.8962696 0.05128309
v 2.3734746 2.9512608 0.05128309
v 1.8649197 2.8433166 0.007034025
v 1.8215628 2.8610742 0.00732171
v 1.8219231 2.8924205 0.061611842
v 1.8653821 2.88354 0.07670328
v 2.020682 2.872439 0.010621415
v 2.0224557 2.9005883 0.059377518
v 2.1674786 2.901012 0.049147204
v 2.165705 2.8728626 0.00039108275
v 2.3299224 2.8433166 0.0039478303
v 2.3303854 2.88354 0.07361715
v 2.3731585 2.8687732 0.003661003
v 2.3734746 2.8962696 0.05128309
v 1.8644574 2.88354 -0.06263526
v 1.8212024 2.8924205 -0.04696842
v 1.8215628 2.8610742 0.00732171
v 1.8649197 2.8433166 0.007034025
v 2.0187106 2.9005883 -0.038120758
v 2.020682 2.872439 0.010621415
v 2.165705 2.8728626 0.00039108275
v 2.1637335 2.901012 -0.048350915
v 2.3294604 2.88354 -0.0657216
v 2.3299224 2.8433166 0.0039478303
v 2.3728423 2.8962696 -0.0439614
v 2.3731585 2.8687732 0.003661003
v 2.3294604 2.88354 -0.0657216
v 2.3728423 2.8962696 -0.0439614
v 2.3728423 2.9512608 -0.0439614
v 2.3294604 2.9639904 -0.0657216
v 1.3105655 3.004215 0.0031255435
v 1.2669672 2.9864562 0.003392267
v 1.2665783 2.955111 -0.050900344
v 1.3100665 2.9639904 -0.06654694
v 1.4667999 2.9850354 0.0068167206
v 1.4649923 2.9568858 -0.041942194
v 1.6108184 2.9573083 -0.052102223
v 1.6126257 2.9854577 -0.003343172
v 1.7781582 3.004215 0.000265913
v 1.7776593 2.9639904 -0.06940671
v 1.8212936 2.9512608 -0.047624577
v 1.8216345 2.9787586 0
v 1.3110645 2.9639904 0.07279802
v 1.2673559 2.955111 0.057684727
v 1.2669672 2.9864562 0.003392267
v 1.3105655 3.004215 0.0031255435
v 1.4688061 2.9568858 0.05556177
v 1.4667999 2.9850354 0.0068167206
v 1.6126257 2.9854577 -0.003343172
v 1.6146319 2.9573083 0.04540188
v 1.7786572 2.9639904 0.06993839
v 1.7781582 3.004215 0.000265913
v 1.8219757 2.9512608 0.047624283
v 1.8216345 2.9787586 0
v 1.3110645 2.88354 0.072798006
v 1.2673559 2.8924205 0.057684727
v 1.2673559 2.955111 0.057684727
v 1.3110645 2.9639904 0.07279802
v 1.4690048 2.9005883 0.05554794
v 1.4688061 2.9568858 0.05556177
v 1.6146319 2.9573083 0.04540188
v 1.6148309 2.901012 0.04538801
v 1.7786572 2.88354 0.06993839
v 1.7786572 2.9639904 0.06993839
v 1.8219757 2.8962696 0.047624435
v 1.8219757 2.9512608 0.047624283
v 1.3105655 2.8433166 0.0031255435
v 1.2669672 2.8610742 0.003392267
v 1.2673559 2.8924205 0.057684727
v 1.3110645 2.88354 0.072798006
v 1.4671975 2.872439 0.0067890263
v 1.4690048 2.9005883 0.05554794
v 1.6148309 2.901012 0.04538801
v 1.6130233 2.8728626 -0.003371029
v 1.7781582 2.8433166 0.0002657604
v 1.7786572 2.88354 0.06993839
v 1.8216348 2.8687732 9.536743E-09
v 1.8219757 2.8962696 0.047624435
v 1.3100665 2.88354 -0.06654708
v 1.2665783 2.8924205 -0.050900344
v 1.2669672 2.8610742 0.003392267
v 1.3105655 2.8433166 0.0031255435
v 1.4651914 2.9005883 -0.041956034
v 1.4671975 2.872439 0.0067890263
v 1.6130233 2.8728626 -0.003371029
v 1.6110171 2.901012 -0.052116077
v 1.7776593 2.88354 -0.06940671
v 1.7781582 2.8433166 0.0002657604
v 1.8212936 2.8962696 -0.047624577
v 1.8216348 2.8687732 9.536743E-09
v 0.7558984 3.004215 0.006517668
v 0.71229976 2.9864562 0.006784229
v 0.7119116 2.955111 -0.0475084
v 0.75539917 2.9639904 -0.063154824
v 0.91213286 2.9850354 0.010208931
v 0.9103247 2.9568858 -0.038550224
v 1.0561512 2.9573083 -0.048710115
v 1.0579584 2.9854577 4.8942566E-05
v 1.2234908 3.004215 0.0036580276
v 1.222992 2.9639904 -0.0660146
v 1.2666262 2.9512608 -0.044232327
v 1.2669672 2.9787586 0.0033922577
v 0.75639766 2.9639904 0.07619026
v 0.71268857 2.955111 0.06107685
v 0.71229976 2.9864562 0.006784229
v 0.7558984 3.004215 0.006517668
v 0.9141388 2.9568858 0.058953892
v 0.91213286 2.9850354 0.010208931
v 1.0579584 2.9854577 4.8942566E-05
v 1.0599645 2.9573083 0.04879404
v 1.2239898 2.9639904 0.07333055
v 1.2234908 3.004215 0.0036580276
v 1.2673084 2.9512608 0.05101654
v 1.2669672 2.9787586 0.0033922577
v 0.75639766 2.88354 0.07619011
v 0.71268857 2.8924205 0.06107685
v 0.71268857 2.955111 0.06107685
v 0.75639766 2.9639904 0.07619026
v 0.91433775 2.9005883 0.05894018
v 0.9141388 2.9568858 0.058953892
v 1.0599645 2.9573083 0.04879404
v 1.0601635 2.901012 0.048780136
v 1.2239898 2.88354 0.07333055
v 1.2239898 2.9639904 0.07333055
v 1.2673084 2.8962696 0.05101654
v 1.2673084 2.9512608 0.05101654
v 0.7558984 2.8433166 0.006517668
v 0.71229976 2.8610742 0.006784229
v 0.71268857 2.8924205 0.06107685
v 0.75639766 2.88354 0.07619011
v 0.9125305 2.872439 0.010181141
v 0.91433775 2.9005883 0.05894018
v 1.0601635 2.901012 0.048780136
v 1.058356 2.8728626 2.1076203E-05
v 1.2234908 2.8433166 0.0036580276
v 1.2239898 2.88354 0.07333055
v 1.2669672 2.8687732 0.003392267
v 1.2673084 2.8962696 0.05101654
v 0.75539917 2.88354 -0.063154824
v 0.7119116 2.8924205 -0.0475084
v 0.71229976 2.8610742 0.006784229
v 0.7558984 2.8433166 0.006517668
v 0.91052395 2.9005883 -0.03856407
v 0.9125305 2.872439 0.010181141
v 1.058356 2.8728626 2.1076203E-05
v 1.0563498 2.901012 -0.048723962
v 1.222992 2.88354 -0.0660146
v 1.2234908 2.8433166 0.0036580276
v 1.2666262 2.8962696 -0.044232327
v 1.2669672 2.8687732 0.003392267
v 0.20316467 3.004215 0.0033731556
v 0.15980774 2.9864562 0.003661003
v 0.15944763 2.955111 -0.05062912
v 0.20270263 2.9639904 -0.06629613
v 0.35853148 2.9850354 0.0069884392
v 0.3567578 2.9568858 -0.04176753
v 0.5017804 2.9573083 -0.051997814
v 0.5035547 2.9854577 -0.0032417106
v 0.6681677 3.004215 0.00028697014
v 0.66770566 2.9639904 -0.06938245
v 0.71108764 2.9512608 -0.047622394
v 0.7114038 2.9787586 0
v 0.2036267 2.9639904 0.07304243
v 0.16016845 2.955111 0.057950974
v 0.15980774 2.9864562 0.003661003
v 0.20316467 3.004215 0.0033731556
v 0.36050293 2.9568858 0.055730455
v 0.35853148 2.9850354 0.0069884392
v 0.5035547 2.9854577 -0.0032417106
v 0.5055255 2.9573083 0.045500297
v 0.66863036 2.9639904 0.069956236
v 0.6681677 3.004215 0.00028697014
v 0.71171933 2.9512608 0.047622107
v 0.7114038 2.9787586 0
v 0.2036267 2.88354 0.07304243
v 0.16016845 2.8924205 0.057950974
v 0.16016845 2.955111 0.057950974
v 0.2036267 2.9639904 0.07304243
v 0.36070067 2.9005883 0.055716515
v 0.36050293 2.9568858 0.055730455
v 0.5055255 2.9573083 0.045500297
v 0.5057239 2.901012 0.045486335
v 0.66863036 2.88354 0.069956236
v 0.66863036 2.9639904 0.069956236
v 0.71171933 2.8962696 0.04762226
v 0.71171933 2.9512608 0.047622107
v 0.20316467 2.8433166 0.0033731556
v 0.15980774 2.8610742 0.003661003
v 0.16016845 2.8924205 0.057950974
v 0.2036267 2.88354 0.07304243
v 0.35892698 2.872439 0.006960554
v 0.36070067 2.9005883 0.055716515
v 0.5057239 2.901012 0.045486335
v 0.5039502 2.8728626 -0.003269758
v 0.6681677 2.8433166 0.0002868271
v 0.66863036 2.88354 0.069956236
v 0.7114038 2.8687732 0
v 0.71171933 2.8962696 0.04762226
v 0.20270263 2.88354 -0.06629627
v 0.15944763 2.8924205 -0.05062912
v 0.15980774 2.8610742 0.003661003
v 0.20316467 2.8433166 0.0033731556
v 0.35695556 2.9005883 -0.041781463
v 0.35892698 2.872439 0.006960554
v 0.5039502 2.8728626 -0.003269758
v 0.50197875 2.901012 -0.052011766
v 0.66770566 2.88354 -0.06938245
v 0.6681677 2.8433166 0.0002868271
v 0.71108764 2.8962696 -0.047622394
v 0.7114038 2.8687732 0
v -0.34843078 3.004215 0.007034025
v -0.3917877 2.9864562 0.00732171
v -0.39214844 2.955111 -0.04696842
v -0.34889343 2.9639904 -0.06263526
v -0.19306396 2.9850354 0.010649395
v -0.19483826 2.9568858 -0.03810682
v -0.049815062 2.9573083 -0.048336964
v -0.04804138 2.9854577 0.00041914938
v 0.11657226 3.004215 0.0039478303
v 0.11610962 2.9639904 -0.0657216
v 0.15949157 2.9512608 -0.0439614
v 0.15980774 2.9787586 0.0036609934
v -0.34796873 2.9639904 0.07670344
v -0.3914276 2.955111 0.061611842
v -0.3917877 2.9864562 0.00732171
v -0.34843078 3.004215 0.007034025
v -0.19109252 2.9568858 0.059391327
v -0.19306396 2.9850354 0.010649395
v -0.04804138 2.9854577 0.00041914938
v -0.046070557 2.9573083 0.049161203
v 0.1170343 2.9639904 0.07361715
v 0.11657226 3.004215 0.0039478303
v 0.1601239 2.9512608 0.05128309
v 0.15980774 2.9787586 0.0036609934
v -0.34796873 2.88354 0.07670328
v -0.3914276 2.8924205 0.061611842
v -0.3914276 2.955111 0.061611842
v -0.34796873 2.9639904 0.07670344
v -0.19089477 2.9005883 0.059377518
v -0.19109252 2.9568858 0.059391327
v -0.046070557 2.9573083 0.049161203
v -0.045871582 2.901012 0.049147204
v 0.1170343 2.88354 0.07361715
v 0.1170343 2.9639904 0.07361715
v 0.1601239 2.8962696 0.05128309
v 0.1601239 2.9512608 0.05128309
v -0.34843078 2.8433166 0.007034025
v -0.3917877 2.8610742 0.00732171
v -0.3914276 2.8924205 0.061611842
v -0.34796873 2.88354 0.07670328
v -0.19266845 2.872439 0.010621415
v -0.19089477 2.9005883 0.059377518
v -0.045871582 2.901012 0.049147204
v -0.04764648 2.8728626 0.00039108275
v 0.11657226 2.8433166 0.0039478303
v 0.1170343 2.88354 0.07361715
v 0.15980774 2.8687732 0.003661003
v 0.1601239 2.8962696 0.05128309
v -0.34889343 2.88354 -0.06263526
v -0.39214844 2.8924205 -0.04696842
v -0.3917877 2.8610742 0.00732171
v -0.34843078 2.8433166 0.007034025
v -0.19463989 2.9005883 -0.038120758
v -0.19266845 2.872439 0.010621415
v -0.04764648 2.8728626 0.00039108275
v -0.04961731 2.901012 -0.048350915
v 0.11610962 2.88354 -0.0657216
v 0.11657226 2.8433166 0.0039478303
v 0.15949157 2.8962696 -0.0439614
v 0.15980774 2.8687732 0.003661003
v -0.34889343 2.9639904 -0.06263526
v -0.39214844 2.955111 -0.04696842
v -0.39214844 2.8924205 -0.04696842
v -0.34889343 2.88354 -0.06263526
v -0.22544922 1.6385994 0.0045802975
v -0.243208 1.6807791 0.004971123
v -0.2745532 1.6810008 -0.04930685
v -0.26567382 1.6388836 -0.0650734
v -0.2446289 1.4874616 0.007825604
v -0.2727783 1.4890714 -0.040916022
v -0.27235594 1.3479636 -0.051488828
v -0.24420653 1.3463538 -0.002747078
v -0.22544922 1.1862202 0.00038966179
v -0.26567382 1.1865044 -0.06926418
v -0.2784033 1.1443526 -0.04761174
v -0.25090575 1.1441582 0
v -0.26567382 1.6383151 0.07423399
v -0.2745532 1.6805577 0.05924896
v -0.243208 1.6807791 0.004971123
v -0.22544922 1.6385994 0.0045802975
v -0.2727783 1.4856595 0.05655279
v -0.2446289 1.4874616 0.007825604
v -0.24420653 1.3463538 -0.002747078
v -0.27235594 1.3445517 0.04598011
v -0.26567382 1.1859357 0.070043355
v -0.22544922 1.1862202 0.00038966179
v -0.2784033 1.1439639 0.047611445
v -0.25090575 1.1441582 0
v -0.34612426 1.6383152 0.07423399
v -0.33724365 1.6805577 0.05924896
v -0.2745532 1.6805577 0.05924896
v -0.26567382 1.6383151 0.07423399
v -0.32907593 1.4854671 0.056538388
v -0.2727783 1.4856595 0.05655279
v -0.27235594 1.3445517 0.04598011
v -0.32865232 1.3443593 0.04596569
v -0.34612426 1.1859357 0.070043355
v -0.26567382 1.1859357 0.070043355
v -0.33339477 1.143964 0.047611598
v -0.2784033 1.1439639 0.047611445
v -0.38634765 1.6385994 0.0045802975
v -0.3685901 1.6807791 0.004971123
v -0.33724365 1.6805577 0.05924896
v -0.34612426 1.6383152 0.07423399
v -0.35722533 1.4870766 0.0077967835
v -0.32907593 1.4854671 0.056538388
v -0.32865232 1.3443593 0.04596569
v -0.35680175 1.345969 -0.00277606
v -0.38634765 1.1862199 0.00038951874
v -0.34612426 1.1859357 0.070043355
v -0.3608911 1.1441582 9.536743E-09
v -0.33339477 1.143964 0.047611598
v -0.34612426 1.6388836 -0.06507355
v -0.33724365 1.6810008 -0.04930685
v -0.3685901 1.6807791 0.004971123
v -0.38634765 1.6385994 0.0045802975
v -0.32907593 1.4888788 -0.040930424
v -0.35722533 1.4870766 0.0077967835
v -0.35680175 1.345969 -0.00277606
v -0.32865232 1.3477709 -0.05150325
v -0.34612426 1.1865044 -0.06926418
v -0.38634765 1.1862199 0.00038951874
v -0.33339477 1.1443526 -0.04761174
v -0.3608911 1.1441582 9.536743E-09
v -0.22544922 2.1752203 0.009551287
v -0.243208 2.2174003 0.009941949
v -0.2745532 2.2176218 -0.04433604
v -0.26567382 2.1755044 -0.060102414
v -0.2446289 2.0240824 0.012796668
v -0.2727783 2.0256925 -0.03594519
v -0.27235594 1.8845843 -0.046517856
v -0.24420653 1.8829745 0.0022239017
v -0.22544922 1.7228411 0.0053606415
v -0.26567382 1.7231252 -0.06429321
v -0.2784033 1.6809735 -0.042640626
v -0.25090575 1.6807793 0.004971113
v -0.26567382 2.174936 0.07920511
v -0.2745532 2.2171786 0.06421993
v -0.243208 2.2174003 0.009941949
v -0.22544922 2.1752203 0.009551287
v -0.2727783 2.0222802 0.06152378
v -0.2446289 2.0240824 0.012796668
v -0.24420653 1.8829745 0.0022239017
v -0.27235594 1.8811725 0.05095114
v -0.26567382 1.7225567 0.07501438
v -0.22544922 1.7228411 0.0053606415
v -0.2784033 1.6805848 0.05258257
v -0.25090575 1.6807793 0.004971113
v -0.34612426 2.174936 0.07920496
v -0.33724365 2.2171786 0.06421993
v -0.2745532 2.2171786 0.06421993
v -0.26567382 2.174936 0.07920511
v -0.32907593 2.022088 0.061509512
v -0.2727783 2.0222802 0.06152378
v -0.27235594 1.8811725 0.05095114
v -0.32865232 1.8809801 0.05093668
v -0.34612426 1.7225567 0.07501438
v -0.26567382 1.7225567 0.07501438
v -0.33339477 1.6805848 0.05258257
v -0.2784033 1.6805848 0.05258257
v -0.38634765 2.1752203 0.009551287
v -0.3685901 2.2174003 0.009941949
v -0.33724365 2.2171786 0.06421993
v -0.34612426 2.174936 0.07920496
v -0.35722533 2.0236976 0.012767754
v -0.32907593 2.022088 0.061509512
v -0.32865232 1.8809801 0.05093668
v -0.35680175 1.8825899 0.0021949005
v -0.38634765 1.7228411 0.0053606415
v -0.34612426 1.7225567 0.07501438
v -0.3608911 1.6807791 0.004971123
v -0.33339477 1.6805848 0.05258257
v -0.34612426 2.1755044 -0.060102414
v -0.33724365 2.2176218 -0.04433604
v -0.3685901 2.2174003 0.009941949
v -0.38634765 2.1752203 0.009551287
v -0.32907593 2.0254998 -0.035959598
v -0.35722533 2.0236976 0.012767754
v -0.35680175 1.8825899 0.0021949005
v -0.32865232 1.884392 -0.046532277
v -0.34612426 1.7231252 -0.06429321
v -0.38634765 1.7228411 0.0053606415
v -0.33339477 1.6809735 -0.042640626
v -0.3608911 1.6807791 0.004971123
v -0.22544922 2.8459315 0.010254478
v -0.243208 2.8988702 0.009703884
v -0.2745532 2.9003603 -0.044685107
v -0.26567382 2.8478441 -0.059541672
v -0.2446289 2.65614 0.016881619
v -0.2727783 2.6592495 -0.031991426
v -0.27235594 2.4823565 -0.039433327
v -0.24420653 2.4792473 0.009439621
v -0.22544922 2.2781663 0.01615881
v -0.26567382 2.2800786 -0.053637464
v -0.2784033 2.2266834 -0.031001195
v -0.25090575 2.2253761 0.016707897
v -0.26567382 2.8440194 0.08005075
v -0.2745532 2.8973796 0.06409288
v -0.243208 2.8988702 0.009703884
v -0.22544922 2.8459315 0.010254478
v -0.2727783 2.6527896 0.06574419
v -0.2446289 2.65614 0.016881619
v -0.24420653 2.4792473 0.009439621
v -0.27235594 2.4758973 0.058302324
v -0.26567382 2.2762537 0.08595501
v -0.22544922 2.2781663 0.01615881
v -0.2784033 2.2240686 0.06441674
v -0.25090575 2.2253761 0.016707897
v -0.34612426 2.8440192 0.0800506
v -0.33724365 2.8973796 0.06409288
v -0.2745532 2.8973796 0.06409288
v -0.26567382 2.8440194 0.08005075
v -0.32907593 2.6525488 0.06573419
v -0.2727783 2.6527896 0.06574419
v -0.27235594 2.4758973 0.058302324
v -0.32865232 2.4756558 0.05829212
v -0.34612426 2.2762537 0.08595501
v -0.26567382 2.2762537 0.08595501
v -0.33339477 2.2240686 0.06441674
v -0.2784033 2.2240686 0.06441674
v -0.38634765 2.8459315 0.010254478
v -0.3685901 2.8988702 0.009703884
v -0.33724365 2.8973796 0.06409288
v -0.34612426 2.8440192 0.0800506
v -0.35722533 2.6556575 0.016861249
v -0.32907593 2.6525488 0.06573419
v -0.32865232 2.4756558 0.05829212
v -0.35680175 2.4787652 0.009419155
v -0.38634765 2.2781663 0.01615881
v -0.34612426 2.2762537 0.08595501
v -0.3608911 2.225376 0.016707934
v -0.33339477 2.2240686 0.06441674
v -0.34612426 2.8478441 -0.059541672
v -0.33724365 2.9003603 -0.044685107
v -0.3685901 2.8988702 0.009703884
v -0.38634765 2.8459315 0.010254478
v -0.32907593 2.659008 -0.03200155
v -0.35722533 2.6556575 0.016861249
v -0.35680175 2.4787652 0.009419155
v -0.32865232 2.4821155 -0.039443474
v -0.34612426 2.2800786 -0.053637464
v -0.38634765 2.2781663 0.01615881
v -0.33339477 2.2266834 -0.031001195
v -0.3608911 2.225376 0.016707934
v 1.8504717 1.161305 0.0044526863
v 1.8059078 1.143546 0.004634781
v 1.8054049 1.112201 -0.049667817
v 1.8498266 1.1210803 -0.06523258
v 2.0101752 1.1421252 0.008447456
v 2.008233 1.1139759 -0.040323477
v 2.1572711 1.1143982 -0.050202377
v 2.1592126 1.1425476 -0.0014315414
v 2.3284202 1.161305 0.0024990558
v 2.3277752 1.1210803 -0.067186356
v 2.3724182 1.1083509 -0.04531579
v 2.3728595 1.1358484 0.0023175238
v 1.8511165 1.1210803 0.074138075
v 1.8064104 1.112201 0.05893735
v 1.8059078 1.143546 0.004634781
v 1.8504717 1.161305 0.0044526863
v 2.0123205 1.1139759 0.057204597
v 2.0101752 1.1421252 0.008447456
v 2.1592126 1.1425476 -0.0014315414
v 2.1613574 1.1143982 0.047325715
v 2.329065 1.1210803 0.072184384
v 2.3284202 1.161305 0.0024990558
v 2.3733003 1.1083509 0.04995055
v 2.3728595 1.1358484 0.0023175238
v 1.8511165 1.0406299 0.074137926
v 1.8064104 1.0495105 0.05893735
v 1.8064104 1.112201 0.05893735
v 1.8511165 1.1210803 0.074138075
v 2.0125232 1.0576782 0.057191245
v 2.0123205 1.1139759 0.057204597
v 2.1613574 1.1143982 0.047325715
v 2.1615613 1.0581018 0.047312193
v 2.329065 1.0406299 0.072184384
v 2.329065 1.1210803 0.072184384
v 2.3733003 1.0533594 0.04995055
v 2.3733003 1.1083509 0.04995055
v 1.8504717 1.0004065 0.0044526863
v 1.8059078 1.018164 0.004634781
v 1.8064104 1.0495105 0.05893735
v 1.8511165 1.0406299 0.074137926
v 2.0105817 1.0295289 0.0084204385
v 2.0125232 1.0576782 0.057191245
v 2.1615613 1.0581018 0.047312193
v 2.159619 1.0299524 -0.0014586544
v 2.3284202 1.0004065 0.0024990558
v 2.329065 1.0406299 0.072184384
v 2.3728595 1.025863 0.0023175336
v 2.3733003 1.0533594 0.04995055
v 1.8498266 1.0406299 -0.06523258
v 1.8054049 1.0495105 -0.049667817
v 1.8059078 1.018164 0.004634781
v 1.8504717 1.0004065 0.0044526863
v 2.0084362 1.0576782 -0.04033692
v 2.0105817 1.0295289 0.0084204385
v 2.159619 1.0299524 -0.0014586544
v 2.157474 1.0581018 -0.050215844
v 2.3277752 1.0406299 -0.067186356
v 2.3284202 1.0004065 0.0024990558
v 2.3724182 1.0533594 -0.04531579
v 2.3728595 1.025863 0.0023175336
v 2.3277752 1.0406299 -0.067186356
v 2.3724182 1.0533594 -0.04531579
v 2.3724182 1.1083509 -0.04531579
v 2.3277752 1.1210803 -0.067186356
v 2.3770823 1.4947932 0.012084235
v 2.3593237 1.529656 0.013115215
v 2.3279784 1.5290148 -0.041087274
v 2.3368578 1.4939703 -0.05747258
v 2.3579028 1.3699439 0.013029603
v 2.3297534 1.3705337 -0.035622787
v 2.3301756 1.253763 -0.04832483
v 2.3583252 1.2531731 0.00032770156
v 2.3770823 1.120888 0.0010280226
v 2.3368578 1.1200649 -0.06852894
v 2.3241284 1.08556 -0.04754552
v 2.351626 1.0861226 0
v 2.3368578 1.4956163 0.08164106
v 2.3279784 1.5302975 0.06731754
v 2.3593237 1.529656 0.013115215
v 2.3770823 1.4947932 0.012084235
v 2.3297534 1.3691946 0.061664674
v 2.3579028 1.3699439 0.013029603
v 2.3583252 1.2531731 0.00032770156
v 2.3301756 1.252424 0.048962764
v 2.3368578 1.121711 0.07058483
v 2.3770823 1.120888 0.0010280226
v 2.3241284 1.0866851 0.04754522
v 2.351626 1.0861226 0
v 2.2564075 1.4956164 0.08164104
v 2.265288 1.5302975 0.06731754
v 2.3279784 1.5302975 0.06731754
v 2.3368578 1.4956163 0.08164106
v 2.2734559 1.3690355 0.061647374
v 2.3297534 1.3691946 0.061664674
v 2.3301756 1.252424 0.048962764
v 2.2738793 1.2522647 0.048945446
v 2.2564075 1.121711 0.07058483
v 2.3368578 1.121711 0.07058483
v 2.269137 1.0866851 0.047545373
v 2.3241284 1.0866851 0.04754522
v 2.2161841 1.4947932 0.012084235
v 2.2339416 1.529656 0.013115215
v 2.265288 1.5302975 0.06731754
v 2.2564075 1.4956164 0.08164104
v 2.2453063 1.3696253 0.012994976
v 2.2734559 1.3690355 0.061647374
v 2.2738793 1.2522647 0.048945446
v 2.24573 1.2528546 0.00029292106
v 2.2161841 1.1208879 0.0010278701
v 2.2564075 1.121711 0.07058483
v 2.2416406 1.0861225 9.536743E-09
v 2.269137 1.0866851 0.047545373
v 2.2564075 1.4939702 -0.057472724
v 2.265288 1.5290148 -0.041087274
v 2.2339416 1.529656 0.013115215
v 2.2161841 1.4947932 0.012084235
v 2.2734559 1.3703744 -0.0356401
v 2.2453063 1.3696253 0.012994976
v 2.24573 1.2528546 0.00029292106
v 2.2738793 1.2536038 -0.04834215
v 2.2564075 1.1200649 -0.06852894
v 2.2161841 1.1208879 0.0010278701
v 2.269137 1.08556 -0.04754552
v 2.2416406 1.0861225 9.536743E-09
v 2.2564075 1.1200649 -0.06852894
v 2.269137 1.08556 -0.04754552
v 2.3241284 1.08556 -0.04754552
v 2.3368578 1.1200649 -0.06852894
v 2.3770823 1.9383268 0.025199298
v 2.3593237 1.9731898 0.026230125
v 2.3279784 1.9725485 -0.027972374
v 2.3368578 1.9375038 -0.04435752
v 2.3579028 1.8134773 0.026144752
v 2.3297534 1.8140674 -0.022507876
v 2.3301756 1.6972966 -0.03520977
v 2.3583252 1.6967067 0.013442764
v 2.3770823 1.5644217 0.014143085
v 2.3368578 1.5635984 -0.055413894
v 2.3241284 1.5290936 -0.03443032
v 2.351626 1.5296563 0.013115196
v 2.3368578 1.9391501 0.09475626
v 2.3279784 1.9738312 0.0804326
v 2.3593237 1.9731898 0.026230125
v 2.3770823 1.9383268 0.025199298
v 2.3297534 1.8127283 0.07477975
v 2.3579028 1.8134773 0.026144752
v 2.3583252 1.6967067 0.013442764
v 2.3301756 1.6959577 0.062077884
v 2.3368578 1.5652446 0.08369995
v 2.3770823 1.5644217 0.014143085
v 2.3241284 1.5302187 0.060660437
v 2.351626 1.5296563 0.013115196
v 2.2564075 1.9391501 0.094756104
v 2.265288 1.9738312 0.0804326
v 2.3279784 1.9738312 0.0804326
v 2.3368578 1.9391501 0.09475626
v 2.2734559 1.8125691 0.07476257
v 2.3297534 1.8127283 0.07477975
v 2.3301756 1.6959577 0.062077884
v 2.2738793 1.6957983 0.062060528
v 2.2564075 1.5652446 0.08369995
v 2.3368578 1.5652446 0.08369995
v 2.269137 1.5302187 0.060660437
v 2.3241284 1.5302187 0.060660437
v 2.2161841 1.9383268 0.025199298
v 2.2339416 1.9731898 0.026230125
v 2.265288 1.9738312 0.0804326
v 2.2564075 1.9391501 0.094756104
v 2.2453063 1.8131589 0.026110038
v 2.2734559 1.8125691 0.07476257
v 2.2738793 1.6957983 0.062060528
v 2.24573 1.6963884 0.013407963
v 2.2161841 1.5644217 0.014143085
v 2.2564075 1.5652446 0.08369995
v 2.2416406 1.529656 0.013115215
v 2.269137 1.5302187 0.060660437
v 2.2564075 1.9375038 -0.04435752
v 2.265288 1.9725485 -0.027972374
v 2.2339416 1.9731898 0.026230125
v 2.2161841 1.9383268 0.025199298
v 2.2734559 1.813908 -0.022525186
v 2.2453063 1.8131589 0.026110038
v 2.24573 1.6963884 0.013407963
v 2.2738793 1.6971374 -0.035227086
v 2.2564075 1.5635984 -0.055413894
v 2.2161841 1.5644217 0.014143085
v 2.269137 1.5290936 -0.03443032
v 2.2416406 1.529656 0.013115215
v 2.3770823 2.3776207 0.011501216
v 2.3593237 2.413052 0.012482452
v 2.3279784 2.412478 -0.041725893
v 2.3368578 2.3768837 -0.058063135
v 2.3579028 2.2507288 0.012625273
v 2.3297534 2.251398 -0.036034048
v 2.3301756 2.1327364 -0.04857066
v 2.3583252 2.1320672 8.880615E-05
v 2.3770823 1.9976186 0.0009784221
v 2.3368578 1.9968814 -0.068586074
v 2.3241284 1.9617823 -0.047550667
v 2.351626 1.9622862 -9.536743E-09
v 2.3368578 2.378358 0.08106556
v 2.3279784 2.4136267 0.06669065
v 2.3593237 2.413052 0.012482452
v 2.3770823 2.3776207 0.011501216
v 2.3297534 2.249898 0.061267506
v 2.3579028 2.2507288 0.012625273
v 2.3583252 2.1320672 8.880615E-05
v 2.3301756 2.1312363 0.04873102
v 2.3368578 1.9983554 0.07054275
v 2.3770823 1.9976186 0.0009784221
v 2.3241284 1.9627899 0.047550373
v 2.351626 1.9622862 -9.536743E-09
v 2.2161841 2.3776207 0.011501216
v 2.2339416 2.413052 0.012482452
v 2.265288 2.4136267 0.06669065
v 2.2564075 2.378358 0.08106556
v 2.2453063 2.2504053 0.012591095
v 2.2734559 2.249736 0.06125042
v 2.2738793 2.1310744 0.04871393
v 2.24573 2.1317437 5.4473876E-05
v 2.2161841 1.9976183 0.0009782695
v 2.2564075 1.9983554 0.07054275
v 2.2416406 1.962286 0
v 2.269137 1.9627899 0.047550526
v 2.2564075 2.3768837 -0.058063276
v 2.265288 2.412478 -0.041725893
v 2.2339416 2.413052 0.012482452
v 2.2161841 2.3776207 0.011501216
v 2.2734559 2.2512362 -0.03605113
v 2.2453063 2.2504053 0.012591095
v 2.24573 2.1317437 5.4473876E-05
v 2.2738793 2.1325746 -0.048587758
v 2.2564075 1.9968814 -0.068586074
v 2.2161841 1.9976183 0.0009782695
v 2.269137 1.9617823 -0.047550667
v 2.2416406 1.962286 0
v 2.3368578 1.9983554 0.07054275
v 2.3241284 1.9627899 0.047550373
v 2.269137 1.9627899 0.047550526
v 2.2564075 1.9983554 0.07054275
v 2.3301756 2.1312363 0.04873102
v 2.2738793 2.1310744 0.04871393
v 2.2734559 2.249736 0.06125042
v 2.3297534 2.249898 0.061267506
v 2.3368578 2.378358 0.08106556
v 2.2564075 2.378358 0.08106556
v 2.3279784 2.4136267 0.06669065
v 2.296632 2.413052 0.012482452
v 2.3593237 2.413052 0.012482452
v 2.265288 2.4136267 0.06669065
v 2.2339416 2.413052 0.012482452
v 2.265288 2.412478 -0.041725893
v 2.2416406 2.413052 0.012482452
v 2.296632 2.413052 0.012482452
v 2.269137 2.4125483 -0.035068225
v 2.269137 2.4135559 0.060032826
v 2.3241284 2.4135559 0.060032826
v 2.351626 2.4130523 0.012482443
v 2.3770823 2.8283868 0.023983534
v 2.3593237 2.863818 0.024964618
v 2.3279784 2.863244 -0.029243754
v 2.3368578 2.8276494 -0.045580823
v 2.3579028 2.7014947 0.025107669
v 2.3297534 2.702164 -0.023551883
v 2.3301756 2.5835025 -0.036088347
v 2.3583252 2.5828333 0.012571115
v 2.3770823 2.4483843 0.013460731
v 2.3368578 2.4476473 -0.056103773
v 2.3241284 2.4125483 -0.035068225
v 2.351626 2.4130523 0.012482443
v 2.3368578 2.8291237 0.09354801
v 2.3279784 2.8643923 0.079172954
v 2.3593237 2.863818 0.024964618
v 2.3770823 2.8283868 0.023983534
v 2.3297534 2.7006638 0.073749825
v 2.3579028 2.7014947 0.025107669
v 2.3583252 2.5828333 0.012571115
v 2.3301756 2.5820024 0.061213378
v 2.3368578 2.4491215 0.08302513
v 2.3770823 2.4483843 0.013460731
v 2.3241284 2.4135559 0.060032826
v 2.351626 2.4130523 0.012482443
v 2.2564075 2.8291237 0.09354786
v 2.265288 2.8643923 0.079172954
v 2.3279784 2.8643923 0.079172954
v 2.3368578 2.8291237 0.09354801
v 2.2734559 2.7005022 0.073732875
v 2.3297534 2.7006638 0.073749825
v 2.3301756 2.5820024 0.061213378
v 2.2738793 2.5818405 0.06119625
v 2.2564075 2.4491215 0.08302513
v 2.3368578 2.4491215 0.08302513
v 2.269137 2.4135559 0.060032826
v 2.3241284 2.4135559 0.060032826
v 2.2161841 2.8283868 0.023983534
v 2.2339416 2.863818 0.024964618
v 2.265288 2.8643923 0.079172954
v 2.2564075 2.8291237 0.09354786
v 2.2453063 2.7011712 0.025073394
v 2.2734559 2.7005022 0.073732875
v 2.2738793 2.5818405 0.06119625
v 2.24573 2.5825098 0.012536764
v 2.2161841 2.4483843 0.013460731
v 2.2564075 2.4491215 0.08302513
v 2.2416406 2.413052 0.012482452
v 2.269137 2.4135559 0.060032826
v 2.2564075 2.8276494 -0.045580823
v 2.265288 2.863244 -0.029243754
v 2.2339416 2.863818 0.024964618
v 2.2161841 2.8283868 0.023983534
v 2.2734559 2.7020018 -0.023568973
v 2.2453063 2.7011712 0.025073394
v 2.24573 2.5825098 0.012536764
v 2.2738793 2.5833404 -0.03610546
v 2.2564075 2.4476473 -0.056103773
v 2.2161841 2.4483843 0.013460731
v 2.269137 2.4125483 -0.035068225
v 2.2416406 2.413052 0.012482452
v 0.08045166 0.48815155 0.0051305676
v 0.06269287 0.5297949 0.0055683325
v 0.031347655 0.5299532 -0.048704106
v 0.040227048 0.4883547 -0.06451604
v 0.061271973 0.33894148 0.008207207
v 0.03312256 0.34047645 -0.04052787
v 0.03354492 0.20115322 -0.051256817
v 0.061694335 0.19961831 -0.0025216006
v 0.08045166 0.041526847 0.00043647765
v 0.040227048 0.041729856 -0.06921026
v 0.027497558 0.00013881206 -0.047606885
v 0.054995116 6.198882E-08 0
v 0.040227048 0.4879485 0.074777156
v 0.031347655 0.5296366 0.05984063
v 0.06269287 0.5297949 0.0055683325
v 0.08045166 0.48815155 0.0051305676
v 0.03312256 0.33721665 0.05692765
v 0.061271973 0.33894148 0.008207207
v 0.061694335 0.19961831 -0.0025216006
v 0.03354492 0.19789343 0.046198815
v 0.040227048 0.041323744 0.070083074
v 0.08045166 0.041526847 0.00043647765
v 0.027497558 -0.00013881683 0.04760659
v 0.054995116 6.198882E-08 0
v -0.040223386 0.4879486 0.074777156
v -0.03134338 0.5296366 0.05984063
v 0.031347655 0.5296366 0.05984063
v 0.040227048 0.4879485 0.074777156
v -0.023175048 0.33702666 0.056913022
v 0.03312256 0.33721665 0.05692765
v 0.03354492 0.19789343 0.046198815
v -0.022751464 0.19770344 0.046184186
v -0.040223386 0.041323744 0.070083074
v 0.040227048 0.041323744 0.070083074
v -0.027493896 -0.00013880253 0.047606744
v 0.027497558 -0.00013881683 0.04760659
v -0.08044677 0.48815155 0.0051305676
v -0.06268921 0.5297949 0.0055683325
v -0.03134338 0.5296366 0.05984063
v -0.040223386 0.4879486 0.074777156
v -0.05132446 0.3385616 0.0081779575
v -0.023175048 0.33702666 0.056913022
v -0.022751464 0.19770344 0.046184186
v -0.050900877 0.19923837 -0.002551012
v -0.08044677 0.041526787 0.00043632506
v -0.040223386 0.041323744 0.070083074
v -0.054990232 -3.8146972E-08 9.536743E-09
v -0.027493896 -0.00013880253 0.047606744
v -0.040223386 0.48835468 -0.06451617
v -0.03134338 0.5299532 -0.048704106
v -0.06268921 0.5297949 0.0055683325
v -0.08044677 0.48815155 0.0051305676
v -0.023175048 0.34028646 -0.040542476
v -0.05132446 0.3385616 0.0081779575
v -0.050900877 0.19923837 -0.002551012
v -0.022751464 0.20096324 -0.051271446
v -0.040223386 0.041729856 -0.06921026
v -0.08044677 0.041526787 0.00043632506
v -0.027493896 0.000138793 -0.047606878
v -0.054990232 -3.8146972E-08 9.536743E-09
v 0.040227048 0.4883547 -0.06451604
v 0.031347655 0.5299532 -0.048704106
v -0.03134338 0.5299532 -0.048704106
v -0.040223386 0.48835468 -0.06451617
v 0.03312256 0.34047645 -0.04052787
v -0.023175048 0.34028646 -0.040542476
v -0.022751464 0.20096324 -0.051271446
v 0.03354492 0.20115322 -0.051256817
v 0.040227048 0.041729856 -0.06921026
v -0.040223386 0.041729856 -0.06921026
v 0.027497558 0.00013881206 -0.047606885
v -0.027493896 0.000138793 -0.047606878
v 0.08045166 1.0179464 0.010698748
v 0.06269287 1.0595897 0.01113636
v 0.031347655 1.059748 -0.0431361
v 0.040227048 1.0181495 -0.058947846
v 0.061271973 0.86873627 0.0137754725
v 0.03312256 0.8702714 -0.034959827
v 0.03354492 0.73094803 -0.045688637
v 0.061694335 0.72941303 0.0030465792
v 0.08045166 0.5713217 0.0060046576
v 0.040227048 0.5715247 -0.06364209
v 0.027497558 0.52993375 -0.042038564
v 0.054995116 0.529795 0.005568323
v 0.040227048 1.0177435 0.08034547
v 0.031347655 1.0594314 0.065408796
v 0.06269287 1.0595897 0.01113636
v 0.08045166 1.0179464 0.010698748
v 0.03312256 0.86701137 0.06249585
v 0.061271973 0.86873627 0.0137754725
v 0.061694335 0.72941303 0.0030465792
v 0.03354492 0.72768825 0.05176705
v 0.040227048 0.57111853 0.07565129
v 0.08045166 0.5713217 0.0060046576
v 0.027497558 0.52965605 0.053174924
v 0.054995116 0.529795 0.005568323
v -0.040223386 1.0177435 0.08034532
v -0.03134338 1.0594314 0.065408796
v 0.031347655 1.0594314 0.065408796
v 0.040227048 1.0177435 0.08034547
v -0.023175048 0.8668216 0.062481355
v 0.03312256 0.86701137 0.06249585
v 0.03354492 0.72768825 0.05176705
v -0.022751464 0.72749823 0.051752385
v -0.040223386 0.57111853 0.07565129
v 0.040227048 0.57111853 0.07565129
v -0.027493896 0.52965605 0.053174924
v 0.027497558 0.52965605 0.053174924
v -0.08044677 1.0179464 0.010698748
v -0.06268921 1.0595897 0.01113636
v -0.03134338 1.0594314 0.065408796
v -0.040223386 1.0177435 0.08034532
v -0.05132446 0.8683563 0.013746138
v -0.023175048 0.8668216 0.062481355
v -0.022751464 0.72749823 0.051752385
v -0.050900877 0.72903335 0.003017149
v -0.08044677 0.5713217 0.0060046576
v -0.040223386 0.57111853 0.07565129
v -0.054990232 0.5297949 0.0055683325
v -0.027493896 0.52965605 0.053174924
v -0.040223386 1.0181495 -0.058947846
v -0.03134338 1.059748 -0.0431361
v -0.06268921 1.0595897 0.01113636
v -0.08044677 1.0179464 0.010698748
v -0.023175048 0.87008125 -0.034974452
v -0.05132446 0.8683563 0.013746138
v -0.050900877 0.72903335 0.003017149
v -0.022751464 0.730758 -0.045703266
v -0.040223386 0.5715247 -0.06364209
v -0.08044677 0.5713217 0.0060046576
v -0.027493896 0.52993375 -0.042038564
v -0.054990232 0.5297949 0.0055683325
v 0.040227048 1.0181495 -0.058947846
v 0.031347655 1.059748 -0.0431361
v -0.03134338 1.059748 -0.0431361
v -0.040223386 1.0181495 -0.058947846
v 0.03312256 0.8702714 -0.034959827
v -0.023175048 0.87008125 -0.034974452
v -0.022751464 0.730758 -0.045703266
v 0.03354492 0.73094803 -0.045688637
v 0.040227048 0.5715247 -0.06364209
v -0.040223386 0.5715247 -0.06364209
v 0.027497558 0.52993375 -0.042038564
v -0.027493896 0.52993375 -0.042038564
v 2.3368578 2.378358 0.08106556
v 2.2564075 2.378358 0.08106556
v 2.265288 2.4136267 0.06669065
v 2.3279784 2.4136267 0.06669065
v -0.03134338 1.059748 -0.0431361
v 1.2207031E-06 1.0595897 0.01113636
v -0.06268921 1.0595897 0.01113636
v 0.031347655 1.059748 -0.0431361
v -0.03134338 1.0594314 0.065408796
v 0.06269287 1.0595897 0.01113636
v 0.031347655 1.0594314 0.065408796
v -0.03134338 0.5299532 -0.048704106
v 1.2207031E-06 0.5297949 0.0055683325
v -0.06268921 0.5297949 0.0055683325
v 0.031347655 0.5299532 -0.048704106
v -0.03134338 0.5296366 0.05984063
v 0.06269287 0.5297949 0.0055683325
v 0.031347655 0.5296366 0.05984063
v 2.265288 2.863244 -0.029243754
v 2.296632 2.863818 0.024964618
v 2.2339416 2.863818 0.024964618
v 2.3279784 2.863244 -0.029243754
v 2.265288 2.8643923 0.079172954
v 2.3593237 2.863818 0.024964618
v 2.3279784 2.8643923 0.079172954
v 2.265288 1.9725485 -0.027972374
v 2.296632 1.9731898 0.026230125
v 2.2339416 1.9731898 0.026230125
v 2.3279784 1.9725485 -0.027972374
v 2.265288 1.9738312 0.0804326
v 2.3593237 1.9731898 0.026230125
v 2.3279784 1.9738312 0.0804326
v 2.265288 1.5290148 -0.041087274
v 2.296632 1.529656 0.013115215
v 2.2339416 1.529656 0.013115215
v 2.3279784 1.5290148 -0.041087274
v 2.265288 1.5302975 0.06731754
v 2.3593237 1.529656 0.013115215
v 2.3279784 1.5302975 0.06731754
v 1.8054049 1.0495105 -0.049667817
v 1.8059078 1.0808545 0.004634781
v 1.8059078 1.018164 0.004634781
v 1.8054049 1.112201 -0.049667817
v 1.8064104 1.0495105 0.05893735
v 1.8059078 1.143546 0.004634781
v 1.8064104 1.112201 0.05893735
v -0.33724365 2.9003603 -0.044685107
v -0.30589965 2.8988702 0.009703884
v -0.3685901 2.8988702 0.009703884
v -0.2745532 2.9003603 -0.044685107
v -0.33724365 2.8973796 0.06409288
v -0.243208 2.8988702 0.009703884
v -0.2745532 2.8973796 0.06409288
v -0.33724365 2.2176218 -0.04433604
v -0.30589965 2.2174003 0.009941949
v -0.3685901 2.2174003 0.009941949
v -0.2745532 2.2176218 -0.04433604
v -0.33724365 2.2171786 0.06421993
v -0.243208 2.2174003 0.009941949
v -0.2745532 2.2171786 0.06421993
v -0.33724365 1.6810008 -0.04930685
v -0.30589965 1.6807791 0.004971123
v -0.3685901 1.6807791 0.004971123
v -0.2745532 1.6810008 -0.04930685
v -0.33724365 1.6805577 0.05924896
v -0.243208 1.6807791 0.004971123
v -0.2745532 1.6805577 0.05924896
v -0.39214844 2.8924205 -0.04696842
v -0.3917877 2.9237645 0.00732171
v -0.3917877 2.8610742 0.00732171
v -0.39214844 2.955111 -0.04696842
v -0.3914276 2.8924205 0.061611842
v -0.3917877 2.9864562 0.00732171
v -0.3914276 2.955111 0.061611842
v 0.15944763 2.8924205 -0.05062912
v 0.15980774 2.9237645 0.003661003
v 0.15980774 2.8610742 0.003661003
v 0.15944763 2.955111 -0.05062912
v 0.16016845 2.8924205 0.057950974
v 0.15980774 2.9864562 0.003661003
v 0.16016845 2.955111 0.057950974
v 0.7119116 2.8924205 -0.0475084
v 0.71229976 2.9237645 0.006784229
v 0.71229976 2.8610742 0.006784229
v 0.7119116 2.955111 -0.0475084
v 0.71268857 2.8924205 0.06107685
v 0.71229976 2.9864562 0.006784229
v 0.71268857 2.955111 0.06107685
v 1.2665783 2.8924205 -0.050900344
v 1.2669672 2.9237645 0.003392267
v 1.2669672 2.8610742 0.003392267
v 1.2665783 2.955111 -0.050900344
v 1.2673559 2.8924205 0.057684727
v 1.2669672 2.9864562 0.003392267
v 1.2673559 2.955111 0.057684727
v 1.8212024 2.8924205 -0.04696842
v 1.8215628 2.9237645 0.00732171
v 1.8215628 2.8610742 0.00732171
v 1.8212024 2.955111 -0.04696842
v 1.8219231 2.8924205 0.061611842
v 1.8215628 2.9864562 0.00732171
v 1.8219231 2.955111 0.061611842
v -0.39214844 1.0495105 -0.04696842
v -0.3917877 1.0808545 0.00732171
v -0.3917877 1.018164 0.00732171
v -0.39214844 1.112201 -0.04696842
v -0.3914276 1.0495105 0.061611842
v -0.3917877 1.143546 0.00732171
v -0.3914276 1.112201 0.061611842
v 0.15944763 1.0495105 -0.05062912
v 0.15980774 1.0808545 0.003661003
v 0.15980774 1.018164 0.003661003
v 0.15944763 1.112201 -0.05062912
v 0.16016845 1.0495105 0.057950974
v 0.15980774 1.143546 0.003661003
v 0.16016845 1.112201 0.057950974
v 0.7119116 1.0495105 -0.0475084
v 0.71229976 1.0808545 0.006784229
v 0.71229976 1.018164 0.006784229
v 0.7119116 1.112201 -0.0475084
v 0.71268857 1.0495105 0.06107685
v 0.71229976 1.143546 0.006784229
v 0.71268857 1.112201 0.06107685
v 1.2665783 1.0495105 -0.050900344
v 1.2669672 1.0808545 0.003392267
v 1.2669672 1.018164 0.003392267
v 1.2665783 1.112201 -0.050900344
v 1.2673559 1.0495105 0.057684727
v 1.2669672 1.143546 0.003392267
v 1.2673559 1.112201 0.057684727
v 1.9686571 1.059748 -0.0431361
v 2.0000012 1.0595897 0.01113636
v 1.9373107 1.0595897 0.01113636
v 2.0313475 1.059748 -0.0431361
v 1.9686571 1.0594314 0.065408796
v 2.0626929 1.0595897 0.01113636
v 2.0313475 1.0594314 0.065408796
v 1.9686571 0.5299532 -0.048704106
v 2.0000012 0.5297949 0.0055683325
v 1.9373107 0.5297949 0.0055683325
v 2.0313475 0.5299532 -0.048704106
v 1.9686571 0.5296366 0.05984063
v 2.0626929 0.5297949 0.0055683325
v 2.0313475 0.5296366 0.05984063
v 0.054995116 0.529795 0.005568323
v 1.2207031E-06 0.5297949 0.0055683325
v 0.027497558 0.52965605 0.053174924
v 0.027497558 0.52993375 -0.042038564
v -0.027493896 0.52965605 0.053174924
v -0.027493896 0.52993375 -0.042038564
v -0.054990232 0.5297949 0.0055683325
v 0.054995116 6.198882E-08 0
v 1.2207031E-06 4.7683715E-09 9.536743E-09
v 0.027497558 -0.00013881683 0.04760659
v 0.027497558 0.00013881206 -0.047606885
v -0.027493896 -0.00013880253 0.047606744
v -0.027493896 0.000138793 -0.047606878
v -0.054990232 -3.8146972E-08 9.536743E-09
v 2.351626 1.9622862 -9.536743E-09
v 2.296632 1.9622862 0
v 2.3241284 1.9627899 0.047550373
v 2.3241284 1.9617823 -0.047550667
v 2.269137 1.9627899 0.047550526
v 2.269137 1.9617823 -0.047550667
v 2.2416406 1.962286 0
v 2.351626 1.5296563 0.013115196
v 2.296632 1.529656 0.013115215
v 2.3241284 1.5302187 0.060660437
v 2.3241284 1.5290936 -0.03443032
v 2.269137 1.5302187 0.060660437
v 2.269137 1.5290936 -0.03443032
v 2.2416406 1.529656 0.013115215
v 2.351626 1.0861226 0
v 2.296632 1.0861225 0
v 2.3241284 1.0866851 0.04754522
v 2.3241284 1.08556 -0.04754552
v 2.269137 1.0866851 0.047545373
v 2.269137 1.08556 -0.04754552
v 2.2416406 1.0861225 9.536743E-09
v 2.3728595 1.1358484 0.0023175238
v 2.3728595 1.0808545 0.0023175336
v 2.3733003 1.1083509 0.04995055
v 2.3724182 1.1083509 -0.04531579
v 2.3733003 1.0533594 0.04995055
v 2.3724182 1.0533594 -0.04531579
v 2.3728595 1.025863 0.0023175336
v -0.25090575 2.2253761 0.016707897
v -0.30589965 2.225376 0.016707934
v -0.2784033 2.2240686 0.06441674
v -0.2784033 2.2266834 -0.031001195
v -0.33339477 2.2240686 0.06441674
v -0.33339477 2.2266834 -0.031001195
v -0.3608911 2.225376 0.016707934
v -0.25090575 1.6807793 0.004971113
v -0.30589965 1.6807791 0.004971123
v -0.2784033 1.6805848 0.05258257
v -0.2784033 1.6809735 -0.042640626
v -0.33339477 1.6805848 0.05258257
v -0.33339477 1.6809735 -0.042640626
v -0.3608911 1.6807791 0.004971123
v -0.25090575 1.1441582 0
v -0.30589965 1.1441582 0
v -0.2784033 1.1439639 0.047611445
v -0.2784033 1.1443526 -0.04761174
v -0.33339477 1.143964 0.047611598
v -0.33339477 1.1443526 -0.04761174
v -0.3608911 1.1441582 9.536743E-09
v 0.15980774 2.9787586 0.0036609934
v 0.15980774 2.9237645 0.003661003
v 0.1601239 2.9512608 0.05128309
v 0.15949157 2.9512608 -0.0439614
v 0.1601239 2.8962696 0.05128309
v 0.15949157 2.8962696 -0.0439614
v 0.15980774 2.8687732 0.003661003
v 0.7114038 2.9787586 0
v 0.7114038 2.9237645 0
v 0.71171933 2.9512608 0.047622107
v 0.71108764 2.9512608 -0.047622394
v 0.71171933 2.8962696 0.04762226
v 0.71108764 2.8962696 -0.047622394
v 0.7114038 2.8687732 0
v 1.2669672 2.9787586 0.0033922577
v 1.2669672 2.9237645 0.003392267
v 1.2673084 2.9512608 0.05101654
v 1.2666262 2.9512608 -0.044232327
v 1.2673084 2.8962696 0.05101654
v 1.2666262 2.8962696 -0.044232327
v 1.2669672 2.8687732 0.003392267
v 1.8216345 2.9787586 0
v 1.8216348 2.9237645 0
v 1.8219757 2.9512608 0.047624283
v 1.8212936 2.9512608 -0.047624577
v 1.8219757 2.8962696 0.047624435
v 1.8212936 2.8962696 -0.047624577
v 1.8216348 2.8687732 9.536743E-09
v 2.3731585 2.9787586 0.0036609934
v 2.3731585 2.9237645 0.003661003
v 2.3734746 2.9512608 0.05128309
v 2.3728423 2.9512608 -0.0439614
v 2.3734746 2.8962696 0.05128309
v 2.3728423 2.8962696 -0.0439614
v 2.3731585 2.8687732 0.003661003
v 0.15980774 1.1358484 0.0036609934
v 0.15980774 1.0808545 0.003661003
v 0.1601239 1.1083509 0.05128309
v 0.15949157 1.1083509 -0.0439614
v 0.1601239 1.0533594 0.05128309
v 0.15949157 1.0533594 -0.0439614
v 0.15980774 1.025863 0.003661003
v 0.7114038 1.1358484 0
v 0.7114038 1.0808545 0
v 0.71171933 1.1083509 0.047622107
v 0.71108764 1.1083509 -0.047622394
v 0.71171933 1.0533594 0.04762226
v 0.71108764 1.0533594 -0.047622394
v 0.7114038 1.025863 0
v 1.2669672 1.1358484 0.0033922577
v 1.2669672 1.0808545 0.003392267
v 1.2673084 1.1083509 0.05101654
v 1.2666262 1.1083509 -0.044232327
v 1.2673084 1.0533594 0.05101654
v 1.2666262 1.0533594 -0.044232327
v 1.2669672 1.025863 0.003392267
v 1.8216345 1.1358484 0
v 1.8216348 1.0808545 0
v 1.8219757 1.1083509 0.047624283
v 1.8212936 1.1083509 -0.047624577
v 1.8219757 1.0533594 0.047624435
v 1.8212936 1.0533594 -0.047624577
v 1.8216348 1.025863 9.536743E-09
v 2.054995 0.529795 0.005568323
v 2.0000012 0.5297949 0.0055683325
v 2.0274975 0.52965605 0.053174924
v 2.0274975 0.52993375 -0.042038564
v 1.972506 0.52965605 0.053174924
v 1.972506 0.52993375 -0.042038564
v 1.9450097 0.5297949 0.0055683325
v 2.054995 6.198882E-08 0
v 2.0000012 4.7683715E-09 9.536743E-09
v 2.0274975 -0.00013881683 0.04760659
v 2.0274975 0.00013881206 -0.047606885
v 1.972506 -0.00013880253 0.047606744
v 1.972506 0.000138793 -0.047606878
v 1.9450097 -3.8146972E-08 9.536743E-09
vt 0.97265625 0.8173828
vt 0.9946289 0.8173828
vt 0.9946289 0.7895508
vt 0.97265625 0.7895508
vt 0.90527344 0.8178711
vt 0.90527344 0.7895508
vt 0.84472656 0.7895508
vt 0.84472656 0.81689453
vt 0.79003906 0.8183594
vt 0.79003906 0.7895508
vt 0.7636719 0.78808594
vt 0.7636719 0.81689453
vt 0.97265625 0.8461914
vt 0.9946289 0.8461914
vt 0.9946289 0.8173828
vt 0.97265625 0.8173828
vt 0.90527344 0.8457031
vt 0.90527344 0.8178711
vt 0.84472656 0.81689453
vt 0.84472656 0.84521484
vt 0.79003906 0.8466797
vt 0.79003906 0.8183594
vt 0.7636719 0.84521484
vt 0.7636719 0.81689453
vt 0.97265625 0.8745117
vt 0.9946289 0.8745117
vt 0.9946289 0.8461914
vt 0.97265625 0.8461914
vt 0.90527344 0.87353516
vt 0.90527344 0.8457031
vt 0.84472656 0.84521484
vt 0.84472656 0.87402344
vt 0.79003906 0.87402344
vt 0.79003906 0.8466797
vt 0.7636719 0.87353516
vt 0.7636719 0.84521484
vt 0.97265625 0.90234375
vt 0.9946289 0.90234375
vt 0.9946289 0.8745117
vt 0.97265625 0.8745117
vt 0.90527344 0.9013672
vt 0.90527344 0.87353516
vt 0.84472656 0.87402344
vt 0.84472656 0.90234375
vt 0.79003906 0.90185547
vt 0.79003906 0.87402344
vt 0.7636719 0.90185547
vt 0.7636719 0.87353516
vt 0.97265625 0.9301758
vt 0.9946289 0.9301758
vt 0.9946289 0.90234375
vt 0.97265625 0.90234375
vt 0.90527344 0.9296875
vt 0.90527344 0.9013672
vt 0.84472656 0.90234375
vt 0.84472656 0.9301758
vt 0.79003906 0.9291992
vt 0.79003906 0.90185547
vt 0.7636719 0.93066406
vt 0.7636719 0.90185547
vt 0.97265625 0.9580078
vt 0.9946289 0.9580078
vt 0.9946289 0.9301758
vt 0.97265625 0.9301758
vt 0.90527344 0.9580078
vt 0.90527344 0.9296875
vt 0.84472656 0.9301758
vt 0.84472656 0.9580078
vt 0.79003906 0.9580078
vt 0.79003906 0.9291992
vt 0.7636719 0.95947266
vt 0.7636719 0.93066406
vt 0.97265625 0.8173828
vt 0.9946289 0.8173828
vt 0.9946289 0.7895508
vt 0.97265625 0.7895508
vt 0.90527344 0.8178711
vt 0.90527344 0.7895508
vt 0.84472656 0.7895508
vt 0.84472656 0.81689453
vt 0.79003906 0.8183594
vt 0.79003906 0.7895508
vt 0.7636719 0.78808594
vt 0.7636719 0.81689453
vt 0.97265625 0.8461914
vt 0.9946289 0.8461914
vt 0.9946289 0.8173828
vt 0.97265625 0.8173828
vt 0.90527344 0.8457031
vt 0.90527344 0.8178711
vt 0.84472656 0.81689453
vt 0.84472656 0.84521484
vt 0.79003906 0.8466797
vt 0.79003906 0.8183594
vt 0.7636719 0.84521484
vt 0.7636719 0.81689453
vt 0.97265625 0.8745117
vt 0.9946289 0.8745117
vt 0.9946289 0.8461914
vt 0.97265625 0.8461914
vt 0.90527344 0.87353516
vt 0.90527344 0.8457031
vt 0.84472656 0.84521484
vt 0.84472656 0.87402344
vt 0.79003906 0.87402344
vt 0.79003906 0.8466797
vt 0.7636719 0.87353516
vt 0.7636719 0.84521484
vt 0.97265625 0.90234375
vt 0.9946289 0.90234375
vt 0.9946289 0.8745117
vt 0.97265625 0.8745117
vt 0.90527344 0.9013672
vt 0.90527344 0.87353516
vt 0.84472656 0.87402344
vt 0.84472656 0.90234375
vt 0.79003906 0.90185547
vt 0.79003906 0.87402344
vt 0.7636719 0.90185547
vt 0.7636719 0.87353516
vt 0.97265625 0.9301758
vt 0.9946289 0.9301758
vt 0.9946289 0.90234375
vt 0.97265625 0.90234375
vt 0.90527344 0.9296875
vt 0.90527344 0.9013672
vt 0.84472656 0.90234375
vt 0.84472656 0.9301758
vt 0.79003906 0.9291992
vt 0.79003906 0.90185547
vt 0.7636719 0.93066406
vt 0.7636719 0.90185547
vt 0.97265625 0.9580078
vt 0.9946289 0.9580078
vt 0.9946289 0.9301758
vt 0.97265625 0.9301758
vt 0.90527344 0.9580078
vt 0.90527344 0.9296875
vt 0.84472656 0.9301758
vt 0.84472656 0.9580078
vt 0.79003906 0.9580078
vt 0.79003906 0.9291992
vt 0.7636719 0.95947266
vt 0.7636719 0.93066406
vt 0.97265625 0.8173828
vt 0.9946289 0.8173828
vt 0.9946289 0.7895508
vt 0.97265625 0.7895508
vt 0.90527344 0.8178711
vt 0.90527344 0.7895508
vt 0.84472656 0.7895508
vt 0.84472656 0.81689453
vt 0.79003906 0.8183594
vt 0.79003906 0.7895508
vt 0.7636719 0.78808594
vt 0.7636719 0.81689453
vt 0.97265625 0.8461914
vt 0.9946289 0.8461914
vt 0.9946289 0.8173828
vt 0.97265625 0.8173828
vt 0.90527344 0.8457031
vt 0.90527344 0.8178711
vt 0.84472656 0.81689453
vt 0.84472656 0.84521484
vt 0.79003906 0.8466797
vt 0.79003906 0.8183594
vt 0.7636719 0.84521484
vt 0.7636719 0.81689453
vt 0.97265625 0.8745117
vt 0.9946289 0.8745117
vt 0.9946289 0.8461914
vt 0.97265625 0.8461914
vt 0.90527344 0.87353516
vt 0.90527344 0.8457031
vt 0.84472656 0.84521484
vt 0.84472656 0.87402344
vt 0.79003906 0.87402344
vt 0.79003906 0.8466797
vt 0.7636719 0.87353516
vt 0.7636719 0.84521484
vt 0.97265625 0.90234375
vt 0.9946289 0.90234375
vt 0.9946289 0.8745117
vt 0.97265625 0.8745117
vt 0.90527344 0.9013672
vt 0.90527344 0.87353516
vt 0.84472656 0.87402344
vt 0.84472656 0.90234375
vt 0.79003906 0.90185547
vt 0.79003906 0.87402344
vt 0.7636719 0.90185547
vt 0.7636719 0.87353516
vt 0.97265625 0.9301758
vt 0.9946289 0.9301758
vt 0.9946289 0.90234375
vt 0.97265625 0.90234375
vt 0.90527344 0.9296875
vt 0.90527344 0.9013672
vt 0.84472656 0.90234375
vt 0.84472656 0.9301758
vt 0.79003906 0.9291992
vt 0.79003906 0.90185547
vt 0.7636719 0.93066406
vt 0.7636719 0.90185547
vt 0.97265625 0.8173828
vt 0.9946289 0.8173828
vt 0.9946289 0.7895508
vt 0.97265625 0.7895508
vt 0.90527344 0.8178711
vt 0.90527344 0.7895508
vt 0.84472656 0.7895508
vt 0.84472656 0.81689453
vt 0.79003906 0.8183594
vt 0.79003906 0.7895508
vt 0.7636719 0.78808594
vt 0.7636719 0.81689453
vt 0.97265625 0.8461914
vt 0.9946289 0.8461914
vt 0.9946289 0.8173828
vt 0.97265625 0.8173828
vt 0.90527344 0.8457031
vt 0.90527344 0.8178711
vt 0.84472656 0.81689453
vt 0.84472656 0.84521484
vt 0.79003906 0.8466797
vt 0.79003906 0.8183594
vt 0.7636719 0.84521484
vt 0.7636719 0.81689453
vt 0.97265625 0.8745117
vt 0.9946289 0.8745117
vt 0.9946289 0.8461914
vt 0.97265625 0.8461914
vt 0.90527344 0.87353516
vt 0.90527344 0.8457031
vt 0.84472656 0.84521484
vt 0.84472656 0.87402344
vt 0.79003906 0.87402344
vt 0.79003906 0.8466797
vt 0.7636719 0.87353516
vt 0.7636719 0.84521484
vt 0.97265625 0.90234375
vt 0.9946289 0.90234375
vt 0.9946289 0.8745117
vt 0.97265625 0.8745117
vt 0.90527344 0.9013672
vt 0.90527344 0.87353516
vt 0.84472656 0.87402344
vt 0.84472656 0.90234375
vt 0.79003906 0.90185547
vt 0.79003906 0.87402344
vt 0.7636719 0.90185547
vt 0.7636719 0.87353516
vt 0.97265625 0.9301758
vt 0.9946289 0.9301758
vt 0.9946289 0.90234375
vt 0.97265625 0.90234375
vt 0.90527344 0.9296875
vt 0.90527344 0.9013672
vt 0.84472656 0.90234375
vt 0.84472656 0.9301758
vt 0.79003906 0.9291992
vt 0.79003906 0.90185547
vt 0.7636719 0.93066406
vt 0.7636719 0.90185547
vt 0.97265625 0.8173828
vt 0.9946289 0.8173828
vt 0.9946289 0.7895508
vt 0.97265625 0.7895508
vt 0.90527344 0.8178711
vt 0.90527344 0.7895508
vt 0.84472656 0.7895508
vt 0.84472656 0.81689453
vt 0.79003906 0.8183594
vt 0.79003906 0.7895508
vt 0.7636719 0.78808594
vt 0.7636719 0.81689453
vt 0.97265625 0.8461914
vt 0.9946289 0.8461914
vt 0.9946289 0.8173828
vt 0.97265625 0.8173828
vt 0.90527344 0.8457031
vt 0.90527344 0.8178711
vt 0.84472656 0.81689453
vt 0.84472656 0.84521484
vt 0.79003906 0.8466797
vt 0.79003906 0.8183594
vt 0.7636719 0.84521484
vt 0.7636719 0.81689453
vt 0.97265625 0.8745117
vt 0.9946289 0.8745117
vt 0.9946289 0.8461914
vt 0.97265625 0.8461914
vt 0.90527344 0.87353516
vt 0.90527344 0.8457031
vt 0.84472656 0.84521484
vt 0.84472656 0.87402344
vt 0.79003906 0.87402344
vt 0.79003906 0.8466797
vt 0.7636719 0.87353516
vt 0.7636719 0.84521484
vt 0.97265625 0.90234375
vt 0.9946289 0.90234375
vt 0.9946289 0.8745117
vt 0.97265625 0.8745117
vt 0.90527344 0.9013672
vt 0.90527344 0.87353516
vt 0.84472656 0.87402344
vt 0.84472656 0.90234375
vt 0.79003906 0.90185547
vt 0.79003906 0.87402344
vt 0.7636719 0.90185547
vt 0.7636719 0.87353516
vt 0.97265625 0.9301758
vt 0.9946289 0.9301758
vt 0.9946289 0.90234375
vt 0.97265625 0.90234375
vt 0.90527344 0.9296875
vt 0.90527344 0.9013672
vt 0.84472656 0.90234375
vt 0.84472656 0.9301758
vt 0.79003906 0.9291992
vt 0.79003906 0.90185547
vt 0.7636719 0.93066406
vt 0.7636719 0.90185547
vt 0.97265625 0.8173828
vt 0.9946289 0.8173828
vt 0.9946289 0.7895508
vt 0.97265625 0.7895508
vt 0.90527344 0.8178711
vt 0.90527344 0.7895508
vt 0.84472656 0.7895508
vt 0.84472656 0.81689453
vt 0.79003906 0.8183594
vt 0.79003906 0.7895508
vt 0.7636719 0.78808594
vt 0.7636719 0.81689453
vt 0.97265625 0.8461914
vt 0.9946289 0.8461914
vt 0.9946289 0.8173828
vt 0.97265625 0.8173828
vt 0.90527344 0.8457031
vt 0.90527344 0.8178711
vt 0.84472656 0.81689453
vt 0.84472656 0.84521484
vt 0.79003906 0.8466797
vt 0.79003906 0.8183594
vt 0.7636719 0.84521484
vt 0.7636719 0.81689453
vt 0.97265625 0.8745117
vt 0.9946289 0.8745117
vt 0.9946289 0.8461914
vt 0.97265625 0.8461914
vt 0.90527344 0.87353516
vt 0.90527344 0.8457031
vt 0.84472656 0.84521484
vt 0.84472656 0.87402344
vt 0.79003906 0.87402344
vt 0.79003906 0.8466797
vt 0.7636719 0.87353516
vt 0.7636719 0.84521484
vt 0.97265625 0.90234375
vt 0.9946289 0.90234375
vt 0.9946289 0.8745117
vt 0.97265625 0.8745117
vt 0.90527344 0.9013672
vt 0.90527344 0.87353516
vt 0.84472656 0.87402344
vt 0.84472656 0.90234375
vt 0.79003906 0.90185547
vt 0.79003906 0.87402344
vt 0.7636719 0.90185547
vt 0.7636719 0.87353516
vt 0.97265625 0.9301758
vt 0.9946289 0.9301758
vt 0.9946289 0.90234375
vt 0.97265625 0.90234375
vt 0.90527344 0.9296875
vt 0.90527344 0.9013672
vt 0.84472656 0.90234375
vt 0.84472656 0.9301758
vt 0.79003906 0.9291992
vt 0.79003906 0.90185547
vt 0.7636719 0.93066406
vt 0.7636719 0.90185547
vt 0.97265625 0.9580078
vt 0.9946289 0.9580078
vt 0.9946289 0.9301758
vt 0.97265625 0.9301758
vt 0 0
vt -5.9604645E-08 0.7050781
vt 1 0.7050781
vt 1 0
vt 0.97265625 0.8173828
vt 0.9946289 0.8173828
vt 0.9946289 0.7895508
vt 0.97265625 0.7895508
vt 0.90527344 0.8178711
vt 0.90527344 0.7895508
vt 0.84472656 0.7895508
vt 0.84472656 0.81689453
vt 0.79003906 0.8183594
vt 0.79003906 0.7895508
vt 0.7636719 0.78808594
vt 0.7636719 0.81689453
vt 0.97265625 0.8461914
vt 0.9946289 0.8461914
vt 0.9946289 0.8173828
vt 0.97265625 0.8173828
vt 0.90527344 0.8457031
vt 0.90527344 0.8178711
vt 0.84472656 0.81689453
vt 0.84472656 0.84521484
vt 0.79003906 0.8466797
vt 0.79003906 0.8183594
vt 0.7636719 0.84521484
vt 0.7636719 0.81689453
vt 0.97265625 0.8745117
vt 0.9946289 0.8745117
vt 0.9946289 0.8461914
vt 0.97265625 0.8461914
vt 0.90527344 0.87353516
vt 0.90527344 0.8457031
vt 0.84472656 0.84521484
vt 0.84472656 0.87402344
vt 0.79003906 0.87402344
vt 0.79003906 0.8466797
vt 0.7636719 0.87353516
vt 0.7636719 0.84521484
vt 0.97265625 0.90234375
vt 0.9946289 0.90234375
vt 0.9946289 0.8745117
vt 0.97265625 0.8745117
vt 0.90527344 0.9013672
vt 0.90527344 0.87353516
vt 0.84472656 0.87402344
vt 0.84472656 0.90234375
vt 0.79003906 0.90185547
vt 0.79003906 0.87402344
vt 0.7636719 0.90185547
vt 0.7636719 0.87353516
vt 0.97265625 0.9301758
vt 0.9946289 0.9301758
vt 0.9946289 0.90234375
vt 0.97265625 0.90234375
vt 0.90527344 0.9296875
vt 0.90527344 0.9013672
vt 0.84472656 0.90234375
vt 0.84472656 0.9301758
vt 0.79003906 0.9291992
vt 0.79003906 0.90185547
vt 0.7636719 0.93066406
vt 0.7636719 0.90185547
vt 0.79003906 0.9291992
vt 0.7636719 0.93066406
vt 0.7636719 0.95947266
vt 0.79003906 0.9580078
vt 0.97265625 0.8173828
vt 0.9946289 0.8173828
vt 0.9946289 0.7895508
vt 0.97265625 0.7895508
vt 0.90527344 0.8178711
vt 0.90527344 0.7895508
vt 0.84472656 0.7895508
vt 0.84472656 0.81689453
vt 0.79003906 0.8183594
vt 0.79003906 0.7895508
vt 0.7636719 0.78808594
vt 0.7636719 0.81689453
vt 0.97265625 0.8461914
vt 0.9946289 0.8461914
vt 0.9946289 0.8173828
vt 0.97265625 0.8173828
vt 0.90527344 0.8457031
vt 0.90527344 0.8178711
vt 0.84472656 0.81689453
vt 0.84472656 0.84521484
vt 0.79003906 0.8466797
vt 0.79003906 0.8183594
vt 0.7636719 0.84521484
vt 0.7636719 0.81689453
vt 0.97265625 0.8745117
vt 0.9946289 0.8745117
vt 0.9946289 0.8461914
vt 0.97265625 0.8461914
vt 0.90527344 0.87353516
vt 0.90527344 0.8457031
vt 0.84472656 0.84521484
vt 0.84472656 0.87402344
vt 0.79003906 0.87402344
vt 0.79003906 0.8466797
vt 0.7636719 0.87353516
vt 0.7636719 0.84521484
vt 0.97265625 0.90234375
vt 0.9946289 0.90234375
vt 0.9946289 0.8745117
vt 0.97265625 0.8745117
vt 0.90527344 0.9013672
vt 0.90527344 0.87353516
vt 0.84472656 0.87402344
vt 0.84472656 0.90234375
vt 0.79003906 0.90185547
vt 0.79003906 0.87402344
vt 0.7636719 0.90185547
vt 0.7636719 0.87353516
vt 0.97265625 0.9301758
vt 0.9946289 0.9301758
vt 0.9946289 0.90234375
vt 0.97265625 0.90234375
vt 0.90527344 0.9296875
vt 0.90527344 0.9013672
vt 0.84472656 0.90234375
vt 0.84472656 0.9301758
vt 0.79003906 0.9291992
vt 0.79003906 0.90185547
vt 0.7636719 0.93066406
vt 0.7636719 0.90185547
vt 0.97265625 0.8173828
vt 0.9946289 0.8173828
vt 0.9946289 0.7895508
vt 0.97265625 0.7895508
vt 0.90527344 0.8178711
vt 0.90527344 0.7895508
vt 0.84472656 0.7895508
vt 0.84472656 0.81689453
vt 0.79003906 0.8183594
vt 0.79003906 0.7895508
vt 0.7636719 0.78808594
vt 0.7636719 0.81689453
vt 0.97265625 0.8461914
vt 0.9946289 0.8461914
vt 0.9946289 0.8173828
vt 0.97265625 0.8173828
vt 0.90527344 0.8457031
vt 0.90527344 0.8178711
vt 0.84472656 0.81689453
vt 0.84472656 0.84521484
vt 0.79003906 0.8466797
vt 0.79003906 0.8183594
vt 0.7636719 0.84521484
vt 0.7636719 0.81689453
vt 0.97265625 0.8745117
vt 0.9946289 0.8745117
vt 0.9946289 0.8461914
vt 0.97265625 0.8461914
vt 0.90527344 0.87353516
vt 0.90527344 0.8457031
vt 0.84472656 0.84521484
vt 0.84472656 0.87402344
vt 0.79003906 0.87402344
vt 0.79003906 0.8466797
vt 0.7636719 0.87353516
vt 0.7636719 0.84521484
vt 0.97265625 0.90234375
vt 0.9946289 0.90234375
vt 0.9946289 0.8745117
vt 0.97265625 0.8745117
vt 0.90527344 0.9013672
vt 0.90527344 0.87353516
vt 0.84472656 0.87402344
vt 0.84472656 0.90234375
vt 0.79003906 0.90185547
vt 0.79003906 0.87402344
vt 0.7636719 0.90185547
vt 0.7636719 0.87353516
vt 0.97265625 0.9301758
vt 0.9946289 0.9301758
vt 0.9946289 0.90234375
vt 0.97265625 0.90234375
vt 0.90527344 0.9296875
vt 0.90527344 0.9013672
vt 0.84472656 0.90234375
vt 0.84472656 0.9301758
vt 0.79003906 0.9291992
vt 0.79003906 0.90185547
vt 0.7636719 0.93066406
vt 0.7636719 0.90185547
vt 0.97265625 0.8173828
vt 0.9946289 0.8173828
vt 0.9946289 0.7895508
vt 0.97265625 0.7895508
vt 0.90527344 0.8178711
vt 0.90527344 0.7895508
vt 0.84472656 0.7895508
vt 0.84472656 0.81689453
vt 0.79003906 0.8183594
vt 0.79003906 0.7895508
vt 0.7636719 0.78808594
vt 0.7636719 0.81689453
vt 0.97265625 0.8461914
vt 0.9946289 0.8461914
vt 0.9946289 0.8173828
vt 0.97265625 0.8173828
vt 0.90527344 0.8457031
vt 0.90527344 0.8178711
vt 0.84472656 0.81689453
vt 0.84472656 0.84521484
vt 0.79003906 0.8466797
vt 0.79003906 0.8183594
vt 0.7636719 0.84521484
vt 0.7636719 0.81689453
vt 0.97265625 0.8745117
vt 0.9946289 0.8745117
vt 0.9946289 0.8461914
vt 0.97265625 0.8461914
vt 0.90527344 0.87353516
vt 0.90527344 0.8457031
vt 0.84472656 0.84521484
vt 0.84472656 0.87402344
vt 0.79003906 0.87402344
vt 0.79003906 0.8466797
vt 0.7636719 0.87353516
vt 0.7636719 0.84521484
vt 0.97265625 0.90234375
vt 0.9946289 0.90234375
vt 0.9946289 0.8745117
vt 0.97265625 0.8745117
vt 0.90527344 0.9013672
vt 0.90527344 0.87353516
vt 0.84472656 0.87402344
vt 0.84472656 0.90234375
vt 0.79003906 0.90185547
vt 0.79003906 0.87402344
vt 0.7636719 0.90185547
vt 0.7636719 0.87353516
vt 0.97265625 0.9301758
vt 0.9946289 0.9301758
vt 0.9946289 0.90234375
vt 0.97265625 0.90234375
vt 0.90527344 0.9296875
vt 0.90527344 0.9013672
vt 0.84472656 0.90234375
vt 0.84472656 0.9301758
vt 0.79003906 0.9291992
vt 0.79003906 0.90185547
vt 0.7636719 0.93066406
vt 0.7636719 0.90185547
vt 0.97265625 0.8173828
vt 0.9946289 0.8173828
vt 0.9946289 0.7895508
vt 0.97265625 0.7895508
vt 0.90527344 0.8178711
vt 0.90527344 0.7895508
vt 0.84472656 0.7895508
vt 0.84472656 0.81689453
vt 0.79003906 0.8183594
vt 0.79003906 0.7895508
vt 0.7636719 0.78808594
vt 0.7636719 0.81689453
vt 0.97265625 0.8461914
vt 0.9946289 0.8461914
vt 0.9946289 0.8173828
vt 0.97265625 0.8173828
vt 0.90527344 0.8457031
vt 0.90527344 0.8178711
vt 0.84472656 0.81689453
vt 0.84472656 0.84521484
vt 0.79003906 0.8466797
vt 0.79003906 0.8183594
vt 0.7636719 0.84521484
vt 0.7636719 0.81689453
vt 0.97265625 0.8745117
vt 0.9946289 0.8745117
vt 0.9946289 0.8461914
vt 0.97265625 0.8461914
vt 0.90527344 0.87353516
vt 0.90527344 0.8457031
vt 0.84472656 0.84521484
vt 0.84472656 0.87402344
vt 0.79003906 0.87402344
vt 0.79003906 0.8466797
vt 0.7636719 0.87353516
vt 0.7636719 0.84521484
vt 0.97265625 0.90234375
vt 0.9946289 0.90234375
vt 0.9946289 0.8745117
vt 0.97265625 0.8745117
vt 0.90527344 0.9013672
vt 0.90527344 0.87353516
vt 0.84472656 0.87402344
vt 0.84472656 0.90234375
vt 0.79003906 0.90185547
vt 0.79003906 0.87402344
vt 0.7636719 0.90185547
vt 0.7636719 0.87353516
vt 0.97265625 0.9301758
vt 0.9946289 0.9301758
vt 0.9946289 0.90234375
vt 0.97265625 0.90234375
vt 0.90527344 0.9296875
vt 0.90527344 0.9013672
vt 0.84472656 0.90234375
vt 0.84472656 0.9301758
vt 0.79003906 0.9291992
vt 0.79003906 0.90185547
vt 0.7636719 0.93066406
vt 0.7636719 0.90185547
vt 0.97265625 0.9580078
vt 0.9946289 0.9580078
vt 0.9946289 0.9301758
vt 0.97265625 0.9301758
vt 0.97265625 0.8173828
vt 0.9946289 0.8173828
vt 0.9946289 0.7895508
vt 0.97265625 0.7895508
vt 0.90527344 0.8178711
vt 0.90527344 0.7895508
vt 0.84472656 0.7895508
vt 0.84472656 0.81689453
vt 0.79003906 0.8183594
vt 0.79003906 0.7895508
vt 0.7636719 0.78808594
vt 0.7636719 0.81689453
vt 0.97265625 0.8461914
vt 0.9946289 0.8461914
vt 0.9946289 0.8173828
vt 0.97265625 0.8173828
vt 0.90527344 0.8457031
vt 0.90527344 0.8178711
vt 0.84472656 0.81689453
vt 0.84472656 0.84521484
vt 0.79003906 0.8466797
vt 0.79003906 0.8183594
vt 0.7636719 0.84521484
vt 0.7636719 0.81689453
vt 0.97265625 0.8745117
vt 0.9946289 0.8745117
vt 0.9946289 0.8461914
vt 0.97265625 0.8461914
vt 0.90527344 0.87353516
vt 0.90527344 0.8457031
vt 0.84472656 0.84521484
vt 0.84472656 0.87402344
vt 0.79003906 0.87402344
vt 0.79003906 0.8466797
vt 0.7636719 0.87353516
vt 0.7636719 0.84521484
vt 0.97265625 0.90234375
vt 0.9946289 0.90234375
vt 0.9946289 0.8745117
vt 0.97265625 0.8745117
vt 0.90527344 0.9013672
vt 0.90527344 0.87353516
vt 0.84472656 0.87402344
vt 0.84472656 0.90234375
vt 0.79003906 0.90185547
vt 0.79003906 0.87402344
vt 0.7636719 0.90185547
vt 0.7636719 0.87353516
vt 0.97265625 0.9301758
vt 0.9946289 0.9301758
vt 0.9946289 0.90234375
vt 0.97265625 0.90234375
vt 0.90527344 0.9296875
vt 0.90527344 0.9013672
vt 0.84472656 0.90234375
vt 0.84472656 0.9301758
vt 0.79003906 0.9291992
vt 0.79003906 0.90185547
vt 0.7636719 0.93066406
vt 0.7636719 0.90185547
vt 0.97265625 0.8173828
vt 0.9946289 0.8173828
vt 0.9946289 0.7895508
vt 0.97265625 0.7895508
vt 0.90527344 0.8178711
vt 0.90527344 0.7895508
vt 0.84472656 0.7895508
vt 0.84472656 0.81689453
vt 0.79003906 0.8183594
vt 0.79003906 0.7895508
vt 0.7636719 0.78808594
vt 0.7636719 0.81689453
vt 0.97265625 0.8461914
vt 0.9946289 0.8461914
vt 0.9946289 0.8173828
vt 0.97265625 0.8173828
vt 0.90527344 0.8457031
vt 0.90527344 0.8178711
vt 0.84472656 0.81689453
vt 0.84472656 0.84521484
vt 0.79003906 0.8466797
vt 0.79003906 0.8183594
vt 0.7636719 0.84521484
vt 0.7636719 0.81689453
vt 0.97265625 0.8745117
vt 0.9946289 0.8745117
vt 0.9946289 0.8461914
vt 0.97265625 0.8461914
vt 0.90527344 0.87353516
vt 0.90527344 0.8457031
vt 0.84472656 0.84521484
vt 0.84472656 0.87402344
vt 0.79003906 0.87402344
vt 0.79003906 0.8466797
vt 0.7636719 0.87353516
vt 0.7636719 0.84521484
vt 0.97265625 0.90234375
vt 0.9946289 0.90234375
vt 0.9946289 0.8745117
vt 0.97265625 0.8745117
vt 0.90527344 0.9013672
vt 0.90527344 0.87353516
vt 0.84472656 0.87402344
vt 0.84472656 0.90234375
vt 0.79003906 0.90185547
vt 0.79003906 0.87402344
vt 0.7636719 0.90185547
vt 0.7636719 0.87353516
vt 0.97265625 0.9301758
vt 0.9946289 0.9301758
vt 0.9946289 0.90234375
vt 0.97265625 0.90234375
vt 0.90527344 0.9296875
vt 0.90527344 0.9013672
vt 0.84472656 0.90234375
vt 0.84472656 0.9301758
vt 0.79003906 0.9291992
vt 0.79003906 0.90185547
vt 0.7636719 0.93066406
vt 0.7636719 0.90185547
vt 0.97265625 0.8173828
vt 0.9946289 0.8173828
vt 0.9946289 0.7895508
vt 0.97265625 0.7895508
vt 0.90527344 0.8178711
vt 0.90527344 0.7895508
vt 0.84472656 0.7895508
vt 0.84472656 0.81689453
vt 0.79003906 0.8183594
vt 0.79003906 0.7895508
vt 0.7636719 0.78808594
vt 0.7636719 0.81689453
vt 0.97265625 0.8461914
vt 0.9946289 0.8461914
vt 0.9946289 0.8173828
vt 0.97265625 0.8173828
vt 0.90527344 0.8457031
vt 0.90527344 0.8178711
vt 0.84472656 0.81689453
vt 0.84472656 0.84521484
vt 0.79003906 0.8466797
vt 0.79003906 0.8183594
vt 0.7636719 0.84521484
vt 0.7636719 0.81689453
vt 0.97265625 0.8745117
vt 0.9946289 0.8745117
vt 0.9946289 0.8461914
vt 0.97265625 0.8461914
vt 0.90527344 0.87353516
vt 0.90527344 0.8457031
vt 0.84472656 0.84521484
vt 0.84472656 0.87402344
vt 0.79003906 0.87402344
vt 0.79003906 0.8466797
vt 0.7636719 0.87353516
vt 0.7636719 0.84521484
vt 0.97265625 0.90234375
vt 0.9946289 0.90234375
vt 0.9946289 0.8745117
vt 0.97265625 0.8745117
vt 0.90527344 0.9013672
vt 0.90527344 0.87353516
vt 0.84472656 0.87402344
vt 0.84472656 0.90234375
vt 0.79003906 0.90185547
vt 0.79003906 0.87402344
vt 0.7636719 0.90185547
vt 0.7636719 0.87353516
vt 0.97265625 0.9301758
vt 0.9946289 0.9301758
vt 0.9946289 0.90234375
vt 0.97265625 0.90234375
vt 0.90527344 0.9296875
vt 0.90527344 0.9013672
vt 0.84472656 0.90234375
vt 0.84472656 0.9301758
vt 0.79003906 0.9291992
vt 0.79003906 0.90185547
vt 0.7636719 0.93066406
vt 0.7636719 0.90185547
vt 0.97265625 0.8173828
vt 0.9946289 0.8173828
vt 0.9946289 0.7895508
vt 0.97265625 0.7895508
vt 0.90527344 0.8178711
vt 0.90527344 0.7895508
vt 0.84472656 0.7895508
vt 0.84472656 0.81689453
vt 0.79003906 0.8183594
vt 0.79003906 0.7895508
vt 0.7636719 0.78808594
vt 0.7636719 0.81689453
vt 0.97265625 0.8461914
vt 0.9946289 0.8461914
vt 0.9946289 0.8173828
vt 0.97265625 0.8173828
vt 0.90527344 0.8457031
vt 0.90527344 0.8178711
vt 0.84472656 0.81689453
vt 0.84472656 0.84521484
vt 0.79003906 0.8466797
vt 0.79003906 0.8183594
vt 0.7636719 0.84521484
vt 0.7636719 0.81689453
vt 0.97265625 0.8745117
vt 0.9946289 0.8745117
vt 0.9946289 0.8461914
vt 0.97265625 0.8461914
vt 0.90527344 0.87353516
vt 0.90527344 0.8457031
vt 0.84472656 0.84521484
vt 0.84472656 0.87402344
vt 0.79003906 0.87402344
vt 0.79003906 0.8466797
vt 0.7636719 0.87353516
vt 0.7636719 0.84521484
vt 0.97265625 0.90234375
vt 0.9946289 0.90234375
vt 0.9946289 0.8745117
vt 0.97265625 0.8745117
vt 0.90527344 0.9013672
vt 0.90527344 0.87353516
vt 0.84472656 0.87402344
vt 0.84472656 0.90234375
vt 0.79003906 0.90185547
vt 0.79003906 0.87402344
vt 0.7636719 0.90185547
vt 0.7636719 0.87353516
vt 0.97265625 0.9301758
vt 0.9946289 0.9301758
vt 0.9946289 0.90234375
vt 0.97265625 0.90234375
vt 0.90527344 0.9296875
vt 0.90527344 0.9013672
vt 0.84472656 0.90234375
vt 0.84472656 0.9301758
vt 0.79003906 0.9291992
vt 0.79003906 0.90185547
vt 0.7636719 0.93066406
vt 0.7636719 0.90185547
vt 0.79003906 0.9291992
vt 0.7636719 0.93066406
vt 0.7636719 0.95947266
vt 0.79003906 0.9580078
vt 0.97265625 0.8173828
vt 0.9946289 0.8173828
vt 0.9946289 0.7895508
vt 0.97265625 0.7895508
vt 0.90527344 0.8178711
vt 0.90527344 0.7895508
vt 0.84472656 0.7895508
vt 0.84472656 0.81689453
vt 0.79003906 0.8183594
vt 0.79003906 0.7895508
vt 0.7636719 0.78808594
vt 0.7636719 0.81689453
vt 0.97265625 0.8461914
vt 0.9946289 0.8461914
vt 0.9946289 0.8173828
vt 0.97265625 0.8173828
vt 0.90527344 0.8457031
vt 0.90527344 0.8178711
vt 0.84472656 0.81689453
vt 0.84472656 0.84521484
vt 0.79003906 0.8466797
vt 0.79003906 0.8183594
vt 0.7636719 0.84521484
vt 0.7636719 0.81689453
vt 0.97265625 0.8745117
vt 0.9946289 0.8745117
vt 0.9946289 0.8461914
vt 0.97265625 0.8461914
vt 0.90527344 0.87353516
vt 0.90527344 0.8457031
vt 0.84472656 0.84521484
vt 0.84472656 0.87402344
vt 0.79003906 0.87402344
vt 0.79003906 0.8466797
vt 0.7636719 0.87353516
vt 0.7636719 0.84521484
vt 0.97265625 0.90234375
vt 0.9946289 0.90234375
vt 0.9946289 0.8745117
vt 0.97265625 0.8745117
vt 0.90527344 0.9013672
vt 0.90527344 0.87353516
vt 0.84472656 0.87402344
vt 0.84472656 0.90234375
vt 0.79003906 0.90185547
vt 0.79003906 0.87402344
vt 0.7636719 0.90185547
vt 0.7636719 0.87353516
vt 0.97265625 0.9301758
vt 0.9946289 0.9301758
vt 0.9946289 0.90234375
vt 0.97265625 0.90234375
vt 0.90527344 0.9296875
vt 0.90527344 0.9013672
vt 0.84472656 0.90234375
vt 0.84472656 0.9301758
vt 0.79003906 0.9291992
vt 0.79003906 0.90185547
vt 0.7636719 0.93066406
vt 0.7636719 0.90185547
vt 0.79003906 0.9291992
vt 0.7636719 0.93066406
vt 0.7636719 0.95947266
vt 0.79003906 0.9580078
vt 0.97265625 0.8173828
vt 0.9946289 0.8173828
vt 0.9946289 0.7895508
vt 0.97265625 0.7895508
vt 0.90527344 0.8178711
vt 0.90527344 0.7895508
vt 0.84472656 0.7895508
vt 0.84472656 0.81689453
vt 0.79003906 0.8183594
vt 0.79003906 0.7895508
vt 0.7636719 0.78808594
vt 0.7636719 0.81689453
vt 0.97265625 0.8461914
vt 0.9946289 0.8461914
vt 0.9946289 0.8173828
vt 0.97265625 0.8173828
vt 0.90527344 0.8457031
vt 0.90527344 0.8178711
vt 0.84472656 0.81689453
vt 0.84472656 0.84521484
vt 0.79003906 0.8466797
vt 0.79003906 0.8183594
vt 0.7636719 0.84521484
vt 0.7636719 0.81689453
vt 0.97265625 0.8745117
vt 0.9946289 0.8745117
vt 0.9946289 0.8461914
vt 0.97265625 0.8461914
vt 0.90527344 0.87353516
vt 0.90527344 0.8457031
vt 0.84472656 0.84521484
vt 0.84472656 0.87402344
vt 0.79003906 0.87402344
vt 0.79003906 0.8466797
vt 0.7636719 0.87353516
vt 0.7636719 0.84521484
vt 0.97265625 0.90234375
vt 0.9946289 0.90234375
vt 0.9946289 0.8745117
vt 0.97265625 0.8745117
vt 0.90527344 0.9013672
vt 0.90527344 0.87353516
vt 0.84472656 0.87402344
vt 0.84472656 0.90234375
vt 0.79003906 0.90185547
vt 0.79003906 0.87402344
vt 0.7636719 0.90185547
vt 0.7636719 0.87353516
vt 0.97265625 0.9301758
vt 0.9946289 0.9301758
vt 0.9946289 0.90234375
vt 0.97265625 0.90234375
vt 0.90527344 0.9296875
vt 0.90527344 0.9013672
vt 0.84472656 0.90234375
vt 0.84472656 0.9301758
vt 0.79003906 0.9291992
vt 0.79003906 0.90185547
vt 0.7636719 0.93066406
vt 0.7636719 0.90185547
vt 0.97265625 0.8173828
vt 0.9946289 0.8173828
vt 0.9946289 0.7895508
vt 0.97265625 0.7895508
vt 0.90527344 0.8178711
vt 0.90527344 0.7895508
vt 0.84472656 0.7895508
vt 0.84472656 0.81689453
vt 0.79003906 0.8183594
vt 0.79003906 0.7895508
vt 0.7636719 0.78808594
vt 0.7636719 0.81689453
vt 0.97265625 0.8461914
vt 0.9946289 0.8461914
vt 0.9946289 0.8173828
vt 0.97265625 0.8173828
vt 0.90527344 0.8457031
vt 0.90527344 0.8178711
vt 0.84472656 0.81689453
vt 0.84472656 0.84521484
vt 0.79003906 0.8466797
vt 0.79003906 0.8183594
vt 0.7636719 0.84521484
vt 0.7636719 0.81689453
vt 0.97265625 0.90234375
vt 0.9946289 0.90234375
vt 0.9946289 0.8745117
vt 0.97265625 0.8745117
vt 0.90527344 0.9013672
vt 0.90527344 0.87353516
vt 0.84472656 0.87402344
vt 0.84472656 0.90234375
vt 0.79003906 0.90185547
vt 0.79003906 0.87402344
vt 0.7636719 0.90185547
vt 0.7636719 0.87353516
vt 0.97265625 0.9301758
vt 0.9946289 0.9301758
vt 0.9946289 0.90234375
vt 0.97265625 0.90234375
vt 0.90527344 0.9296875
vt 0.90527344 0.9013672
vt 0.84472656 0.90234375
vt 0.84472656 0.9301758
vt 0.79003906 0.9291992
vt 0.79003906 0.90185547
vt 0.7636719 0.93066406
vt 0.7636719 0.90185547
vt 0.79003906 0.8466797
vt 0.7636719 0.84521484
vt 0.7636719 0.87353516
vt 0.79003906 0.87402344
vt 0.84472656 0.84521484
vt 0.84472656 0.87402344
vt 0.90527344 0.87353516
vt 0.90527344 0.8457031
vt 0.97265625 0.8461914
vt 0.97265625 0.8745117
vt 0.6567383 0.7753906
vt 0.70166016 0.80078125
vt 0.70166016 0.7495117
vt 0.6567383 0.82666016
vt 0.70166016 0.85253906
vt 0.74609375 0.82666016
vt 0.65478516 0.9404297
vt 0.70214844 0.91308594
vt 0.65527344 0.8857422
vt 0.7026367 0.96728516
vt 0.7495117 0.93896484
vt 0.7470703 0.88427734
vt 0.97265625 0.8173828
vt 0.9946289 0.8173828
vt 0.9946289 0.7895508
vt 0.97265625 0.7895508
vt 0.90527344 0.8178711
vt 0.90527344 0.7895508
vt 0.84472656 0.7895508
vt 0.84472656 0.81689453
vt 0.79003906 0.8183594
vt 0.79003906 0.7895508
vt 0.7636719 0.78808594
vt 0.7636719 0.81689453
vt 0.97265625 0.8461914
vt 0.9946289 0.8461914
vt 0.9946289 0.8173828
vt 0.97265625 0.8173828
vt 0.90527344 0.8457031
vt 0.90527344 0.8178711
vt 0.84472656 0.81689453
vt 0.84472656 0.84521484
vt 0.79003906 0.8466797
vt 0.79003906 0.8183594
vt 0.7636719 0.84521484
vt 0.7636719 0.81689453
vt 0.97265625 0.8745117
vt 0.9946289 0.8745117
vt 0.9946289 0.8461914
vt 0.97265625 0.8461914
vt 0.90527344 0.87353516
vt 0.90527344 0.8457031
vt 0.84472656 0.84521484
vt 0.84472656 0.87402344
vt 0.79003906 0.87402344
vt 0.79003906 0.8466797
vt 0.7636719 0.87353516
vt 0.7636719 0.84521484
vt 0.97265625 0.90234375
vt 0.9946289 0.90234375
vt 0.9946289 0.8745117
vt 0.97265625 0.8745117
vt 0.90527344 0.9013672
vt 0.90527344 0.87353516
vt 0.84472656 0.87402344
vt 0.84472656 0.90234375
vt 0.79003906 0.90185547
vt 0.79003906 0.87402344
vt 0.7636719 0.90185547
vt 0.7636719 0.87353516
vt 0.97265625 0.9301758
vt 0.9946289 0.9301758
vt 0.9946289 0.90234375
vt 0.97265625 0.90234375
vt 0.90527344 0.9296875
vt 0.90527344 0.9013672
vt 0.84472656 0.90234375
vt 0.84472656 0.9301758
vt 0.79003906 0.9291992
vt 0.79003906 0.90185547
vt 0.7636719 0.93066406
vt 0.7636719 0.90185547
vt 0.97265625 0.8173828
vt 0.9946289 0.8173828
vt 0.9946289 0.7895508
vt 0.97265625 0.7895508
vt 0.90527344 0.8178711
vt 0.90527344 0.7895508
vt 0.84472656 0.7895508
vt 0.84472656 0.81689453
vt 0.79003906 0.8183594
vt 0.79003906 0.7895508
vt 0.7636719 0.78808594
vt 0.7636719 0.81689453
vt 0.97265625 0.8461914
vt 0.9946289 0.8461914
vt 0.9946289 0.8173828
vt 0.97265625 0.8173828
vt 0.90527344 0.8457031
vt 0.90527344 0.8178711
vt 0.84472656 0.81689453
vt 0.84472656 0.84521484
vt 0.79003906 0.8466797
vt 0.79003906 0.8183594
vt 0.7636719 0.84521484
vt 0.7636719 0.81689453
vt 0.97265625 0.8745117
vt 0.9946289 0.8745117
vt 0.9946289 0.8461914
vt 0.97265625 0.8461914
vt 0.90527344 0.87353516
vt 0.90527344 0.8457031
vt 0.84472656 0.84521484
vt 0.84472656 0.87402344
vt 0.79003906 0.87402344
vt 0.79003906 0.8466797
vt 0.7636719 0.87353516
vt 0.7636719 0.84521484
vt 0.97265625 0.90234375
vt 0.9946289 0.90234375
vt 0.9946289 0.8745117
vt 0.97265625 0.8745117
vt 0.90527344 0.9013672
vt 0.90527344 0.87353516
vt 0.84472656 0.87402344
vt 0.84472656 0.90234375
vt 0.79003906 0.90185547
vt 0.79003906 0.87402344
vt 0.7636719 0.90185547
vt 0.7636719 0.87353516
vt 0.97265625 0.9301758
vt 0.9946289 0.9301758
vt 0.9946289 0.90234375
vt 0.97265625 0.90234375
vt 0.90527344 0.9296875
vt 0.90527344 0.9013672
vt 0.84472656 0.90234375
vt 0.84472656 0.9301758
vt 0.79003906 0.9291992
vt 0.79003906 0.90185547
vt 0.7636719 0.93066406
vt 0.7636719 0.90185547
vt 0.97265625 0.9580078
vt 0.9946289 0.9580078
vt 0.9946289 0.9301758
vt 0.97265625 0.9301758
vt 0.90527344 0.9580078
vt 0.90527344 0.9296875
vt 0.84472656 0.9301758
vt 0.84472656 0.9580078
vt 0.79003906 0.9580078
vt 0.79003906 0.9291992
vt 0.7636719 0.95947266
vt 0.7636719 0.93066406
vt 0.97265625 0.8173828
vt 0.9946289 0.8173828
vt 0.9946289 0.7895508
vt 0.97265625 0.7895508
vt 0.90527344 0.8178711
vt 0.90527344 0.7895508
vt 0.84472656 0.7895508
vt 0.84472656 0.81689453
vt 0.79003906 0.8183594
vt 0.79003906 0.7895508
vt 0.7636719 0.78808594
vt 0.7636719 0.81689453
vt 0.97265625 0.8461914
vt 0.9946289 0.8461914
vt 0.9946289 0.8173828
vt 0.97265625 0.8173828
vt 0.90527344 0.8457031
vt 0.90527344 0.8178711
vt 0.84472656 0.81689453
vt 0.84472656 0.84521484
vt 0.79003906 0.8466797
vt 0.79003906 0.8183594
vt 0.7636719 0.84521484
vt 0.7636719 0.81689453
vt 0.97265625 0.8745117
vt 0.9946289 0.8745117
vt 0.9946289 0.8461914
vt 0.97265625 0.8461914
vt 0.90527344 0.87353516
vt 0.90527344 0.8457031
vt 0.84472656 0.84521484
vt 0.84472656 0.87402344
vt 0.79003906 0.87402344
vt 0.79003906 0.8466797
vt 0.7636719 0.87353516
vt 0.7636719 0.84521484
vt 0.97265625 0.90234375
vt 0.9946289 0.90234375
vt 0.9946289 0.8745117
vt 0.97265625 0.8745117
vt 0.90527344 0.9013672
vt 0.90527344 0.87353516
vt 0.84472656 0.87402344
vt 0.84472656 0.90234375
vt 0.79003906 0.90185547
vt 0.79003906 0.87402344
vt 0.7636719 0.90185547
vt 0.7636719 0.87353516
vt 0.97265625 0.9301758
vt 0.9946289 0.9301758
vt 0.9946289 0.90234375
vt 0.97265625 0.90234375
vt 0.90527344 0.9296875
vt 0.90527344 0.9013672
vt 0.84472656 0.90234375
vt 0.84472656 0.9301758
vt 0.79003906 0.9291992
vt 0.79003906 0.90185547
vt 0.7636719 0.93066406
vt 0.7636719 0.90185547
vt 0.97265625 0.9580078
vt 0.9946289 0.9580078
vt 0.9946289 0.9301758
vt 0.97265625 0.9301758
vt 0.90527344 0.9580078
vt 0.90527344 0.9296875
vt 0.84472656 0.9301758
vt 0.84472656 0.9580078
vt 0.79003906 0.9580078
vt 0.79003906 0.9291992
vt 0.7636719 0.95947266
vt 0.7636719 0.93066406
vt 0.97265625 0.8461914
vt 0.97265625 0.8745117
vt 0.9946289 0.8745117
vt 0.9946289 0.8461914
vt 0.74609375 0.82666016
vt 0.70166016 0.80078125
vt 0.70166016 0.85253906
vt 0.74609375 0.7753906
vt 0.6567383 0.82666016
vt 0.70166016 0.7495117
vt 0.6567383 0.7753906
vt 0.74609375 0.82666016
vt 0.70166016 0.80078125
vt 0.70166016 0.85253906
vt 0.74609375 0.7753906
vt 0.6567383 0.82666016
vt 0.70166016 0.7495117
vt 0.6567383 0.7753906
vt 0.74609375 0.82666016
vt 0.70166016 0.80078125
vt 0.70166016 0.85253906
vt 0.74609375 0.7753906
vt 0.6567383 0.82666016
vt 0.70166016 0.7495117
vt 0.6567383 0.7753906
vt 0.74609375 0.82666016
vt 0.70166016 0.80078125
vt 0.70166016 0.85253906
vt 0.74609375 0.7753906
vt 0.6567383 0.82666016
vt 0.70166016 0.7495117
vt 0.6567383 0.7753906
vt 0.74609375 0.82666016
vt 0.70166016 0.80078125
vt 0.70166016 0.85253906
vt 0.74609375 0.7753906
vt 0.6567383 0.82666016
vt 0.70166016 0.7495117
vt 0.6567383 0.7753906
vt 0.74609375 0.82666016
vt 0.70166016 0.80078125
vt 0.70166016 0.85253906
vt 0.74609375 0.7753906
vt 0.6567383 0.82666016
vt 0.70166016 0.7495117
vt 0.6567383 0.7753906
vt 0.74609375 0.82666016
vt 0.70166016 0.80078125
vt 0.70166016 0.85253906
vt 0.74609375 0.7753906
vt 0.6567383 0.82666016
vt 0.70166016 0.7495117
vt 0.6567383 0.7753906
vt 0.74609375 0.82666016
vt 0.70166016 0.80078125
vt 0.70166016 0.85253906
vt 0.74609375 0.7753906
vt 0.6567383 0.82666016
vt 0.70166016 0.7495117
vt 0.6567383 0.7753906
vt 0.74609375 0.82666016
vt 0.70166016 0.80078125
vt 0.70166016 0.85253906
vt 0.74609375 0.7753906
vt 0.6567383 0.82666016
vt 0.70166016 0.7495117
vt 0.6567383 0.7753906
vt 0.74609375 0.82666016
vt 0.70166016 0.80078125
vt 0.70166016 0.85253906
vt 0.74609375 0.7753906
vt 0.6567383 0.82666016
vt 0.70166016 0.7495117
vt 0.6567383 0.7753906
vt 0.74609375 0.82666016
vt 0.70166016 0.80078125
vt 0.70166016 0.85253906
vt 0.74609375 0.7753906
vt 0.6567383 0.82666016
vt 0.70166016 0.7495117
vt 0.6567383 0.7753906
vt 0.74609375 0.82666016
vt 0.70166016 0.80078125
vt 0.70166016 0.85253906
vt 0.74609375 0.7753906
vt 0.6567383 0.82666016
vt 0.70166016 0.7495117
vt 0.6567383 0.7753906
vt 0.74609375 0.82666016
vt 0.70166016 0.80078125
vt 0.70166016 0.85253906
vt 0.74609375 0.7753906
vt 0.6567383 0.82666016
vt 0.70166016 0.7495117
vt 0.6567383 0.7753906
vt 0.74609375 0.82666016
vt 0.70166016 0.80078125
vt 0.70166016 0.85253906
vt 0.74609375 0.7753906
vt 0.6567383 0.82666016
vt 0.70166016 0.7495117
vt 0.6567383 0.7753906
vt 0.74609375 0.82666016
vt 0.70166016 0.80078125
vt 0.70166016 0.85253906
vt 0.74609375 0.7753906
vt 0.6567383 0.82666016
vt 0.70166016 0.7495117
vt 0.6567383 0.7753906
vt 0.74609375 0.82666016
vt 0.70166016 0.80078125
vt 0.70166016 0.85253906
vt 0.74609375 0.7753906
vt 0.6567383 0.82666016
vt 0.70166016 0.7495117
vt 0.6567383 0.7753906
vt 0.74609375 0.82666016
vt 0.70166016 0.80078125
vt 0.70166016 0.85253906
vt 0.74609375 0.7753906
vt 0.6567383 0.82666016
vt 0.70166016 0.7495117
vt 0.6567383 0.7753906
vt 0.74609375 0.82666016
vt 0.70166016 0.80078125
vt 0.70166016 0.85253906
vt 0.74609375 0.7753906
vt 0.6567383 0.82666016
vt 0.70166016 0.7495117
vt 0.6567383 0.7753906
vt 0.74609375 0.82666016
vt 0.70166016 0.80078125
vt 0.70166016 0.85253906
vt 0.74609375 0.7753906
vt 0.6567383 0.82666016
vt 0.70166016 0.7495117
vt 0.6567383 0.7753906
vt 0.74609375 0.82666016
vt 0.70166016 0.80078125
vt 0.70166016 0.85253906
vt 0.74609375 0.7753906
vt 0.6567383 0.82666016
vt 0.70166016 0.7495117
vt 0.6567383 0.7753906
vt 0.7470703 0.88427734
vt 0.70214844 0.91308594
vt 0.7495117 0.93896484
vt 0.7026367 0.86035156
vt 0.7026367 0.96728516
vt 0.65527344 0.8857422
vt 0.65478516 0.9404297
vt 0.7470703 0.88427734
vt 0.70214844 0.91308594
vt 0.7495117 0.93896484
vt 0.7026367 0.86035156
vt 0.7026367 0.96728516
vt 0.65527344 0.8857422
vt 0.65478516 0.9404297
vt 0.7470703 0.88427734
vt 0.70214844 0.91308594
vt 0.7495117 0.93896484
vt 0.7026367 0.86035156
vt 0.7026367 0.96728516
vt 0.65527344 0.8857422
vt 0.65478516 0.9404297
vt 0.7470703 0.88427734
vt 0.70214844 0.91308594
vt 0.7495117 0.93896484
vt 0.7026367 0.86035156
vt 0.7026367 0.96728516
vt 0.65527344 0.8857422
vt 0.65478516 0.9404297
vt 0.7470703 0.88427734
vt 0.70214844 0.91308594
vt 0.7495117 0.93896484
vt 0.7026367 0.86035156
vt 0.7026367 0.96728516
vt 0.65527344 0.8857422
vt 0.65478516 0.9404297
vt 0.7470703 0.88427734
vt 0.70214844 0.91308594
vt 0.7495117 0.93896484
vt 0.7026367 0.86035156
vt 0.7026367 0.96728516
vt 0.65527344 0.8857422
vt 0.65478516 0.9404297
vt 0.7470703 0.88427734
vt 0.70214844 0.91308594
vt 0.7495117 0.93896484
vt 0.7026367 0.86035156
vt 0.7026367 0.96728516
vt 0.65527344 0.8857422
vt 0.65478516 0.9404297
vt 0.7470703 0.88427734
vt 0.70214844 0.91308594
vt 0.7495117 0.93896484
vt 0.7026367 0.86035156
vt 0.7026367 0.96728516
vt 0.65527344 0.8857422
vt 0.65478516 0.9404297
vt 0.7470703 0.88427734
vt 0.70214844 0.91308594
vt 0.7495117 0.93896484
vt 0.7026367 0.86035156
vt 0.7026367 0.96728516
vt 0.65527344 0.8857422
vt 0.65478516 0.9404297
vt 0.7470703 0.88427734
vt 0.70214844 0.91308594
vt 0.7495117 0.93896484
vt 0.7026367 0.86035156
vt 0.7026367 0.96728516
vt 0.65527344 0.8857422
vt 0.65478516 0.9404297
vt 0.7470703 0.88427734
vt 0.70214844 0.91308594
vt 0.7495117 0.93896484
vt 0.7026367 0.86035156
vt 0.7026367 0.96728516
vt 0.65527344 0.8857422
vt 0.65478516 0.9404297
vt 0.7470703 0.88427734
vt 0.70214844 0.91308594
vt 0.7495117 0.93896484
vt 0.7026367 0.86035156
vt 0.7026367 0.96728516
vt 0.65527344 0.8857422
vt 0.65478516 0.9404297
vt 0.7470703 0.88427734
vt 0.70214844 0.91308594
vt 0.7495117 0.93896484
vt 0.7026367 0.86035156
vt 0.7026367 0.96728516
vt 0.65527344 0.8857422
vt 0.65478516 0.9404297
vt 0.7470703 0.88427734
vt 0.70214844 0.91308594
vt 0.7495117 0.93896484
vt 0.7026367 0.86035156
vt 0.7026367 0.96728516
vt 0.65527344 0.8857422
vt 0.65478516 0.9404297
vt 0.7470703 0.88427734
vt 0.70214844 0.91308594
vt 0.7495117 0.93896484
vt 0.7026367 0.86035156
vt 0.7026367 0.96728516
vt 0.65527344 0.8857422
vt 0.65478516 0.9404297
vt 0.7470703 0.88427734
vt 0.70214844 0.91308594
vt 0.7495117 0.93896484
vt 0.7026367 0.86035156
vt 0.7026367 0.96728516
vt 0.65527344 0.8857422
vt 0.65478516 0.9404297
vt 0.7470703 0.88427734
vt 0.70214844 0.91308594
vt 0.7495117 0.93896484
vt 0.7026367 0.86035156
vt 0.7026367 0.96728516
vt 0.65527344 0.8857422
vt 0.65478516 0.9404297
vt 0.7470703 0.88427734
vt 0.70214844 0.91308594
vt 0.7495117 0.93896484
vt 0.7026367 0.86035156
vt 0.7026367 0.96728516
vt 0.65527344 0.8857422
vt 0.65478516 0.9404297
vt 0.7470703 0.88427734
vt 0.70214844 0.91308594
vt 0.7495117 0.93896484
vt 0.7026367 0.86035156
vt 0.7026367 0.96728516
vt 0.65527344 0.8857422
vt 0.65478516 0.9404297
vt 0.7470703 0.88427734
vt 0.70214844 0.91308594
vt 0.7495117 0.93896484
vt 0.7026367 0.86035156
vt 0.7026367 0.96728516
vt 0.65527344 0.8857422
vt 0.65478516 0.9404297
vn 1 -0.011726379 -0.006412506
vn 0.9199219 0.39233398 0.0011453629
vn 0.45874023 0.3996582 -0.79345703
vn 0.49023438 -0.03604126 -0.87109375
vn 0.9970703 -0.07244873 0.015914917
vn 0.50927734 -0.06518555 -0.85791016
vn 0.4958496 0.097595215 -0.86279297
vn 0.9975586 0.07086182 -0.015670776
vn 1 -0.01600647 0.006088257
vn 0.49609375 -0.013328552 -0.86816406
vn 0.42749023 -0.5161133 -0.7421875
vn 0.85253906 -0.52246094 -0.0015230179
vn 0.49609375 -0.012908936 0.86816406
vn 0.4609375 0.38476562 0.7998047
vn 0.9199219 0.39233398 0.0011453629
vn 1 -0.011726379 -0.006412506
vn 0.49438477 -0.10003662 0.86328125
vn 0.9970703 -0.07244873 0.015914917
vn 0.9975586 0.07086182 -0.015670776
vn 0.5107422 0.062927246 0.8574219
vn 0.49023438 0.008300781 0.87158203
vn 1 -0.01600647 0.006088257
vn 0.42504883 -0.5288086 0.7348633
vn 0.85253906 -0.52246094 -0.0015230179
vn -0.50878906 -0.03842163 0.8598633
vn -0.4609375 0.38476562 0.7998047
vn 0.4609375 0.38476562 0.7998047
vn 0.49609375 -0.012908936 0.86816406
vn -0.48632812 -0.11975098 0.86572266
vn 0.49438477 -0.10003662 0.86328125
vn 0.5107422 0.062927246 0.8574219
vn -0.5 0.08288574 0.8618164
vn -0.50341797 0.0345459 0.86328125
vn 0.49023438 0.008300781 0.87158203
vn -0.42504883 -0.5288086 0.7348633
vn 0.42504883 -0.5288086 0.7348633
vn -0.9980469 -0.061950684 -0.0072250366
vn -0.9199219 0.39233398 0.0011444092
vn -0.4609375 0.38476562 0.7998047
vn -0.50878906 -0.03842163 0.8598633
vn -0.99365234 -0.11340332 0.014923096
vn -0.48632812 -0.11975098 0.86572266
vn -0.5 0.08288574 0.8618164
vn -0.9941406 0.10913086 -0.014862061
vn -0.9995117 0.037139893 0.0070762634
vn -0.50341797 0.0345459 0.86328125
vn -0.85253906 -0.52246094 -0.0015230179
vn -0.42504883 -0.5288086 0.7348633
vn -0.5019531 -0.060699463 -0.86279297
vn -0.45874023 0.3996582 -0.79345703
vn -0.9199219 0.39233398 0.0011444092
vn -0.9980469 -0.061950684 -0.0072250366
vn -0.50097656 -0.08642578 -0.86083984
vn -0.99365234 -0.11340332 0.014923096
vn -0.9941406 0.10913086 -0.014862061
vn -0.48535156 0.11584473 -0.8666992
vn -0.50927734 0.013511658 -0.86083984
vn -0.9995117 0.037139893 0.0070762634
vn -0.42749023 -0.5161133 -0.7421875
vn -0.85253906 -0.52246094 -0.0015230179
vn 0.49023438 -0.03604126 -0.87109375
vn 0.45874023 0.3996582 -0.79345703
vn -0.45874023 0.3996582 -0.79345703
vn -0.5019531 -0.060699463 -0.86279297
vn 0.50927734 -0.06518555 -0.85791016
vn -0.50097656 -0.08642578 -0.86083984
vn -0.48535156 0.11584473 -0.8666992
vn 0.4958496 0.097595215 -0.86279297
vn 0.49609375 -0.013328552 -0.86816406
vn -0.50927734 0.013511658 -0.86083984
vn 0.42749023 -0.5161133 -0.7421875
vn -0.42749023 -0.5161133 -0.7421875
vn 1 -0.011726379 -0.006412506
vn 0.9199219 0.39233398 0.0011434555
vn 0.45874023 0.3996582 -0.79345703
vn 0.49023438 -0.03604126 -0.87109375
vn 0.9970703 -0.07244873 0.015914917
vn 0.50927734 -0.06518555 -0.85791016
vn 0.4958496 0.097595215 -0.86279297
vn 0.9975586 0.07086182 -0.015670776
vn 1 -0.01600647 0.006088257
vn 0.49609375 -0.013328552 -0.86816406
vn 0.42749023 -0.5161133 -0.7421875
vn 0.85253906 -0.52246094 -0.0015230179
vn 0.49609375 -0.012908936 0.86816406
vn 0.4609375 0.38476562 0.7998047
vn 0.9199219 0.39233398 0.0011434555
vn 1 -0.011726379 -0.006412506
vn 0.49438477 -0.10003662 0.86328125
vn 0.9970703 -0.07244873 0.015914917
vn 0.9975586 0.07086182 -0.015670776
vn 0.5107422 0.062927246 0.8574219
vn 0.49023438 0.008300781 0.87158203
vn 1 -0.01600647 0.006088257
vn 0.42504883 -0.5288086 0.7348633
vn 0.85253906 -0.52246094 -0.0015230179
vn -0.50878906 -0.03842163 0.8598633
vn -0.4609375 0.38476562 0.7998047
vn 0.4609375 0.38476562 0.7998047
vn 0.49609375 -0.012908936 0.86816406
vn -0.48632812 -0.11975098 0.86572266
vn 0.49438477 -0.10003662 0.86328125
vn 0.5107422 0.062927246 0.8574219
vn -0.5 0.08288574 0.8618164
vn -0.50341797 0.0345459 0.86328125
vn 0.49023438 0.008300781 0.87158203
vn -0.42504883 -0.5288086 0.7348633
vn 0.42504883 -0.5288086 0.7348633
vn -0.9980469 -0.061950684 -0.0072250366
vn -0.9199219 0.39233398 0.0011425018
vn -0.4609375 0.38476562 0.7998047
vn -0.50878906 -0.03842163 0.8598633
vn -0.99365234 -0.11340332 0.014923096
vn -0.48632812 -0.11975098 0.86572266
vn -0.5 0.08288574 0.8618164
vn -0.9941406 0.10913086 -0.014862061
vn -0.9995117 0.037139893 0.0070762634
vn -0.50341797 0.0345459 0.86328125
vn -0.85253906 -0.52246094 -0.0015230179
vn -0.42504883 -0.5288086 0.7348633
vn -0.5019531 -0.060699463 -0.86279297
vn -0.45874023 0.3996582 -0.79345703
vn -0.9199219 0.39233398 0.0011425018
vn -0.9980469 -0.061950684 -0.0072250366
vn -0.50097656 -0.08642578 -0.86083984
vn -0.99365234 -0.11340332 0.014923096
vn -0.9941406 0.10913086 -0.014862061
vn -0.48535156 0.11584473 -0.8666992
vn -0.50927734 0.013511658 -0.86083984
vn -0.9995117 0.037139893 0.0070762634
vn -0.42749023 -0.5161133 -0.7421875
vn -0.85253906 -0.52246094 -0.0015230179
vn 0.49023438 -0.03604126 -0.87109375
vn 0.45874023 0.3996582 -0.79345703
vn -0.45874023 0.3996582 -0.79345703
vn -0.5019531 -0.060699463 -0.86279297
vn 0.50927734 -0.06518555 -0.85791016
vn -0.50097656 -0.08642578 -0.86083984
vn -0.48535156 0.11584473 -0.8666992
vn 0.4958496 0.097595215 -0.86279297
vn 0.49609375 -0.013328552 -0.86816406
vn -0.50927734 0.013511658 -0.86083984
vn 0.42749023 -0.5161133 -0.7421875
vn -0.42749023 -0.5161133 -0.7421875
vn 0.011222839 1 -0.006454468
vn -0.37719727 0.92626953 0.002702713
vn -0.38232422 0.46313477 -0.7998047
vn 0.037841797 0.49023438 -0.87060547
vn 0.06915283 0.9975586 0.015625
vn 0.06561279 0.50927734 -0.85791016
vn -0.089904785 0.49658203 -0.86328125
vn -0.06768799 0.9975586 -0.015396118
vn 0.015266418 1 0.006023407
vn 0.016143799 0.49609375 -0.86816406
vn 0.5004883 0.43139648 -0.7504883
vn 0.5053711 0.86279297 -0.0036182404
vn 0.008926392 0.4963379 0.86816406
vn -0.37231445 0.46289062 0.8046875
vn -0.37719727 0.92626953 0.002702713
vn 0.011222839 1 -0.006454468
vn 0.092285156 0.4951172 0.86376953
vn 0.06915283 0.9975586 0.015625
vn -0.06768799 0.9975586 -0.015396118
vn -0.06347656 0.5107422 0.8574219
vn -0.011352539 0.49047852 0.87158203
vn 0.015266418 1 0.006023407
vn 0.5102539 0.43164062 0.7441406
vn 0.5053711 0.86279297 -0.0036182404
vn 0.033355713 -0.50878906 0.86035156
vn -0.37231445 -0.46289062 0.8046875
vn -0.37231445 0.46289062 0.8046875
vn 0.008926392 0.4963379 0.86816406
vn 0.111206055 -0.48706055 0.86621094
vn 0.092285156 0.4951172 0.86376953
vn -0.06347656 0.5107422 0.8574219
vn -0.08251953 -0.5 0.8618164
vn -0.036376953 -0.50341797 0.86328125
vn -0.011352539 0.49047852 0.87158203
vn 0.5102539 -0.43164062 0.7441406
vn 0.5102539 0.43164062 0.7441406
vn 0.05923462 -0.9980469 -0.0074653625
vn -0.37719727 -0.92626953 0.002702713
vn -0.37231445 -0.46289062 0.8046875
vn 0.033355713 -0.50878906 0.86035156
vn 0.1083374 -0.9941406 0.014480591
vn 0.111206055 -0.48706055 0.86621094
vn -0.08251953 -0.5 0.8618164
vn -0.10418701 -0.9946289 -0.014434814
vn -0.035491943 -0.9995117 0.007217407
vn -0.036376953 -0.50341797 0.86328125
vn 0.5053711 -0.86279297 -0.003616333
vn 0.5102539 -0.43164062 0.7441406
vn 0.06137085 -0.5019531 -0.86279297
vn -0.38232422 -0.46313477 -0.7998047
vn -0.37719727 -0.92626953 0.002702713
vn 0.05923462 -0.9980469 -0.0074653625
vn 0.085876465 -0.50097656 -0.8613281
vn 0.1083374 -0.9941406 0.014480591
vn -0.10418701 -0.9946289 -0.014434814
vn -0.107421875 -0.48608398 -0.8671875
vn -0.009529114 -0.50927734 -0.86035156
vn -0.035491943 -0.9995117 0.007217407
vn 0.5004883 -0.43139648 -0.7504883
vn 0.5053711 -0.86279297 -0.003616333
vn 0.011222839 1 -0.006454468
vn -0.37719727 0.92626953 0.0027008057
vn -0.38232422 0.46313477 -0.7998047
vn 0.037841797 0.49023438 -0.87060547
vn 0.06915283 0.9975586 0.015625
vn 0.06561279 0.50927734 -0.85791016
vn -0.089904785 0.49658203 -0.86328125
vn -0.06768799 0.9975586 -0.015396118
vn 0.015266418 1 0.006023407
vn 0.016143799 0.49609375 -0.86816406
vn 0.5004883 0.43139648 -0.7504883
vn 0.5053711 0.86279297 -0.0036182404
vn 0.008926392 0.4963379 0.86816406
vn -0.37231445 0.46289062 0.8046875
vn -0.37719727 0.92626953 0.0027008057
vn 0.011222839 1 -0.006454468
vn 0.092285156 0.4951172 0.86376953
vn 0.06915283 0.9975586 0.015625
vn -0.06768799 0.9975586 -0.015396118
vn -0.06347656 0.5107422 0.8574219
vn -0.011352539 0.49047852 0.87158203
vn 0.015266418 1 0.006023407
vn 0.5102539 0.43164062 0.7441406
vn 0.5053711 0.86279297 -0.0036182404
vn 0.033355713 -0.50878906 0.86035156
vn -0.37231445 -0.46289062 0.8046875
vn -0.37231445 0.46289062 0.8046875
vn 0.008926392 0.4963379 0.86816406
vn 0.111206055 -0.48706055 0.86621094
vn 0.092285156 0.4951172 0.86376953
vn -0.06347656 0.5107422 0.8574219
vn -0.08251953 -0.5 0.8618164
vn -0.036376953 -0.50341797 0.86328125
vn -0.011352539 0.49047852 0.87158203
vn 0.5102539 -0.43164062 0.7441406
vn 0.5102539 0.43164062 0.7441406
vn 0.05923462 -0.9980469 -0.0074653625
vn -0.37719727 -0.92626953 0.0027008057
vn -0.37231445 -0.46289062 0.8046875
vn 0.033355713 -0.50878906 0.86035156
vn 0.1083374 -0.9941406 0.014480591
vn 0.111206055 -0.48706055 0.86621094
vn -0.08251953 -0.5 0.8618164
vn -0.10418701 -0.9946289 -0.014434814
vn -0.035491943 -0.9995117 0.007217407
vn -0.036376953 -0.50341797 0.86328125
vn 0.5053711 -0.86279297 -0.0036182404
vn 0.5102539 -0.43164062 0.7441406
vn 0.06137085 -0.5019531 -0.86279297
vn -0.38232422 -0.46313477 -0.7998047
vn -0.37719727 -0.92626953 0.0027008057
vn 0.05923462 -0.9980469 -0.0074653625
vn 0.085876465 -0.50097656 -0.8613281
vn 0.1083374 -0.9941406 0.014480591
vn -0.10418701 -0.9946289 -0.014434814
vn -0.107421875 -0.48608398 -0.8671875
vn -0.009529114 -0.50927734 -0.86035156
vn -0.035491943 -0.9995117 0.007217407
vn 0.5004883 -0.43139648 -0.7504883
vn 0.5053711 -0.86279297 -0.0036182404
vn 0.0112838745 1 -0.006450653
vn -0.37890625 0.92529297 0.0025177002
vn -0.38427734 0.46264648 -0.7988281
vn 0.037628174 0.49023438 -0.87060547
vn 0.06958008 0.9975586 0.015670776
vn 0.06555176 0.50927734 -0.85791016
vn -0.09082031 0.49658203 -0.86328125
vn -0.0680542 0.9975586 -0.015426636
vn 0.015350342 1 0.0060310364
vn 0.015808105 0.49609375 -0.86816406
vn 0.5024414 0.4309082 -0.7495117
vn 0.5073242 0.8618164 -0.0033664703
vn 0.009399414 0.4963379 0.86816406
vn -0.3737793 0.46264648 0.80371094
vn -0.37890625 0.92529297 0.0025177002
vn 0.0112838745 1 -0.006450653
vn 0.09320068 0.4951172 0.86376953
vn 0.06958008 0.9975586 0.015670776
vn -0.0680542 0.9975586 -0.015426636
vn -0.06341553 0.5107422 0.8574219
vn -0.010986328 0.49047852 0.87158203
vn 0.015350342 1 0.0060310364
vn 0.51220703 0.4309082 0.7426758
vn 0.5073242 0.8618164 -0.0033664703
vn 0.033966064 -0.50878906 0.86035156
vn -0.3737793 -0.46264648 0.80371094
vn -0.3737793 0.46264648 0.80371094
vn 0.009399414 0.4963379 0.86816406
vn 0.11218262 -0.48706055 0.86621094
vn 0.09320068 0.4951172 0.86376953
vn -0.06341553 0.5107422 0.8574219
vn -0.08258057 -0.5 0.8618164
vn -0.03616333 -0.50341797 0.86328125
vn -0.010986328 0.49047852 0.87158203
vn 0.51220703 -0.4309082 0.7426758
vn 0.51220703 0.4309082 0.7426758
vn 0.059539795 -0.9980469 -0.0074386597
vn -0.37890625 -0.92529297 0.0025157928
vn -0.3737793 -0.46264648 0.80371094
vn 0.033966064 -0.50878906 0.86035156
vn 0.108947754 -0.9941406 0.014533997
vn 0.11218262 -0.48706055 0.86621094
vn -0.08258057 -0.5 0.8618164
vn -0.10479736 -0.9946289 -0.01448822
vn -0.035705566 -0.9995117 0.0072021484
vn -0.03616333 -0.50341797 0.86328125
vn 0.5073242 -0.8618164 -0.0033664703
vn 0.51220703 -0.4309082 0.7426758
vn 0.061309814 -0.5019531 -0.86279297
vn -0.38427734 -0.46264648 -0.7988281
vn -0.37890625 -0.92529297 0.0025157928
vn 0.059539795 -0.9980469 -0.0074386597
vn 0.0859375 -0.50097656 -0.8613281
vn 0.108947754 -0.9941406 0.014533997
vn -0.10479736 -0.9946289 -0.01448822
vn -0.10839844 -0.48583984 -0.8671875
vn -0.010002136 -0.50927734 -0.86035156
vn -0.035705566 -0.9995117 0.0072021484
vn 0.5024414 -0.4309082 -0.7495117
vn 0.5073242 -0.8618164 -0.0033664703
vn 0.0112838745 1 -0.006450653
vn -0.37890625 0.92529297 0.0025157928
vn -0.38427734 0.46264648 -0.7988281
vn 0.037628174 0.49023438 -0.87060547
vn 0.06958008 0.9975586 0.015670776
vn 0.06555176 0.50927734 -0.85791016
vn -0.09082031 0.49658203 -0.86328125
vn -0.0680542 0.9975586 -0.015426636
vn 0.015350342 1 0.0060310364
vn 0.015808105 0.49609375 -0.86816406
vn 0.5024414 0.4309082 -0.7495117
vn 0.5073242 0.8618164 -0.0033664703
vn 0.009399414 0.4963379 0.86816406
vn -0.3737793 0.46264648 0.80371094
vn -0.37890625 0.92529297 0.0025157928
vn 0.0112838745 1 -0.006450653
vn 0.09320068 0.4951172 0.86376953
vn 0.06958008 0.9975586 0.015670776
vn -0.0680542 0.9975586 -0.015426636
vn -0.06341553 0.5107422 0.8574219
vn -0.010986328 0.49047852 0.87158203
vn 0.015350342 1 0.0060310364
vn 0.51220703 0.4309082 0.7426758
vn 0.5073242 0.8618164 -0.0033664703
vn 0.033966064 -0.50878906 0.86035156
vn -0.3737793 -0.46264648 0.80371094
vn -0.3737793 0.46264648 0.80371094
vn 0.009399414 0.4963379 0.86816406
vn 0.11218262 -0.48706055 0.86621094
vn 0.09320068 0.4951172 0.86376953
vn -0.06341553 0.5107422 0.8574219
vn -0.08258057 -0.5 0.8618164
vn -0.03616333 -0.50341797 0.86328125
vn -0.010986328 0.49047852 0.87158203
vn 0.51220703 -0.4309082 0.7426758
vn 0.51220703 0.4309082 0.7426758
vn 0.059539795 -0.9980469 -0.0074386597
vn -0.37890625 -0.92529297 0.0025138855
vn -0.3737793 -0.46264648 0.80371094
vn 0.033966064 -0.50878906 0.86035156
vn 0.108947754 -0.9941406 0.014533997
vn 0.11218262 -0.48706055 0.86621094
vn -0.08258057 -0.5 0.8618164
vn -0.10479736 -0.9946289 -0.01448822
vn -0.035705566 -0.9995117 0.0072021484
vn -0.03616333 -0.50341797 0.86328125
vn 0.5073242 -0.8618164 -0.0033664703
vn 0.51220703 -0.4309082 0.7426758
vn 0.061309814 -0.5019531 -0.86279297
vn -0.38427734 -0.46264648 -0.7988281
vn -0.37890625 -0.92529297 0.0025138855
vn 0.059539795 -0.9980469 -0.0074386597
vn 0.0859375 -0.50097656 -0.8613281
vn 0.108947754 -0.9941406 0.014533997
vn -0.10479736 -0.9946289 -0.01448822
vn -0.10839844 -0.48583984 -0.8671875
vn -0.010002136 -0.50927734 -0.86035156
vn -0.035705566 -0.9995117 0.0072021484
vn 0.5024414 -0.4309082 -0.7495117
vn 0.5073242 -0.8618164 -0.0033664703
vn 0.037628174 0.49023438 -0.87060547
vn -0.38427734 0.46264648 -0.7988281
vn -0.38427734 -0.46264648 -0.7988281
vn 0.061309814 -0.5019531 -0.86279297
vn -0 0 1
vn -0 0 1
vn -0 0 1
vn -0 0 1
vn 0.0112838745 1 -0.006450653
vn -0.37890625 0.92529297 0.0025157928
vn -0.38427734 0.46264648 -0.7988281
vn 0.037628174 0.49023438 -0.87060547
vn 0.06958008 0.9975586 0.015670776
vn 0.06555176 0.50927734 -0.85791016
vn -0.09082031 0.49658203 -0.86328125
vn -0.0680542 0.9975586 -0.015426636
vn 0.015350342 1 0.0060310364
vn 0.015808105 0.49609375 -0.86816406
vn 0.5024414 0.4309082 -0.7495117
vn 0.5073242 0.8618164 -0.0033664703
vn 0.009399414 0.4963379 0.86816406
vn -0.3737793 0.46264648 0.80371094
vn -0.37890625 0.92529297 0.0025157928
vn 0.0112838745 1 -0.006450653
vn 0.09320068 0.4951172 0.86376953
vn 0.06958008 0.9975586 0.015670776
vn -0.0680542 0.9975586 -0.015426636
vn -0.06341553 0.5107422 0.8574219
vn -0.010986328 0.49047852 0.87158203
vn 0.015350342 1 0.0060310364
vn 0.51220703 0.4309082 0.7426758
vn 0.5073242 0.8618164 -0.0033664703
vn 0.033966064 -0.50878906 0.86035156
vn -0.3737793 -0.46264648 0.80371094
vn -0.3737793 0.46264648 0.80371094
vn 0.009399414 0.4963379 0.86816406
vn 0.11218262 -0.48706055 0.86621094
vn 0.09320068 0.4951172 0.86376953
vn -0.06341553 0.5107422 0.8574219
vn -0.08258057 -0.5 0.8618164
vn -0.03616333 -0.50341797 0.86328125
vn -0.010986328 0.49047852 0.87158203
vn 0.51220703 -0.4309082 0.7426758
vn 0.51220703 0.4309082 0.7426758
vn 0.059539795 -0.9980469 -0.0074386597
vn -0.37890625 -0.92529297 0.0025138855
vn -0.3737793 -0.46264648 0.80371094
vn 0.033966064 -0.50878906 0.86035156
vn 0.108947754 -0.9941406 0.014533997
vn 0.11218262 -0.48706055 0.86621094
vn -0.08258057 -0.5 0.8618164
vn -0.10479736 -0.9946289 -0.01448822
vn -0.035705566 -0.9995117 0.0072021484
vn -0.03616333 -0.50341797 0.86328125
vn 0.5073242 -0.8618164 -0.0033664703
vn 0.51220703 -0.4309082 0.7426758
vn 0.061309814 -0.5019531 -0.86279297
vn -0.38427734 -0.46264648 -0.7988281
vn -0.37890625 -0.92529297 0.0025138855
vn 0.059539795 -0.9980469 -0.0074386597
vn 0.0859375 -0.50097656 -0.8613281
vn 0.108947754 -0.9941406 0.014533997
vn -0.10479736 -0.9946289 -0.01448822
vn -0.10839844 -0.48583984 -0.8671875
vn -0.010002136 -0.50927734 -0.86035156
vn -0.035705566 -0.9995117 0.0072021484
vn 0.5024414 -0.4309082 -0.7495117
vn 0.5073242 -0.8618164 -0.0033664703
vn -0.010002136 -0.50927734 -0.86035156
vn 0.5024414 -0.4309082 -0.7495117
vn 0.5024414 0.4309082 -0.7495117
vn 0.015808105 0.49609375 -0.86816406
vn 0.011222839 1 -0.006454468
vn -0.37719727 0.92626953 0.002702713
vn -0.38232422 0.46313477 -0.7998047
vn 0.037841797 0.49023438 -0.87060547
vn 0.06915283 0.9975586 0.015625
vn 0.06561279 0.50927734 -0.85791016
vn -0.089904785 0.49658203 -0.86328125
vn -0.06768799 0.9975586 -0.015396118
vn 0.015266418 1 0.006023407
vn 0.016143799 0.49609375 -0.86816406
vn 0.5004883 0.43139648 -0.7504883
vn 0.5053711 0.86279297 -0.0036182404
vn 0.008926392 0.4963379 0.86816406
vn -0.37231445 0.46289062 0.8046875
vn -0.37719727 0.92626953 0.002702713
vn 0.011222839 1 -0.006454468
vn 0.092285156 0.4951172 0.86376953
vn 0.06915283 0.9975586 0.015625
vn -0.06768799 0.9975586 -0.015396118
vn -0.06347656 0.5107422 0.8574219
vn -0.011352539 0.49047852 0.87158203
vn 0.015266418 1 0.006023407
vn 0.5102539 0.43164062 0.7441406
vn 0.5053711 0.86279297 -0.0036182404
vn 0.033355713 -0.50878906 0.86035156
vn -0.37231445 -0.46289062 0.8046875
vn -0.37231445 0.46289062 0.8046875
vn 0.008926392 0.4963379 0.86816406
vn 0.111206055 -0.48706055 0.86621094
vn 0.092285156 0.4951172 0.86376953
vn -0.06347656 0.5107422 0.8574219
vn -0.08251953 -0.5 0.8618164
vn -0.036376953 -0.50341797 0.86328125
vn -0.011352539 0.49047852 0.87158203
vn 0.5102539 -0.43164062 0.7441406
vn 0.5102539 0.43164062 0.7441406
vn 0.05923462 -0.9980469 -0.0074653625
vn -0.37719727 -0.92626953 0.002702713
vn -0.37231445 -0.46289062 0.8046875
vn 0.033355713 -0.50878906 0.86035156
vn 0.1083374 -0.9941406 0.014480591
vn 0.111206055 -0.48706055 0.86621094
vn -0.08251953 -0.5 0.8618164
vn -0.10418701 -0.9946289 -0.014434814
vn -0.035491943 -0.9995117 0.007217407
vn -0.036376953 -0.50341797 0.86328125
vn 0.5053711 -0.86279297 -0.003616333
vn 0.5102539 -0.43164062 0.7441406
vn 0.06137085 -0.5019531 -0.86279297
vn -0.38232422 -0.46313477 -0.7998047
vn -0.37719727 -0.92626953 0.002702713
vn 0.05923462 -0.9980469 -0.0074653625
vn 0.085876465 -0.50097656 -0.8613281
vn 0.1083374 -0.9941406 0.014480591
vn -0.10418701 -0.9946289 -0.014434814
vn -0.107421875 -0.48608398 -0.8671875
vn -0.009529114 -0.50927734 -0.86035156
vn -0.035491943 -0.9995117 0.007217407
vn 0.5004883 -0.43139648 -0.7504883
vn 0.5053711 -0.86279297 -0.003616333
vn 0.011222839 1 -0.006454468
vn -0.37719727 0.92626953 0.0027008057
vn -0.38232422 0.46313477 -0.7998047
vn 0.037841797 0.49023438 -0.87060547
vn 0.06915283 0.9975586 0.015625
vn 0.06561279 0.50927734 -0.85791016
vn -0.089904785 0.49658203 -0.86328125
vn -0.06768799 0.9975586 -0.015396118
vn 0.015266418 1 0.006023407
vn 0.016143799 0.49609375 -0.86816406
vn 0.5004883 0.43139648 -0.7504883
vn 0.5053711 0.86279297 -0.0036182404
vn 0.008926392 0.4963379 0.86816406
vn -0.37231445 0.46289062 0.8046875
vn -0.37719727 0.92626953 0.0027008057
vn 0.011222839 1 -0.006454468
vn 0.092285156 0.4951172 0.86376953
vn 0.06915283 0.9975586 0.015625
vn -0.06768799 0.9975586 -0.015396118
vn -0.06347656 0.5107422 0.8574219
vn -0.011352539 0.49047852 0.87158203
vn 0.015266418 1 0.006023407
vn 0.5102539 0.43164062 0.7441406
vn 0.5053711 0.86279297 -0.0036182404
vn 0.033355713 -0.50878906 0.86035156
vn -0.37231445 -0.46289062 0.8046875
vn -0.37231445 0.46289062 0.8046875
vn 0.008926392 0.4963379 0.86816406
vn 0.111206055 -0.48706055 0.86621094
vn 0.092285156 0.4951172 0.86376953
vn -0.06347656 0.5107422 0.8574219
vn -0.08251953 -0.5 0.8618164
vn -0.036376953 -0.50341797 0.86328125
vn -0.011352539 0.49047852 0.87158203
vn 0.5102539 -0.43164062 0.7441406
vn 0.5102539 0.43164062 0.7441406
vn 0.05923462 -0.9980469 -0.0074653625
vn -0.37719727 -0.92626953 0.0027008057
vn -0.37231445 -0.46289062 0.8046875
vn 0.033355713 -0.50878906 0.86035156
vn 0.1083374 -0.9941406 0.014480591
vn 0.111206055 -0.48706055 0.86621094
vn -0.08251953 -0.5 0.8618164
vn -0.10418701 -0.9946289 -0.014434814
vn -0.035491943 -0.9995117 0.007217407
vn -0.036376953 -0.50341797 0.86328125
vn 0.5053711 -0.86279297 -0.0036182404
vn 0.5102539 -0.43164062 0.7441406
vn 0.06137085 -0.5019531 -0.86279297
vn -0.38232422 -0.46313477 -0.7998047
vn -0.37719727 -0.92626953 0.0027008057
vn 0.05923462 -0.9980469 -0.0074653625
vn 0.085876465 -0.50097656 -0.8613281
vn 0.1083374 -0.9941406 0.014480591
vn -0.10418701 -0.9946289 -0.014434814
vn -0.107421875 -0.48608398 -0.8671875
vn -0.009529114 -0.50927734 -0.86035156
vn -0.035491943 -0.9995117 0.007217407
vn 0.5004883 -0.43139648 -0.7504883
vn 0.5053711 -0.86279297 -0.0036182404
vn 0.0112838745 1 -0.006450653
vn -0.37890625 0.92529297 0.0025177002
vn -0.38427734 0.46264648 -0.7988281
vn 0.037628174 0.49023438 -0.87060547
vn 0.06958008 0.9975586 0.015670776
vn 0.06555176 0.50927734 -0.85791016
vn -0.09082031 0.49658203 -0.86328125
vn -0.0680542 0.9975586 -0.015426636
vn 0.015350342 1 0.0060310364
vn 0.015808105 0.49609375 -0.86816406
vn 0.5024414 0.4309082 -0.7495117
vn 0.5073242 0.8618164 -0.0033664703
vn 0.009399414 0.4963379 0.86816406
vn -0.3737793 0.46264648 0.80371094
vn -0.37890625 0.92529297 0.0025177002
vn 0.0112838745 1 -0.006450653
vn 0.09320068 0.4951172 0.86376953
vn 0.06958008 0.9975586 0.015670776
vn -0.0680542 0.9975586 -0.015426636
vn -0.06341553 0.5107422 0.8574219
vn -0.010986328 0.49047852 0.87158203
vn 0.015350342 1 0.0060310364
vn 0.51220703 0.4309082 0.7426758
vn 0.5073242 0.8618164 -0.0033664703
vn 0.033966064 -0.50878906 0.86035156
vn -0.3737793 -0.46264648 0.80371094
vn -0.3737793 0.46264648 0.80371094
vn 0.009399414 0.4963379 0.86816406
vn 0.11218262 -0.48706055 0.86621094
vn 0.09320068 0.4951172 0.86376953
vn -0.06341553 0.5107422 0.8574219
vn -0.08258057 -0.5 0.8618164
vn -0.03616333 -0.50341797 0.86328125
vn -0.010986328 0.49047852 0.87158203
vn 0.51220703 -0.4309082 0.7426758
vn 0.51220703 0.4309082 0.7426758
vn 0.059539795 -0.9980469 -0.0074386597
vn -0.37890625 -0.92529297 0.0025157928
vn -0.3737793 -0.46264648 0.80371094
vn 0.033966064 -0.50878906 0.86035156
vn 0.108947754 -0.9941406 0.014533997
vn 0.11218262 -0.48706055 0.86621094
vn -0.08258057 -0.5 0.8618164
vn -0.10479736 -0.9946289 -0.01448822
vn -0.035705566 -0.9995117 0.0072021484
vn -0.03616333 -0.50341797 0.86328125
vn 0.5073242 -0.8618164 -0.0033664703
vn 0.51220703 -0.4309082 0.7426758
vn 0.061309814 -0.5019531 -0.86279297
vn -0.38427734 -0.46264648 -0.7988281
vn -0.37890625 -0.92529297 0.0025157928
vn 0.059539795 -0.9980469 -0.0074386597
vn 0.0859375 -0.50097656 -0.8613281
vn 0.108947754 -0.9941406 0.014533997
vn -0.10479736 -0.9946289 -0.01448822
vn -0.10839844 -0.48583984 -0.8671875
vn -0.010002136 -0.50927734 -0.86035156
vn -0.035705566 -0.9995117 0.0072021484
vn 0.5024414 -0.4309082 -0.7495117
vn 0.5073242 -0.8618164 -0.0033664703
vn 0.0112838745 1 -0.006450653
vn -0.37890625 0.92529297 0.0025157928
vn -0.38427734 0.46264648 -0.7988281
vn 0.037628174 0.49023438 -0.87060547
vn 0.06958008 0.9975586 0.015670776
vn 0.06555176 0.50927734 -0.85791016
vn -0.09082031 0.49658203 -0.86328125
vn -0.0680542 0.9975586 -0.015426636
vn 0.015350342 1 0.0060310364
vn 0.015808105 0.49609375 -0.86816406
vn 0.5024414 0.4309082 -0.7495117
vn 0.5073242 0.8618164 -0.0033664703
vn 0.009399414 0.4963379 0.86816406
vn -0.3737793 0.46264648 0.80371094
vn -0.37890625 0.92529297 0.0025157928
vn 0.0112838745 1 -0.006450653
vn 0.09320068 0.4951172 0.86376953
vn 0.06958008 0.9975586 0.015670776
vn -0.0680542 0.9975586 -0.015426636
vn -0.06341553 0.5107422 0.8574219
vn -0.010986328 0.49047852 0.87158203
vn 0.015350342 1 0.0060310364
vn 0.51220703 0.4309082 0.7426758
vn 0.5073242 0.8618164 -0.0033664703
vn 0.033966064 -0.50878906 0.86035156
vn -0.3737793 -0.46264648 0.80371094
vn -0.3737793 0.46264648 0.80371094
vn 0.009399414 0.4963379 0.86816406
vn 0.11218262 -0.48706055 0.86621094
vn 0.09320068 0.4951172 0.86376953
vn -0.06341553 0.5107422 0.8574219
vn -0.08258057 -0.5 0.8618164
vn -0.03616333 -0.50341797 0.86328125
vn -0.010986328 0.49047852 0.87158203
vn 0.51220703 -0.4309082 0.7426758
vn 0.51220703 0.4309082 0.7426758
vn 0.059539795 -0.9980469 -0.0074386597
vn -0.37890625 -0.92529297 0.0025138855
vn -0.3737793 -0.46264648 0.80371094
vn 0.033966064 -0.50878906 0.86035156
vn 0.108947754 -0.9941406 0.014533997
vn 0.11218262 -0.48706055 0.86621094
vn -0.08258057 -0.5 0.8618164
vn -0.10479736 -0.9946289 -0.01448822
vn -0.035705566 -0.9995117 0.0072021484
vn -0.03616333 -0.50341797 0.86328125
vn 0.5073242 -0.8618164 -0.0033664703
vn 0.51220703 -0.4309082 0.7426758
vn 0.061309814 -0.5019531 -0.86279297
vn -0.38427734 -0.46264648 -0.7988281
vn -0.37890625 -0.92529297 0.0025138855
vn 0.059539795 -0.9980469 -0.0074386597
vn 0.0859375 -0.50097656 -0.8613281
vn 0.108947754 -0.9941406 0.014533997
vn -0.10479736 -0.9946289 -0.01448822
vn -0.10839844 -0.48583984 -0.8671875
vn -0.010002136 -0.50927734 -0.86035156
vn -0.035705566 -0.9995117 0.0072021484
vn 0.5024414 -0.4309082 -0.7495117
vn 0.5073242 -0.8618164 -0.0033664703
vn 0.037628174 0.49023438 -0.87060547
vn -0.38427734 0.46264648 -0.7988281
vn -0.38427734 -0.46264648 -0.7988281
vn 0.061309814 -0.5019531 -0.86279297
vn 1 -0.011581421 -0.00642395
vn 0.921875 0.38793945 0.0015850067
vn 0.45996094 0.3947754 -0.79541016
vn 0.49023438 -0.03656006 -0.87109375
vn 0.9970703 -0.0715332 0.015838623
vn 0.50927734 -0.06530762 -0.85791016
vn 0.49609375 0.09539795 -0.86279297
vn 0.9975586 0.06994629 -0.015594482
vn 1 -0.015792847 0.006072998
vn 0.49609375 -0.014129639 -0.86816406
vn 0.4284668 -0.51171875 -0.7446289
vn 0.85546875 -0.5175781 -0.0021133423
vn 0.4963379 -0.011779785 0.86816406
vn 0.46142578 0.38110352 0.80126953
vn 0.921875 0.38793945 0.0015850067
vn 1 -0.011581421 -0.00642395
vn 0.4946289 -0.097839355 0.86376953
vn 0.9970703 -0.0715332 0.015838623
vn 0.9975586 0.06994629 -0.015594482
vn 0.5107422 0.06304932 0.8574219
vn 0.49023438 0.009162903 0.87158203
vn 1 -0.015792847 0.006072998
vn 0.4267578 -0.5234375 0.7373047
vn 0.85546875 -0.5175781 -0.0021133423
vn -0.50878906 -0.036987305 0.8598633
vn -0.46142578 0.38110352 0.80126953
vn 0.46142578 0.38110352 0.80126953
vn 0.4963379 -0.011779785 0.86816406
vn -0.48657227 -0.117370605 0.86572266
vn 0.4946289 -0.097839355 0.86376953
vn 0.5107422 0.06304932 0.8574219
vn -0.5 0.08276367 0.8618164
vn -0.50341797 0.035064697 0.86328125
vn 0.49023438 0.009162903 0.87158203
vn -0.4267578 -0.5234375 0.7373047
vn 0.4267578 -0.5234375 0.7373047
vn -0.9980469 -0.061187744 -0.007293701
vn -0.921875 0.38793945 0.001584053
vn -0.46142578 0.38110352 0.80126953
vn -0.50878906 -0.036987305 0.8598633
vn -0.99365234 -0.11199951 0.014801025
vn -0.48657227 -0.117370605 0.86572266
vn -0.5 0.08276367 0.8618164
vn -0.9941406 0.10772705 -0.01473999
vn -0.9995117 0.03668213 0.0071144104
vn -0.50341797 0.035064697 0.86328125
vn -0.85546875 -0.5175781 -0.002111435
vn -0.4267578 -0.5234375 0.7373047
vn -0.5019531 -0.060913086 -0.86279297
vn -0.45996094 0.3947754 -0.79541016
vn -0.921875 0.38793945 0.001584053
vn -0.9980469 -0.061187744 -0.007293701
vn -0.50097656 -0.086242676 -0.8613281
vn -0.99365234 -0.11199951 0.014801025
vn -0.9941406 0.10772705 -0.01473999
vn -0.48535156 0.113464355 -0.8666992
vn -0.50927734 0.012382507 -0.86083984
vn -0.9995117 0.03668213 0.0071144104
vn -0.4284668 -0.51171875 -0.7446289
vn -0.85546875 -0.5175781 -0.002111435
vn 1 -0.011581421 -0.00642395
vn 0.921875 0.38793945 0.001584053
vn 0.45996094 0.3947754 -0.79541016
vn 0.49023438 -0.03656006 -0.87109375
vn 0.9970703 -0.0715332 0.015838623
vn 0.50927734 -0.06530762 -0.85791016
vn 0.49609375 0.09539795 -0.86279297
vn 0.9975586 0.06994629 -0.015594482
vn 1 -0.015792847 0.006072998
vn 0.49609375 -0.014129639 -0.86816406
vn 0.4284668 -0.51171875 -0.7446289
vn 0.85546875 -0.5175781 -0.002111435
vn 0.4963379 -0.011779785 0.86816406
vn 0.46142578 0.38110352 0.80126953
vn 0.921875 0.38793945 0.001584053
vn 1 -0.011581421 -0.00642395
vn 0.4946289 -0.097839355 0.86376953
vn 0.9970703 -0.0715332 0.015838623
vn 0.9975586 0.06994629 -0.015594482
vn 0.5107422 0.06304932 0.8574219
vn 0.49023438 0.009162903 0.87158203
vn 1 -0.015792847 0.006072998
vn 0.4267578 -0.5234375 0.7373047
vn 0.85546875 -0.5175781 -0.002111435
vn -0.50878906 -0.036987305 0.8598633
vn -0.46142578 0.38110352 0.80126953
vn 0.46142578 0.38110352 0.80126953
vn 0.4963379 -0.011779785 0.86816406
vn -0.48657227 -0.117370605 0.86572266
vn 0.4946289 -0.097839355 0.86376953
vn 0.5107422 0.06304932 0.8574219
vn -0.5 0.08276367 0.8618164
vn -0.50341797 0.035064697 0.86328125
vn 0.49023438 0.009162903 0.87158203
vn -0.4267578 -0.5234375 0.7373047
vn 0.4267578 -0.5234375 0.7373047
vn -0.9980469 -0.061187744 -0.007293701
vn -0.921875 0.38793945 0.0015830994
vn -0.46142578 0.38110352 0.80126953
vn -0.50878906 -0.036987305 0.8598633
vn -0.99365234 -0.11199951 0.014801025
vn -0.48657227 -0.117370605 0.86572266
vn -0.5 0.08276367 0.8618164
vn -0.9941406 0.10772705 -0.01473999
vn -0.9995117 0.03668213 0.0071144104
vn -0.50341797 0.035064697 0.86328125
vn -0.85546875 -0.5175781 -0.0021133423
vn -0.4267578 -0.5234375 0.7373047
vn -0.5019531 -0.060913086 -0.86279297
vn -0.45996094 0.3947754 -0.79541016
vn -0.921875 0.38793945 0.0015830994
vn -0.9980469 -0.061187744 -0.007293701
vn -0.50097656 -0.086242676 -0.8613281
vn -0.99365234 -0.11199951 0.014801025
vn -0.9941406 0.10772705 -0.01473999
vn -0.48535156 0.113464355 -0.8666992
vn -0.50927734 0.012382507 -0.86083984
vn -0.9995117 0.03668213 0.0071144104
vn -0.4284668 -0.51171875 -0.7446289
vn -0.85546875 -0.5175781 -0.0021133423
vn 1 -0.012565613 -0.006336212
vn 0.9091797 0.41674805 -0.0014181137
vn 0.45117188 0.42749023 -0.7832031
vn 0.48999023 -0.03302002 -0.87109375
vn 0.99658203 -0.07800293 0.016403198
vn 0.50927734 -0.064453125 -0.85791016
vn 0.49487305 0.11029053 -0.8618164
vn 0.9970703 0.076293945 -0.016143799
vn 1 -0.017242432 0.006198883
vn 0.4958496 -0.008621216 -0.86816406
vn 0.42089844 -0.5415039 -0.72753906
vn 0.83496094 -0.55029297 0.0018730164
vn 0.4958496 -0.019577026 0.86816406
vn 0.4572754 0.40527344 0.7915039
vn 0.9091797 0.41674805 -0.0014181137
vn 1 -0.012565613 -0.006336212
vn 0.49316406 -0.112976074 0.8623047
vn 0.99658203 -0.07800293 0.016403198
vn 0.9970703 0.076293945 -0.016143799
vn 0.5107422 0.06201172 0.8574219
vn 0.48999023 0.0031909943 0.87158203
vn 1 -0.017242432 0.006198883
vn 0.41381836 -0.55810547 0.7192383
vn 0.83496094 -0.55029297 0.0018730164
vn -0.5083008 -0.046936035 0.8598633
vn -0.4572754 0.40527344 0.7915039
vn 0.4572754 0.40527344 0.7915039
vn 0.4958496 -0.019577026 0.86816406
vn -0.48486328 -0.1340332 0.8642578
vn 0.49316406 -0.112976074 0.8623047
vn 0.5107422 0.06201172 0.8574219
vn -0.5 0.08343506 0.8618164
vn -0.5029297 0.031463623 0.86376953
vn 0.48999023 0.0031909943 0.87158203
vn -0.41381836 -0.55810547 0.7192383
vn 0.41381836 -0.55810547 0.7192383
vn -0.9975586 -0.06652832 -0.006816864
vn -0.9091797 0.41674805 -0.0014190674
vn -0.4572754 0.40527344 0.7915039
vn -0.5083008 -0.046936035 0.8598633
vn -0.9921875 -0.12188721 0.015670776
vn -0.48486328 -0.1340332 0.8642578
vn -0.5 0.08343506 0.8618164
vn -0.99316406 0.11730957 -0.015571594
vn -0.99902344 0.039886475 0.0068359375
vn -0.5029297 0.031463623 0.86376953
vn -0.83496094 -0.55029297 0.0018730164
vn -0.41381836 -0.55810547 0.7192383
vn -0.5019531 -0.05960083 -0.86279297
vn -0.45117188 0.42749023 -0.7832031
vn -0.9091797 0.41674805 -0.0014190674
vn -0.9975586 -0.06652832 -0.006816864
vn -0.50097656 -0.08721924 -0.86083984
vn -0.9921875 -0.12188721 0.015670776
vn -0.99316406 0.11730957 -0.015571594
vn -0.48388672 0.12988281 -0.8652344
vn -0.50878906 0.02017212 -0.86083984
vn -0.99902344 0.039886475 0.0068359375
vn -0.42089844 -0.5415039 -0.72753906
vn -0.83496094 -0.55029297 0.0018730164
vn 0.0109939575 1 -0.0064735413
vn -0.3701172 0.9291992 0.0034275055
vn -0.37402344 0.46533203 -0.8022461
vn 0.03869629 0.49023438 -0.87060547
vn 0.06762695 0.9975586 0.01550293
vn 0.0657959 0.50927734 -0.85791016
vn -0.086364746 0.49682617 -0.86328125
vn -0.06616211 0.9975586 -0.015266418
vn 0.014923096 1 0.005996704
vn 0.017440796 0.49609375 -0.86816406
vn 0.49316406 0.43310547 -0.75439453
vn 0.4970703 0.8676758 -0.004600525
vn 0.0070877075 0.4963379 0.86816406
vn -0.36645508 0.4638672 0.8066406
vn -0.3701172 0.9291992 0.0034275055
vn 0.0109939575 1 -0.0064735413
vn 0.08868408 0.49536133 0.8642578
vn 0.06762695 0.9975586 0.01550293
vn -0.06616211 0.9975586 -0.015266418
vn -0.0637207 0.5107422 0.8574219
vn -0.012756348 0.49047852 0.87158203
vn 0.014923096 1 0.005996704
vn 0.50097656 0.43481445 0.7480469
vn 0.4970703 0.8676758 -0.004600525
vn 0.03100586 -0.50927734 0.86035156
vn -0.36645508 -0.4638672 0.8066406
vn -0.36645508 0.4638672 0.8066406
vn 0.0070877075 0.4963379 0.86816406
vn 0.10723877 -0.4873047 0.8666992
vn 0.08868408 0.49536133 0.8642578
vn -0.0637207 0.5107422 0.8574219
vn -0.08239746 -0.5 0.8618164
vn -0.037231445 -0.50341797 0.86328125
vn -0.012756348 0.49047852 0.87158203
vn 0.50097656 -0.43481445 0.7480469
vn 0.50097656 0.43481445 0.7480469
vn 0.05795288 -0.9980469 -0.007575989
vn -0.3701172 -0.9291992 0.0034255981
vn -0.36645508 -0.4638672 0.8066406
vn 0.03100586 -0.50927734 0.86035156
vn 0.10595703 -0.9941406 0.014282227
vn 0.10723877 -0.4873047 0.8666992
vn -0.08239746 -0.5 0.8618164
vn -0.10192871 -0.9946289 -0.01423645
vn -0.034729004 -0.9995117 0.007286072
vn -0.037231445 -0.50341797 0.86328125
vn 0.4970703 -0.8676758 -0.004600525
vn 0.50097656 -0.43481445 0.7480469
vn 0.061676025 -0.5019531 -0.86279297
vn -0.37402344 -0.46533203 -0.8022461
vn -0.3701172 -0.9291992 0.0034255981
vn 0.05795288 -0.9980469 -0.007575989
vn 0.08569336 -0.50097656 -0.8613281
vn 0.10595703 -0.9941406 0.014282227
vn -0.10192871 -0.9946289 -0.01423645
vn -0.103515625 -0.48632812 -0.8676758
vn -0.0076942444 -0.50927734 -0.86035156
vn -0.034729004 -0.9995117 0.007286072
vn 0.49316406 -0.43310547 -0.75439453
vn 0.4970703 -0.8676758 -0.004600525
vn -0.0076942444 -0.50927734 -0.86035156
vn 0.49316406 -0.43310547 -0.75439453
vn 0.49316406 0.43310547 -0.75439453
vn 0.017440796 0.49609375 -0.86816406
vn 1 -0.013900757 -0.0062217712
vn 0.8911133 0.45410156 -0.0053710938
vn 0.43847656 0.46948242 -0.76660156
vn 0.48999023 -0.028213501 -0.87109375
vn 0.99609375 -0.08679199 0.017150879
vn 0.50927734 -0.06323242 -0.85839844
vn 0.49267578 0.13049316 -0.86035156
vn 0.99609375 0.0848999 -0.01689148
vn 1 -0.019226074 0.0063705444
vn 0.49560547 -0.00111866 -0.86865234
vn 0.4099121 -0.57958984 -0.70410156
vn 0.8066406 -0.5908203 0.00699234
vn 0.49536133 -0.030181885 0.86816406
vn 0.45141602 0.43701172 0.77783203
vn 0.8911133 0.45410156 -0.0053710938
vn 1 -0.013900757 -0.0062217712
vn 0.49121094 -0.13342285 0.86083984
vn 0.99609375 -0.08679199 0.017150879
vn 0.99609375 0.0848999 -0.01689148
vn 0.5102539 0.060546875 0.85791016
vn 0.4897461 -0.0049438477 0.87158203
vn 1 -0.019226074 0.0063705444
vn 0.39624023 -0.60058594 0.69433594
vn 0.8066406 -0.5908203 0.00699234
vn -0.5073242 -0.060424805 0.8598633
vn -0.45141602 0.43701172 0.77783203
vn 0.45141602 0.43701172 0.77783203
vn 0.49536133 -0.030181885 0.86816406
vn -0.48217773 -0.15661621 0.8618164
vn 0.49121094 -0.13342285 0.86083984
vn 0.5102539 0.060546875 0.85791016
vn -0.5 0.084350586 0.8618164
vn -0.5029297 0.026535034 0.86376953
vn 0.4897461 -0.0049438477 0.87158203
vn -0.39624023 -0.60058594 0.69433594
vn 0.39624023 -0.60058594 0.69433594
vn -0.9970703 -0.07385254 -0.00617218
vn -0.8911133 0.45410156 -0.0053710938
vn -0.45141602 0.43701172 0.77783203
vn -0.5073242 -0.060424805 0.8598633
vn -0.99072266 -0.13537598 0.016830444
vn -0.48217773 -0.15661621 0.8618164
vn -0.5 0.084350586 0.8618164
vn -0.99121094 0.13024902 -0.016708374
vn -0.99902344 0.04425049 0.006450653
vn -0.5029297 0.026535034 0.86376953
vn -0.8066406 -0.5908203 0.00699234
vn -0.39624023 -0.60058594 0.69433594
vn -0.5019531 -0.05783081 -0.86279297
vn -0.43847656 0.46948242 -0.76660156
vn -0.8911133 0.45410156 -0.0053710938
vn -0.9970703 -0.07385254 -0.00617218
vn -0.50097656 -0.08856201 -0.86083984
vn -0.99072266 -0.13537598 0.016830444
vn -0.99121094 0.13024902 -0.016708374
vn -0.4814453 0.15197754 -0.86328125
vn -0.5083008 0.030776978 -0.86083984
vn -0.99902344 0.04425049 0.006450653
vn -0.4099121 -0.57958984 -0.70410156
vn -0.8066406 -0.5908203 0.00699234
vn -0.5083008 0.030776978 -0.86083984
vn -0.4099121 -0.57958984 -0.70410156
vn 0.4099121 -0.57958984 -0.70410156
vn 0.49560547 -0.00111866 -0.86865234
vn 1 -0.013900757 -0.0062217712
vn 0.8911133 0.45410156 -0.0053710938
vn 0.43847656 0.46948242 -0.76660156
vn 0.48999023 -0.028213501 -0.87109375
vn 0.99609375 -0.08679199 0.017150879
vn 0.50927734 -0.06323242 -0.85839844
vn 0.49267578 0.13049316 -0.86035156
vn 0.99609375 0.0848999 -0.01689148
vn 1 -0.019226074 0.0063705444
vn 0.49560547 -0.00111866 -0.86865234
vn 0.4099121 -0.57958984 -0.70410156
vn 0.8066406 -0.5908203 0.00699234
vn 0.49536133 -0.030181885 0.86816406
vn 0.45141602 0.43701172 0.77783203
vn 0.8911133 0.45410156 -0.0053710938
vn 1 -0.013900757 -0.0062217712
vn 0.49121094 -0.13342285 0.86083984
vn 0.99609375 -0.08679199 0.017150879
vn 0.99609375 0.0848999 -0.01689148
vn 0.5102539 0.060546875 0.85791016
vn 0.4897461 -0.0049438477 0.87158203
vn 1 -0.019226074 0.0063705444
vn 0.39624023 -0.60058594 0.69433594
vn 0.8066406 -0.5908203 0.00699234
vn -0.5073242 -0.060424805 0.8598633
vn -0.45141602 0.43701172 0.77783203
vn 0.45141602 0.43701172 0.77783203
vn 0.49536133 -0.030181885 0.86816406
vn -0.48217773 -0.15661621 0.8618164
vn 0.49121094 -0.13342285 0.86083984
vn 0.5102539 0.060546875 0.85791016
vn -0.5 0.084350586 0.8618164
vn -0.5029297 0.026550293 0.86376953
vn 0.4897461 -0.0049438477 0.87158203
vn -0.39624023 -0.60058594 0.69433594
vn 0.39624023 -0.60058594 0.69433594
vn -0.9970703 -0.07385254 -0.00617218
vn -0.8911133 0.45410156 -0.0053749084
vn -0.45141602 0.43701172 0.77783203
vn -0.5073242 -0.060424805 0.8598633
vn -0.99072266 -0.13537598 0.016830444
vn -0.48217773 -0.15661621 0.8618164
vn -0.5 0.084350586 0.8618164
vn -0.99121094 0.13024902 -0.016708374
vn -0.99902344 0.04425049 0.006450653
vn -0.5029297 0.026550293 0.86376953
vn -0.8066406 -0.5908203 0.00699234
vn -0.39624023 -0.60058594 0.69433594
vn -0.5019531 -0.05783081 -0.86279297
vn -0.43847656 0.46948242 -0.76660156
vn -0.8911133 0.45410156 -0.0053749084
vn -0.9970703 -0.07385254 -0.00617218
vn -0.50097656 -0.08856201 -0.86083984
vn -0.99072266 -0.13537598 0.016830444
vn -0.99121094 0.13024902 -0.016708374
vn -0.4814453 0.15197754 -0.86328125
vn -0.5083008 0.030776978 -0.86083984
vn -0.99902344 0.04425049 0.006450653
vn -0.4099121 -0.57958984 -0.70410156
vn -0.8066406 -0.5908203 0.00699234
vn 1 -0.013687134 -0.0062408447
vn 0.89404297 0.4482422 -0.0047454834
vn 0.44067383 0.46289062 -0.76904297
vn 0.48999023 -0.02897644 -0.87109375
vn 0.99609375 -0.08538818 0.017028809
vn 0.50927734 -0.06341553 -0.85791016
vn 0.49316406 0.12719727 -0.86083984
vn 0.99658203 0.083496094 -0.01676941
vn 1 -0.01890564 0.0063438416
vn 0.49560547 -0.0023231506 -0.86865234
vn 0.4116211 -0.57373047 -0.7080078
vn 0.81103516 -0.58447266 0.0061950684
vn 0.49536133 -0.02848816 0.86816406
vn 0.45239258 0.43188477 0.78027344
vn 0.89404297 0.4482422 -0.0047454834
vn 1 -0.013687134 -0.0062408447
vn 0.49145508 -0.13012695 0.86083984
vn 0.99609375 -0.08538818 0.017028809
vn 0.99658203 0.083496094 -0.01676941
vn 0.5102539 0.060791016 0.85791016
vn 0.4897461 -0.0036392212 0.87158203
vn 1 -0.01890564 0.0063438416
vn 0.39892578 -0.5942383 0.6982422
vn 0.81103516 -0.58447266 0.0061950684
vn -0.9975586 -0.07269287 -0.006275177
vn -0.89404297 0.4482422 -0.004749298
vn -0.45239258 0.43188477 0.78027344
vn -0.5073242 -0.058258057 0.8598633
vn -0.99072266 -0.13317871 0.016647339
vn -0.48266602 -0.15307617 0.8623047
vn -0.5 0.08416748 0.8618164
vn -0.9916992 0.12817383 -0.016525269
vn -0.99902344 0.043548584 0.006511688
vn -0.5029297 0.027328491 0.86376953
vn -0.81103516 -0.58447266 0.0061950684
vn -0.39892578 -0.5942383 0.6982422
vn -0.5019531 -0.05810547 -0.86279297
vn -0.44067383 0.46289062 -0.76904297
vn -0.89404297 0.4482422 -0.004749298
vn -0.9975586 -0.07269287 -0.006275177
vn -0.50097656 -0.08831787 -0.86083984
vn -0.99072266 -0.13317871 0.016647339
vn -0.9916992 0.12817383 -0.016525269
vn -0.4819336 0.1484375 -0.86376953
vn -0.5083008 0.029083252 -0.86083984
vn -0.99902344 0.043548584 0.006511688
vn -0.4116211 -0.57373047 -0.7080078
vn -0.81103516 -0.58447266 0.0061950684
vn 0.4897461 -0.0036392212 0.87158203
vn 0.39892578 -0.5942383 0.6982422
vn -0.39892578 -0.5942383 0.6982422
vn -0.5029297 0.027328491 0.86376953
vn 0.5102539 0.060791016 0.85791016
vn -0.5 0.08416748 0.8618164
vn -0.48266602 -0.15307617 0.8623047
vn 0.49145508 -0.13012695 0.86083984
vn 0.49536133 -0.02848816 0.86816406
vn -0.5073242 -0.058258057 0.8598633
vn -0 1 -0.010597229
vn -0 1 -0.010597229
vn -0 1 -0.010597229
vn -0 1 -0.010597229
vn -0 1 -0.010597229
vn -0 1 -0.010597229
vn -0 -1 0.010597229
vn 7.748604E-07 -1 0.010597229
vn -0 -1 0.0105896
vn -0 -1 0.010597229
vn 1.0728836E-06 -1 0.010597229
vn 2.2649765E-06 -1 0.010597229
vn 1 -0.013687134 -0.0062408447
vn 0.89404297 0.4482422 -0.004749298
vn 0.44067383 0.46289062 -0.76904297
vn 0.48999023 -0.02897644 -0.87109375
vn 0.99609375 -0.08538818 0.017028809
vn 0.50927734 -0.06341553 -0.85791016
vn 0.49316406 0.12719727 -0.86083984
vn 0.99658203 0.083496094 -0.01676941
vn 1 -0.01890564 0.0063438416
vn 0.49560547 -0.0023231506 -0.86865234
vn 0.4116211 -0.57373047 -0.7080078
vn 0.81103516 -0.58447266 0.0061950684
vn 0.49536133 -0.02848816 0.86816406
vn 0.45239258 0.43188477 0.78027344
vn 0.89404297 0.4482422 -0.004749298
vn 1 -0.013687134 -0.0062408447
vn 0.49145508 -0.13012695 0.86083984
vn 0.99609375 -0.08538818 0.017028809
vn 0.99658203 0.083496094 -0.01676941
vn 0.5102539 0.060791016 0.85791016
vn 0.4897461 -0.0036392212 0.87158203
vn 1 -0.01890564 0.0063438416
vn 0.39892578 -0.5942383 0.6982422
vn 0.81103516 -0.58447266 0.0061950684
vn -0.5073242 -0.058258057 0.8598633
vn -0.45239258 0.43188477 0.78027344
vn 0.45239258 0.43188477 0.78027344
vn 0.49536133 -0.02848816 0.86816406
vn -0.48266602 -0.15307617 0.8623047
vn 0.49145508 -0.13012695 0.86083984
vn 0.5102539 0.060791016 0.85791016
vn -0.5 0.08416748 0.8618164
vn -0.5029297 0.027328491 0.86376953
vn 0.4897461 -0.0036392212 0.87158203
vn -0.39892578 -0.5942383 0.6982422
vn 0.39892578 -0.5942383 0.6982422
vn -0.9975586 -0.07269287 -0.006275177
vn -0.89404297 0.4482422 -0.004749298
vn -0.45239258 0.43188477 0.78027344
vn -0.5073242 -0.058258057 0.8598633
vn -0.99072266 -0.13317871 0.016647339
vn -0.48266602 -0.15307617 0.8623047
vn -0.5 0.08416748 0.8618164
vn -0.9916992 0.12817383 -0.016525269
vn -0.99902344 0.043548584 0.006511688
vn -0.5029297 0.027328491 0.86376953
vn -0.81103516 -0.58447266 0.0061950684
vn -0.39892578 -0.5942383 0.6982422
vn -0.5019531 -0.05810547 -0.86279297
vn -0.44067383 0.46289062 -0.76904297
vn -0.89404297 0.4482422 -0.004749298
vn -0.9975586 -0.07269287 -0.006275177
vn -0.50097656 -0.08831787 -0.86083984
vn -0.99072266 -0.13317871 0.016647339
vn -0.9916992 0.12817383 -0.016525269
vn -0.4819336 0.1484375 -0.86376953
vn -0.5083008 0.029083252 -0.86083984
vn -0.99902344 0.043548584 0.006511688
vn -0.4116211 -0.57373047 -0.7080078
vn -0.81103516 -0.58447266 0.0061950684
vn 1 -0.011726379 -0.006412506
vn 0.9199219 0.39233398 0.0011453629
vn 0.45874023 0.3996582 -0.79345703
vn 0.49023438 -0.03604126 -0.87109375
vn 0.9970703 -0.07244873 0.015914917
vn 0.50927734 -0.06518555 -0.85791016
vn 0.4958496 0.097595215 -0.86279297
vn 0.9975586 0.07086182 -0.015670776
vn 1 -0.01600647 0.006088257
vn 0.49609375 -0.013328552 -0.86816406
vn 0.42749023 -0.5161133 -0.7421875
vn 0.85253906 -0.52246094 -0.0015230179
vn 0.49609375 -0.012908936 0.86816406
vn 0.4609375 0.38476562 0.7998047
vn 0.9199219 0.39233398 0.0011453629
vn 1 -0.011726379 -0.006412506
vn 0.49438477 -0.10003662 0.86328125
vn 0.9970703 -0.07244873 0.015914917
vn 0.9975586 0.07086182 -0.015670776
vn 0.5107422 0.062927246 0.8574219
vn 0.49023438 0.008300781 0.87158203
vn 1 -0.01600647 0.006088257
vn 0.42504883 -0.5288086 0.7348633
vn 0.85253906 -0.52246094 -0.0015230179
vn -0.50878906 -0.03842163 0.8598633
vn -0.4609375 0.38476562 0.7998047
vn 0.4609375 0.38476562 0.7998047
vn 0.49609375 -0.012908936 0.86816406
vn -0.48632812 -0.11975098 0.86572266
vn 0.49438477 -0.10003662 0.86328125
vn 0.5107422 0.062927246 0.8574219
vn -0.5 0.08288574 0.8618164
vn -0.50341797 0.0345459 0.86328125
vn 0.49023438 0.008300781 0.87158203
vn -0.42504883 -0.5288086 0.7348633
vn 0.42504883 -0.5288086 0.7348633
vn -0.9980469 -0.061950684 -0.0072250366
vn -0.9199219 0.39233398 0.0011444092
vn -0.4609375 0.38476562 0.7998047
vn -0.50878906 -0.03842163 0.8598633
vn -0.99365234 -0.11340332 0.014923096
vn -0.48632812 -0.11975098 0.86572266
vn -0.5 0.08288574 0.8618164
vn -0.9941406 0.10913086 -0.014862061
vn -0.9995117 0.037139893 0.0070762634
vn -0.50341797 0.0345459 0.86328125
vn -0.85253906 -0.52246094 -0.0015230179
vn -0.42504883 -0.5288086 0.7348633
vn -0.5019531 -0.060699463 -0.86279297
vn -0.45874023 0.3996582 -0.79345703
vn -0.9199219 0.39233398 0.0011444092
vn -0.9980469 -0.061950684 -0.0072250366
vn -0.50097656 -0.08642578 -0.86083984
vn -0.99365234 -0.11340332 0.014923096
vn -0.9941406 0.10913086 -0.014862061
vn -0.48535156 0.11584473 -0.8666992
vn -0.50927734 0.013511658 -0.86083984
vn -0.9995117 0.037139893 0.0070762634
vn -0.42749023 -0.5161133 -0.7421875
vn -0.85253906 -0.52246094 -0.0015230179
vn 0.49023438 -0.03604126 -0.87109375
vn 0.45874023 0.3996582 -0.79345703
vn -0.45874023 0.3996582 -0.79345703
vn -0.5019531 -0.060699463 -0.86279297
vn 0.50927734 -0.06518555 -0.85791016
vn -0.50097656 -0.08642578 -0.86083984
vn -0.48535156 0.11584473 -0.8666992
vn 0.4958496 0.097595215 -0.86279297
vn 0.49609375 -0.013328552 -0.86816406
vn -0.50927734 0.013511658 -0.86083984
vn 0.42749023 -0.5161133 -0.7421875
vn -0.42749023 -0.5161133 -0.7421875
vn 1 -0.011726379 -0.006412506
vn 0.9199219 0.39233398 0.0011434555
vn 0.45874023 0.3996582 -0.79345703
vn 0.49023438 -0.03604126 -0.87109375
vn 0.9970703 -0.07244873 0.015914917
vn 0.50927734 -0.06518555 -0.85791016
vn 0.4958496 0.097595215 -0.86279297
vn 0.9975586 0.07086182 -0.015670776
vn 1 -0.01600647 0.006088257
vn 0.49609375 -0.013328552 -0.86816406
vn 0.42749023 -0.5161133 -0.7421875
vn 0.85253906 -0.52246094 -0.0015230179
vn 0.49609375 -0.012908936 0.86816406
vn 0.4609375 0.38476562 0.7998047
vn 0.9199219 0.39233398 0.0011434555
vn 1 -0.011726379 -0.006412506
vn 0.49438477 -0.10003662 0.86328125
vn 0.9970703 -0.07244873 0.015914917
vn 0.9975586 0.07086182 -0.015670776
vn 0.5107422 0.062927246 0.8574219
vn 0.49023438 0.008300781 0.87158203
vn 1 -0.01600647 0.006088257
vn 0.42504883 -0.5288086 0.7348633
vn 0.85253906 -0.52246094 -0.0015230179
vn -0.50878906 -0.03842163 0.8598633
vn -0.4609375 0.38476562 0.7998047
vn 0.4609375 0.38476562 0.7998047
vn 0.49609375 -0.012908936 0.86816406
vn -0.48632812 -0.11975098 0.86572266
vn 0.49438477 -0.10003662 0.86328125
vn 0.5107422 0.062927246 0.8574219
vn -0.5 0.08288574 0.8618164
vn -0.50341797 0.0345459 0.86328125
vn 0.49023438 0.008300781 0.87158203
vn -0.42504883 -0.5288086 0.7348633
vn 0.42504883 -0.5288086 0.7348633
vn -0.9980469 -0.061950684 -0.0072250366
vn -0.9199219 0.39233398 0.0011425018
vn -0.4609375 0.38476562 0.7998047
vn -0.50878906 -0.03842163 0.8598633
vn -0.99365234 -0.11340332 0.014923096
vn -0.48632812 -0.11975098 0.86572266
vn -0.5 0.08288574 0.8618164
vn -0.9941406 0.10913086 -0.014862061
vn -0.9995117 0.037139893 0.0070762634
vn -0.50341797 0.0345459 0.86328125
vn -0.85253906 -0.52246094 -0.0015230179
vn -0.42504883 -0.5288086 0.7348633
vn -0.5019531 -0.060699463 -0.86279297
vn -0.45874023 0.3996582 -0.79345703
vn -0.9199219 0.39233398 0.0011425018
vn -0.9980469 -0.061950684 -0.0072250366
vn -0.50097656 -0.08642578 -0.86083984
vn -0.99365234 -0.11340332 0.014923096
vn -0.9941406 0.10913086 -0.014862061
vn -0.48535156 0.11584473 -0.8666992
vn -0.50927734 0.013511658 -0.86083984
vn -0.9995117 0.037139893 0.0070762634
vn -0.42749023 -0.5161133 -0.7421875
vn -0.85253906 -0.52246094 -0.0015230179
vn 0.49023438 -0.03604126 -0.87109375
vn 0.45874023 0.3996582 -0.79345703
vn -0.45874023 0.3996582 -0.79345703
vn -0.5019531 -0.060699463 -0.86279297
vn 0.50927734 -0.06518555 -0.85791016
vn -0.50097656 -0.08642578 -0.86083984
vn -0.48535156 0.11584473 -0.8666992
vn 0.4958496 0.097595215 -0.86279297
vn 0.49609375 -0.013328552 -0.86816406
vn -0.50927734 0.013511658 -0.86083984
vn 0.42749023 -0.5161133 -0.7421875
vn -0.42749023 -0.5161133 -0.7421875
vn -0 0.3774414 0.92626953
vn -0 0.3774414 0.92626953
vn -0 0.3774414 0.92626953
vn -0 0.3774414 0.92626953
vn -0 1 0.0029182434
vn -0 1 0.002916336
vn -0 1 0.0029144287
vn -0 1 0.002916336
vn -0 1 0.002916336
vn -0 1 0.002916336
vn -0 1 0.0029144287
vn -0 1 0.002916336
vn -0 1 0.002916336
vn -0 1 0.0029144287
vn -0 1 0.002916336
vn -0 1 0.0029144287
vn -0 1 0.002916336
vn -0 1 0.0029125214
vn -0 1 -0.0105896
vn -0 1 -0.0105896
vn -0 1 -0.010597229
vn -0 1 -0.0105896
vn -0 1 -0.010597229
vn -0 1 -0.0105896
vn -0 1 -0.010597229
vn -0 1 -0.011833191
vn -0 1 -0.011833191
vn -0 1 -0.011833191
vn -0 1 -0.011833191
vn -0 1 -0.011833191
vn -0 1 -0.011833191
vn -0 1 -0.011833191
vn -0 1 -0.011833191
vn -0 1 -0.011833191
vn -0 1 -0.011833191
vn -0 1 -0.011833191
vn -0 1 -0.011833191
vn -0 1 -0.011833191
vn -0 1 -0.011833191
vn -1 0 0.009262085
vn -1 0 0.009254456
vn -1 0 0.009254456
vn -1 0 0.009254456
vn -1 0 0.009254456
vn -1 0 0.009254456
vn -1 0 0.009254456
vn -0 1 -0.0034008026
vn -0 1 -0.0034008026
vn -0 1 -0.0034046173
vn -0 1 -0.0034008026
vn -0 1 -0.00340271
vn -0 1 -0.0034008026
vn -0 1 -0.0034046173
vn -0 1 0.004081726
vn -0 1 0.004081726
vn -0 1 0.0040779114
vn -0 1 0.004081726
vn -0 1 0.004081726
vn -0 1 0.004081726
vn -0 1 0.0040779114
vn -0 1 0.004081726
vn -0 1 0.004081726
vn -0 1 0.004081726
vn -0 1 0.004081726
vn -0 1 0.004081726
vn -0 1 0.004081726
vn -0 1 0.0040779114
vn -1 0 0.0066375732
vn -1 0 0.0066375732
vn -1 0 0.0066337585
vn -1 0 0.0066375732
vn -1 0 0.0066375732
vn -1 0 0.0066375732
vn -1 0 0.0066337585
vn -1 0 0.0066375732
vn -1 0 0.0066375732
vn -1 0 0.0066375732
vn -1 0 0.0066375732
vn -1 0 0.0066337585
vn -1 0 0.0066375732
vn -1 0 0.0066337585
vn -1 0 0.0071640015
vn -1 0 0.0071640015
vn -1 0 0.007160187
vn -1 0 0.0071640015
vn -1 0 0.007160187
vn -1 0 0.0071640015
vn -1 0 0.007160187
vn -1 0 0.007160187
vn -1 0 0.007160187
vn -1 0 0.007160187
vn -1 0 0.007160187
vn -1 0 0.007160187
vn -1 0 0.007160187
vn -1 0 0.007156372
vn -1 0 0.0066375732
vn -1 0 0.0066375732
vn -1 0 0.0066337585
vn -1 0 0.0066375732
vn -1 0 0.0066375732
vn -1 0 0.0066375732
vn -1 0 0.0066337585
vn -1 0 0.0066375732
vn -1 0 0.0066375732
vn -1 0 0.0066337585
vn -1 0 0.0066375732
vn -1 0 0.0066375732
vn -1 0 0.0066375732
vn -1 0 0.0066337585
vn -1 0 0.0066375732
vn -1 0 0.0066375732
vn -1 0 0.0066375732
vn -1 0 0.0066375732
vn -1 0 0.0066337585
vn -1 0 0.0066375732
vn -1 0 0.0066337585
vn -1 0 0.0071640015
vn -1 0 0.0071640015
vn -1 0 0.007160187
vn -1 0 0.0071640015
vn -1 0 0.007160187
vn -1 0 0.0071640015
vn -1 0 0.007160187
vn -1 0 0.007160187
vn -1 0 0.007160187
vn -1 0 0.007160187
vn -1 0 0.007160187
vn -1 0 0.007160187
vn -1 0 0.007160187
vn -1 0 0.007156372
vn -0 1 0.0029182434
vn -0 1 0.002916336
vn -0 1 0.0029144287
vn -0 1 0.002916336
vn -0 1 0.002916336
vn -0 1 0.002916336
vn -0 1 0.0029144287
vn -0 1 0.002916336
vn -0 1 0.002916336
vn -0 1 0.0029144287
vn -0 1 0.002916336
vn -0 1 0.0029144287
vn -0 1 0.002916336
vn -0 1 0.0029125214
vn 2.682209E-06 -1 -0.002916336
vn 8.940697E-07 -1 -0.002916336
vn 1.2516975E-06 -1 -0.0029144287
vn 1.3709068E-06 -1 -0.002916336
vn -0 -1 -0.0029144287
vn -0 -1 -0.002916336
vn -0 -1 -0.002916336
vn 1.1324883E-06 -1 -0.002916336
vn 6.556511E-07 -1 -0.002916336
vn 6.556511E-07 -1 -0.002916336
vn 7.1525574E-07 -1 -0.0029144287
vn 4.172325E-07 -1 -0.002916336
vn 4.7683716E-07 -1 -0.002916336
vn 6.556511E-07 -1 -0.002916336
vn 9.536743E-07 -1 0.010597229
vn 5.9604645E-07 -1 0.010597229
vn 5.9604645E-07 -1 0.010597229
vn 5.9604645E-07 -1 0.010597229
vn 3.5762787E-07 -1 0.010597229
vn 4.172325E-07 -1 0.010597229
vn 5.364418E-07 -1 0.010597229
vn 2.2649765E-06 -1 0.011833191
vn 7.748604E-07 -1 0.011833191
vn 1.0728836E-06 -1 0.011833191
vn 1.1920929E-06 -1 0.011833191
vn -0 -1 0.011833191
vn -0 -1 0.011833191
vn -0 -1 0.011833191
vn 8.940697E-07 -1 0.011833191
vn 5.364418E-07 -1 0.011833191
vn 5.9604645E-07 -1 0.011833191
vn 5.9604645E-07 -1 0.011833191
vn 3.5762787E-07 -1 0.011833191
vn 4.172325E-07 -1 0.011833191
vn 5.364418E-07 -1 0.011833191
vn 1 2.861023E-06 -0.009254456
vn 1 9.536743E-07 -0.009254456
vn 1 1.3709068E-06 -0.009254456
vn 1 1.4901161E-06 -0.009254456
vn 1 0 -0.009254456
vn 1 0 -0.009254456
vn 1 0 -0.009254456
vn 2.503395E-06 -1 0.00340271
vn 8.34465E-07 -1 0.00340271
vn 1.1920929E-06 -1 0.00340271
vn 1.3113022E-06 -1 0.00340271
vn -0 -1 0.00340271
vn -0 -1 0.0034008026
vn -0 -1 0.00340271
vn 2.7418137E-06 -1 -0.004081726
vn 8.940697E-07 -1 -0.004081726
vn 1.3113022E-06 -1 -0.004081726
vn 1.4305115E-06 -1 -0.004081726
vn -0 -1 -0.004081726
vn -0 -1 -0.004081726
vn -0 -1 -0.004081726
vn 1.1324883E-06 -1 -0.004081726
vn 6.556511E-07 -1 -0.004081726
vn 7.1525574E-07 -1 -0.004081726
vn 7.1525574E-07 -1 -0.004081726
vn 4.172325E-07 -1 -0.004081726
vn 5.364418E-07 -1 -0.004081726
vn 6.556511E-07 -1 -0.004081726
vn 1 2.8014183E-06 -0.0066375732
vn 1 9.536743E-07 -0.0066375732
vn 1 1.3113022E-06 -0.0066375732
vn 1 1.4305115E-06 -0.0066375732
vn 1 0 -0.0066337585
vn 1 0 -0.0066375732
vn 1 0 -0.0066375732
vn 1 1.1324883E-06 -0.0066375732
vn 1 7.1525574E-07 -0.0066375732
vn 1 7.1525574E-07 -0.0066375732
vn 1 7.1525574E-07 -0.0066375732
vn 1 4.172325E-07 -0.0066375732
vn 1 5.364418E-07 -0.0066375732
vn 1 6.556511E-07 -0.0066375732
vn 1 2.8014183E-06 -0.007160187
vn 1 9.536743E-07 -0.007160187
vn 1 1.3113022E-06 -0.007160187
vn 1 1.4901161E-06 -0.007160187
vn 1 0 -0.007160187
vn 1 0 -0.0071640015
vn 1 0 -0.007160187
vn 1 1.1324883E-06 -0.007160187
vn 1 7.1525574E-07 -0.007160187
vn 1 7.1525574E-07 -0.007160187
vn 1 7.1525574E-07 -0.007160187
vn 1 4.172325E-07 -0.007160187
vn 1 5.364418E-07 -0.007160187
vn 1 6.556511E-07 -0.007160187
vn 1 2.8014183E-06 -0.0066375732
vn 1 9.536743E-07 -0.0066375732
vn 1 1.3113022E-06 -0.0066375732
vn 1 1.4305115E-06 -0.0066375732
vn 1 0 -0.0066337585
vn 1 0 -0.0066375732
vn 1 0 -0.0066375732
vn 1 2.8014183E-06 -0.0066375732
vn 1 9.536743E-07 -0.0066375732
vn 1 1.3113022E-06 -0.0066375732
vn 1 1.4305115E-06 -0.0066375732
vn 1 0 -0.0066337585
vn 1 0 -0.0066375732
vn 1 0 -0.0066375732
vn 1 1.1324883E-06 -0.0066375732
vn 1 7.1525574E-07 -0.0066375732
vn 1 7.1525574E-07 -0.0066375732
vn 1 7.1525574E-07 -0.0066375732
vn 1 4.172325E-07 -0.0066375732
vn 1 5.364418E-07 -0.0066375732
vn 1 6.556511E-07 -0.0066375732
vn 1 2.8014183E-06 -0.007160187
vn 1 9.536743E-07 -0.007160187
vn 1 1.3113022E-06 -0.007160187
vn 1 1.4901161E-06 -0.007160187
vn 1 0 -0.007160187
vn 1 0 -0.0071640015
vn 1 0 -0.007160187
vn 1 1.1324883E-06 -0.007160187
vn 1 7.1525574E-07 -0.007160187
vn 1 7.1525574E-07 -0.007160187
vn 1 7.1525574E-07 -0.007160187
vn 1 4.172325E-07 -0.007160187
vn 1 5.364418E-07 -0.007160187
vn 1 6.556511E-07 -0.007160187
vn 2.682209E-06 -1 -0.002916336
vn 8.940697E-07 -1 -0.002916336
vn 1.2516975E-06 -1 -0.0029144287
vn 1.3709068E-06 -1 -0.002916336
vn -0 -1 -0.0029144287
vn -0 -1 -0.002916336
vn -0 -1 -0.002916336
vn 1.1324883E-06 -1 -0.002916336
vn 6.556511E-07 -1 -0.002916336
vn 6.556511E-07 -1 -0.002916336
vn 7.1525574E-07 -1 -0.0029144287
vn 4.172325E-07 -1 -0.002916336
vn 4.7683716E-07 -1 -0.002916336
vn 6.556511E-07 -1 -0.002916336
g Env_GooLagoon_Panel01_0
f 3/3/3 2/2/2 1/1/1
f 4/4/4 3/3/3 1/1/1
f 4/4/4 1/1/1 5/5/5
f 6/6/6 4/4/4 5/5/5
f 6/6/6 5/5/5 7/7/7
f 5/5/5 8/8/8 7/7/7
f 7/7/7 8/8/8 9/9/9
f 10/10/10 7/7/7 9/9/9
f 10/10/10 9/9/9 11/11/11
f 9/9/9 12/12/12 11/11/11
f 15/15/15 14/14/14 13/13/13
f 16/16/16 15/15/15 13/13/13
f 16/16/16 13/13/13 17/17/17
f 18/18/18 16/16/16 17/17/17
f 19/19/19 18/18/18 17/17/17
f 20/20/20 19/19/19 17/17/17
f 19/19/19 20/20/20 21/21/21
f 22/22/22 19/19/19 21/21/21
f 21/21/21 23/23/23 22/22/22
f 23/23/23 24/24/24 22/22/22
f 27/27/27 26/26/26 25/25/25
f 28/28/28 27/27/27 25/25/25
f 28/28/28 25/25/25 29/29/29
f 30/30/30 28/28/28 29/29/29
f 31/31/31 30/30/30 29/29/29
f 32/32/32 31/31/31 29/29/29
f 31/31/31 32/32/32 33/33/33
f 34/34/34 31/31/31 33/33/33
f 33/33/33 35/35/35 34/34/34
f 35/35/35 36/36/36 34/34/34
f 39/39/39 38/38/38 37/37/37
f 40/40/40 39/39/39 37/37/37
f 40/40/40 37/37/37 41/41/41
f 42/42/42 40/40/40 41/41/41
f 43/43/43 42/42/42 41/41/41
f 44/44/44 43/43/43 41/41/41
f 43/43/43 44/44/44 45/45/45
f 46/46/46 43/43/43 45/45/45
f 45/45/45 47/47/47 46/46/46
f 47/47/47 48/48/48 46/46/46
f 51/51/51 50/50/50 49/49/49
f 52/52/52 51/51/51 49/49/49
f 52/52/52 49/49/49 53/53/53
f 54/54/54 52/52/52 53/53/53
f 55/55/55 54/54/54 53/53/53
f 56/56/56 55/55/55 53/53/53
f 55/55/55 56/56/56 57/57/57
f 58/58/58 55/55/55 57/57/57
f 57/57/57 59/59/59 58/58/58
f 59/59/59 60/60/60 58/58/58
f 63/63/63 62/62/62 61/61/61
f 64/64/64 63/63/63 61/61/61
f 64/64/64 61/61/61 65/65/65
f 66/66/66 64/64/64 65/65/65
f 67/67/67 66/66/66 65/65/65
f 68/68/68 67/67/67 65/65/65
f 67/67/67 68/68/68 69/69/69
f 70/70/70 67/67/67 69/69/69
f 69/69/69 71/71/71 70/70/70
f 71/71/71 72/72/72 70/70/70
f 75/75/75 74/74/74 73/73/73
f 76/76/76 75/75/75 73/73/73
f 76/76/76 73/73/73 77/77/77
f 78/78/78 76/76/76 77/77/77
f 78/78/78 77/77/77 79/79/79
f 77/77/77 80/80/80 79/79/79
f 79/79/79 80/80/80 81/81/81
f 82/82/82 79/79/79 81/81/81
f 82/82/82 81/81/81 83/83/83
f 81/81/81 84/84/84 83/83/83
f 87/87/87 86/86/86 85/85/85
f 88/88/88 87/87/87 85/85/85
f 88/88/88 85/85/85 89/89/89
f 90/90/90 88/88/88 89/89/89
f 91/91/91 90/90/90 89/89/89
f 92/92/92 91/91/91 89/89/89
f 91/91/91 92/92/92 93/93/93
f 94/94/94 91/91/91 93/93/93
f 93/93/93 95/95/95 94/94/94
f 95/95/95 96/96/96 94/94/94
f 99/99/99 98/98/98 97/97/97
f 100/100/100 99/99/99 97/97/97
f 100/100/100 97/97/97 101/101/101
f 102/102/102 100/100/100 101/101/101
f 103/103/103 102/102/102 101/101/101
f 104/104/104 103/103/103 101/101/101
f 103/103/103 104/104/104 105/105/105
f 106/106/106 103/103/103 105/105/105
f 105/105/105 107/107/107 106/106/106
f 107/107/107 108/108/108 106/106/106
f 111/111/111 110/110/110 109/109/109
f 112/112/112 111/111/111 109/109/109
f 112/112/112 109/109/109 113/113/113
f 114/114/114 112/112/112 113/113/113
f 115/115/115 114/114/114 113/113/113
f 116/116/116 115/115/115 113/113/113
f 115/115/115 116/116/116 117/117/117
f 118/118/118 115/115/115 117/117/117
f 117/117/117 119/119/119 118/118/118
f 119/119/119 120/120/120 118/118/118
f 123/123/123 122/122/122 121/121/121
f 124/124/124 123/123/123 121/121/121
f 124/124/124 121/121/121 125/125/125
f 126/126/126 124/124/124 125/125/125
f 127/127/127 126/126/126 125/125/125
f 128/128/128 127/127/127 125/125/125
f 127/127/127 128/128/128 129/129/129
f 130/130/130 127/127/127 129/129/129
f 129/129/129 131/131/131 130/130/130
f 131/131/131 132/132/132 130/130/130
f 135/135/135 134/134/134 133/133/133
f 136/136/136 135/135/135 133/133/133
f 136/136/136 133/133/133 137/137/137
f 138/138/138 136/136/136 137/137/137
f 139/139/139 138/138/138 137/137/137
f 140/140/140 139/139/139 137/137/137
f 139/139/139 140/140/140 141/141/141
f 142/142/142 139/139/139 141/141/141
f 141/141/141 143/143/143 142/142/142
f 143/143/143 144/144/144 142/142/142
f 147/147/147 146/146/146 145/145/145
f 148/148/148 147/147/147 145/145/145
f 148/148/148 145/145/145 149/149/149
f 150/150/150 148/148/148 149/149/149
f 150/150/150 149/149/149 151/151/151
f 149/149/149 152/152/152 151/151/151
f 151/151/151 152/152/152 153/153/153
f 154/154/154 151/151/151 153/153/153
f 154/154/154 153/153/153 155/155/155
f 153/153/153 156/156/156 155/155/155
f 159/159/159 158/158/158 157/157/157
f 160/160/160 159/159/159 157/157/157
f 160/160/160 157/157/157 161/161/161
f 162/162/162 160/160/160 161/161/161
f 163/163/163 162/162/162 161/161/161
f 164/164/164 163/163/163 161/161/161
f 163/163/163 164/164/164 165/165/165
f 166/166/166 163/163/163 165/165/165
f 165/165/165 167/167/167 166/166/166
f 167/167/167 168/168/168 166/166/166
f 171/171/171 170/170/170 169/169/169
f 172/172/172 171/171/171 169/169/169
f 172/172/172 169/169/169 173/173/173
f 174/174/174 172/172/172 173/173/173
f 175/175/175 174/174/174 173/173/173
f 176/176/176 175/175/175 173/173/173
f 175/175/175 176/176/176 177/177/177
f 178/178/178 175/175/175 177/177/177
f 177/177/177 179/179/179 178/178/178
f 179/179/179 180/180/180 178/178/178
f 183/183/183 182/182/182 181/181/181
f 184/184/184 183/183/183 181/181/181
f 184/184/184 181/181/181 185/185/185
f 186/186/186 184/184/184 185/185/185
f 187/187/187 186/186/186 185/185/185
f 188/188/188 187/187/187 185/185/185
f 187/187/187 188/188/188 189/189/189
f 190/190/190 187/187/187 189/189/189
f 189/189/189 191/191/191 190/190/190
f 191/191/191 192/192/192 190/190/190
f 195/195/195 194/194/194 193/193/193
f 196/196/196 195/195/195 193/193/193
f 196/196/196 193/193/193 197/197/197
f 198/198/198 196/196/196 197/197/197
f 199/199/199 198/198/198 197/197/197
f 200/200/200 199/199/199 197/197/197
f 199/199/199 200/200/200 201/201/201
f 202/202/202 199/199/199 201/201/201
f 201/201/201 203/203/203 202/202/202
f 203/203/203 204/204/204 202/202/202
f 207/207/207 206/206/206 205/205/205
f 208/208/208 207/207/207 205/205/205
f 208/208/208 205/205/205 209/209/209
f 210/210/210 208/208/208 209/209/209
f 210/210/210 209/209/209 211/211/211
f 209/209/209 212/212/212 211/211/211
f 211/211/211 212/212/212 213/213/213
f 214/214/214 211/211/211 213/213/213
f 214/214/214 213/213/213 215/215/215
f 213/213/213 216/216/216 215/215/215
f 219/219/219 218/218/218 217/217/217
f 220/220/220 219/219/219 217/217/217
f 220/220/220 217/217/217 221/221/221
f 222/222/222 220/220/220 221/221/221
f 223/223/223 222/222/222 221/221/221
f 224/224/224 223/223/223 221/221/221
f 223/223/223 224/224/224 225/225/225
f 226/226/226 223/223/223 225/225/225
f 225/225/225 227/227/227 226/226/226
f 227/227/227 228/228/228 226/226/226
f 231/231/231 230/230/230 229/229/229
f 232/232/232 231/231/231 229/229/229
f 232/232/232 229/229/229 233/233/233
f 234/234/234 232/232/232 233/233/233
f 235/235/235 234/234/234 233/233/233
f 236/236/236 235/235/235 233/233/233
f 235/235/235 236/236/236 237/237/237
f 238/238/238 235/235/235 237/237/237
f 237/237/237 239/239/239 238/238/238
f 239/239/239 240/240/240 238/238/238
f 243/243/243 242/242/242 241/241/241
f 244/244/244 243/243/243 241/241/241
f 244/244/244 241/241/241 245/245/245
f 246/246/246 244/244/244 245/245/245
f 247/247/247 246/246/246 245/245/245
f 248/248/248 247/247/247 245/245/245
f 247/247/247 248/248/248 249/249/249
f 250/250/250 247/247/247 249/249/249
f 249/249/249 251/251/251 250/250/250
f 251/251/251 252/252/252 250/250/250
f 255/255/255 254/254/254 253/253/253
f 256/256/256 255/255/255 253/253/253
f 256/256/256 253/253/253 257/257/257
f 258/258/258 256/256/256 257/257/257
f 259/259/259 258/258/258 257/257/257
f 260/260/260 259/259/259 257/257/257
f 259/259/259 260/260/260 261/261/261
f 262/262/262 259/259/259 261/261/261
f 261/261/261 263/263/263 262/262/262
f 263/263/263 264/264/264 262/262/262
f 267/267/267 266/266/266 265/265/265
f 268/268/268 267/267/267 265/265/265
f 268/268/268 265/265/265 269/269/269
f 270/270/270 268/268/268 269/269/269
f 270/270/270 269/269/269 271/271/271
f 269/269/269 272/272/272 271/271/271
f 271/271/271 272/272/272 273/273/273
f 274/274/274 271/271/271 273/273/273
f 274/274/274 273/273/273 275/275/275
f 273/273/273 276/276/276 275/275/275
f 279/279/279 278/278/278 277/277/277
f 280/280/280 279/279/279 277/277/277
f 280/280/280 277/277/277 281/281/281
f 282/282/282 280/280/280 281/281/281
f 283/283/283 282/282/282 281/281/281
f 284/284/284 283/283/283 281/281/281
f 283/283/283 284/284/284 285/285/285
f 286/286/286 283/283/283 285/285/285
f 285/285/285 287/287/287 286/286/286
f 287/287/287 288/288/288 286/286/286
f 291/291/291 290/290/290 289/289/289
f 292/292/292 291/291/291 289/289/289
f 292/292/292 289/289/289 293/293/293
f 294/294/294 292/292/292 293/293/293
f 295/295/295 294/294/294 293/293/293
f 296/296/296 295/295/295 293/293/293
f 295/295/295 296/296/296 297/297/297
f 298/298/298 295/295/295 297/297/297
f 297/297/297 299/299/299 298/298/298
f 299/299/299 300/300/300 298/298/298
f 303/303/303 302/302/302 301/301/301
f 304/304/304 303/303/303 301/301/301
f 304/304/304 301/301/301 305/305/305
f 306/306/306 304/304/304 305/305/305
f 307/307/307 306/306/306 305/305/305
f 308/308/308 307/307/307 305/305/305
f 307/307/307 308/308/308 309/309/309
f 310/310/310 307/307/307 309/309/309
f 309/309/309 311/311/311 310/310/310
f 311/311/311 312/312/312 310/310/310
f 315/315/315 314/314/314 313/313/313
f 316/316/316 315/315/315 313/313/313
f 316/316/316 313/313/313 317/317/317
f 318/318/318 316/316/316 317/317/317
f 319/319/319 318/318/318 317/317/317
f 320/320/320 319/319/319 317/317/317
f 319/319/319 320/320/320 321/321/321
f 322/322/322 319/319/319 321/321/321
f 321/321/321 323/323/323 322/322/322
f 323/323/323 324/324/324 322/322/322
f 327/327/327 326/326/326 325/325/325
f 328/328/328 327/327/327 325/325/325
f 328/328/328 325/325/325 329/329/329
f 330/330/330 328/328/328 329/329/329
f 330/330/330 329/329/329 331/331/331
f 329/329/329 332/332/332 331/331/331
f 331/331/331 332/332/332 333/333/333
f 334/334/334 331/331/331 333/333/333
f 334/334/334 333/333/333 335/335/335
f 333/333/333 336/336/336 335/335/335
f 339/339/339 338/338/338 337/337/337
f 340/340/340 339/339/339 337/337/337
f 340/340/340 337/337/337 341/341/341
f 342/342/342 340/340/340 341/341/341
f 343/343/343 342/342/342 341/341/341
f 344/344/344 343/343/343 341/341/341
f 343/343/343 344/344/344 345/345/345
f 346/346/346 343/343/343 345/345/345
f 345/345/345 347/347/347 346/346/346
f 347/347/347 348/348/348 346/346/346
f 351/351/351 350/350/350 349/349/349
f 352/352/352 351/351/351 349/349/349
f 352/352/352 349/349/349 353/353/353
f 354/354/354 352/352/352 353/353/353
f 355/355/355 354/354/354 353/353/353
f 356/356/356 355/355/355 353/353/353
f 355/355/355 356/356/356 357/357/357
f 358/358/358 355/355/355 357/357/357
f 357/357/357 359/359/359 358/358/358
f 359/359/359 360/360/360 358/358/358
f 363/363/363 362/362/362 361/361/361
f 364/364/364 363/363/363 361/361/361
f 364/364/364 361/361/361 365/365/365
f 366/366/366 364/364/364 365/365/365
f 367/367/367 366/366/366 365/365/365
f 368/368/368 367/367/367 365/365/365
f 367/367/367 368/368/368 369/369/369
f 370/370/370 367/367/367 369/369/369
f 369/369/369 371/371/371 370/370/370
f 371/371/371 372/372/372 370/370/370
f 375/375/375 374/374/374 373/373/373
f 376/376/376 375/375/375 373/373/373
f 376/376/376 373/373/373 377/377/377
f 378/378/378 376/376/376 377/377/377
f 379/379/379 378/378/378 377/377/377
f 380/380/380 379/379/379 377/377/377
f 379/379/379 380/380/380 381/381/381
f 382/382/382 379/379/379 381/381/381
f 381/381/381 383/383/383 382/382/382
f 383/383/383 384/384/384 382/382/382
f 387/387/387 386/386/386 385/385/385
f 388/388/388 387/387/387 385/385/385
f 391/391/391 390/390/390 389/389/389
f 392/392/392 391/391/391 389/389/389
f 395/395/395 394/394/394 393/393/393
f 396/396/396 395/395/395 393/393/393
f 396/396/396 393/393/393 397/397/397
f 398/398/398 396/396/396 397/397/397
f 398/398/398 397/397/397 399/399/399
f 397/397/397 400/400/400 399/399/399
f 399/399/399 400/400/400 401/401/401
f 402/402/402 399/399/399 401/401/401
f 402/402/402 401/401/401 403/403/403
f 401/401/401 404/404/404 403/403/403
f 407/407/407 406/406/406 405/405/405
f 408/408/408 407/407/407 405/405/405
f 408/408/408 405/405/405 409/409/409
f 410/410/410 408/408/408 409/409/409
f 411/411/411 410/410/410 409/409/409
f 412/412/412 411/411/411 409/409/409
f 411/411/411 412/412/412 413/413/413
f 414/414/414 411/411/411 413/413/413
f 413/413/413 415/415/415 414/414/414
f 415/415/415 416/416/416 414/414/414
f 419/419/419 418/418/418 417/417/417
f 420/420/420 419/419/419 417/417/417
f 420/420/420 417/417/417 421/421/421
f 422/422/422 420/420/420 421/421/421
f 423/423/423 422/422/422 421/421/421
f 424/424/424 423/423/423 421/421/421
f 423/423/423 424/424/424 425/425/425
f 426/426/426 423/423/423 425/425/425
f 425/425/425 427/427/427 426/426/426
f 427/427/427 428/428/428 426/426/426
f 431/431/431 430/430/430 429/429/429
f 432/432/432 431/431/431 429/429/429
f 432/432/432 429/429/429 433/433/433
f 434/434/434 432/432/432 433/433/433
f 435/435/435 434/434/434 433/433/433
f 436/436/436 435/435/435 433/433/433
f 435/435/435 436/436/436 437/437/437
f 438/438/438 435/435/435 437/437/437
f 437/437/437 439/439/439 438/438/438
f 439/439/439 440/440/440 438/438/438
f 443/443/443 442/442/442 441/441/441
f 444/444/444 443/443/443 441/441/441
f 444/444/444 441/441/441 445/445/445
f 446/446/446 444/444/444 445/445/445
f 447/447/447 446/446/446 445/445/445
f 448/448/448 447/447/447 445/445/445
f 447/447/447 448/448/448 449/449/449
f 450/450/450 447/447/447 449/449/449
f 449/449/449 451/451/451 450/450/450
f 451/451/451 452/452/452 450/450/450
f 455/455/455 454/454/454 453/453/453
f 456/456/456 455/455/455 453/453/453
f 459/459/459 458/458/458 457/457/457
f 460/460/460 459/459/459 457/457/457
f 460/460/460 457/457/457 461/461/461
f 462/462/462 460/460/460 461/461/461
f 462/462/462 461/461/461 463/463/463
f 461/461/461 464/464/464 463/463/463
f 463/463/463 464/464/464 465/465/465
f 466/466/466 463/463/463 465/465/465
f 466/466/466 465/465/465 467/467/467
f 465/465/465 468/468/468 467/467/467
f 471/471/471 470/470/470 469/469/469
f 472/472/472 471/471/471 469/469/469
f 472/472/472 469/469/469 473/473/473
f 474/474/474 472/472/472 473/473/473
f 475/475/475 474/474/474 473/473/473
f 476/476/476 475/475/475 473/473/473
f 475/475/475 476/476/476 477/477/477
f 478/478/478 475/475/475 477/477/477
f 477/477/477 479/479/479 478/478/478
f 479/479/479 480/480/480 478/478/478
f 483/483/483 482/482/482 481/481/481
f 484/484/484 483/483/483 481/481/481
f 484/484/484 481/481/481 485/485/485
f 486/486/486 484/484/484 485/485/485
f 487/487/487 486/486/486 485/485/485
f 488/488/488 487/487/487 485/485/485
f 487/487/487 488/488/488 489/489/489
f 490/490/490 487/487/487 489/489/489
f 489/489/489 491/491/491 490/490/490
f 491/491/491 492/492/492 490/490/490
f 495/495/495 494/494/494 493/493/493
f 496/496/496 495/495/495 493/493/493
f 496/496/496 493/493/493 497/497/497
f 498/498/498 496/496/496 497/497/497
f 499/499/499 498/498/498 497/497/497
f 500/500/500 499/499/499 497/497/497
f 499/499/499 500/500/500 501/501/501
f 502/502/502 499/499/499 501/501/501
f 501/501/501 503/503/503 502/502/502
f 503/503/503 504/504/504 502/502/502
f 507/507/507 506/506/506 505/505/505
f 508/508/508 507/507/507 505/505/505
f 508/508/508 505/505/505 509/509/509
f 510/510/510 508/508/508 509/509/509
f 511/511/511 510/510/510 509/509/509
f 512/512/512 511/511/511 509/509/509
f 511/511/511 512/512/512 513/513/513
f 514/514/514 511/511/511 513/513/513
f 513/513/513 515/515/515 514/514/514
f 515/515/515 516/516/516 514/514/514
f 519/519/519 518/518/518 517/517/517
f 520/520/520 519/519/519 517/517/517
f 520/520/520 517/517/517 521/521/521
f 522/522/522 520/520/520 521/521/521
f 522/522/522 521/521/521 523/523/523
f 521/521/521 524/524/524 523/523/523
f 523/523/523 524/524/524 525/525/525
f 526/526/526 523/523/523 525/525/525
f 526/526/526 525/525/525 527/527/527
f 525/525/525 528/528/528 527/527/527
f 531/531/531 530/530/530 529/529/529
f 532/532/532 531/531/531 529/529/529
f 532/532/532 529/529/529 533/533/533
f 534/534/534 532/532/532 533/533/533
f 535/535/535 534/534/534 533/533/533
f 536/536/536 535/535/535 533/533/533
f 535/535/535 536/536/536 537/537/537
f 538/538/538 535/535/535 537/537/537
f 537/537/537 539/539/539 538/538/538
f 539/539/539 540/540/540 538/538/538
f 543/543/543 542/542/542 541/541/541
f 544/544/544 543/543/543 541/541/541
f 544/544/544 541/541/541 545/545/545
f 546/546/546 544/544/544 545/545/545
f 547/547/547 546/546/546 545/545/545
f 548/548/548 547/547/547 545/545/545
f 547/547/547 548/548/548 549/549/549
f 550/550/550 547/547/547 549/549/549
f 549/549/549 551/551/551 550/550/550
f 551/551/551 552/552/552 550/550/550
f 555/555/555 554/554/554 553/553/553
f 556/556/556 555/555/555 553/553/553
f 556/556/556 553/553/553 557/557/557
f 558/558/558 556/556/556 557/557/557
f 559/559/559 558/558/558 557/557/557
f 560/560/560 559/559/559 557/557/557
f 559/559/559 560/560/560 561/561/561
f 562/562/562 559/559/559 561/561/561
f 561/561/561 563/563/563 562/562/562
f 563/563/563 564/564/564 562/562/562
f 567/567/567 566/566/566 565/565/565
f 568/568/568 567/567/567 565/565/565
f 568/568/568 565/565/565 569/569/569
f 570/570/570 568/568/568 569/569/569
f 571/571/571 570/570/570 569/569/569
f 572/572/572 571/571/571 569/569/569
f 571/571/571 572/572/572 573/573/573
f 574/574/574 571/571/571 573/573/573
f 573/573/573 575/575/575 574/574/574
f 575/575/575 576/576/576 574/574/574
f 579/579/579 578/578/578 577/577/577
f 580/580/580 579/579/579 577/577/577
f 580/580/580 577/577/577 581/581/581
f 582/582/582 580/580/580 581/581/581
f 582/582/582 581/581/581 583/583/583
f 581/581/581 584/584/584 583/583/583
f 583/583/583 584/584/584 585/585/585
f 586/586/586 583/583/583 585/585/585
f 586/586/586 585/585/585 587/587/587
f 585/585/585 588/588/588 587/587/587
f 591/591/591 590/590/590 589/589/589
f 592/592/592 591/591/591 589/589/589
f 592/592/592 589/589/589 593/593/593
f 594/594/594 592/592/592 593/593/593
f 595/595/595 594/594/594 593/593/593
f 596/596/596 595/595/595 593/593/593
f 595/595/595 596/596/596 597/597/597
f 598/598/598 595/595/595 597/597/597
f 597/597/597 599/599/599 598/598/598
f 599/599/599 600/600/600 598/598/598
f 603/603/603 602/602/602 601/601/601
f 604/604/604 603/603/603 601/601/601
f 604/604/604 601/601/601 605/605/605
f 606/606/606 604/604/604 605/605/605
f 607/607/607 606/606/606 605/605/605
f 608/608/608 607/607/607 605/605/605
f 607/607/607 608/608/608 609/609/609
f 610/610/610 607/607/607 609/609/609
f 609/609/609 611/611/611 610/610/610
f 611/611/611 612/612/612 610/610/610
f 615/615/615 614/614/614 613/613/613
f 616/616/616 615/615/615 613/613/613
f 616/616/616 613/613/613 617/617/617
f 618/618/618 616/616/616 617/617/617
f 619/619/619 618/618/618 617/617/617
f 620/620/620 619/619/619 617/617/617
f 619/619/619 620/620/620 621/621/621
f 622/622/622 619/619/619 621/621/621
f 621/621/621 623/623/623 622/622/622
f 623/623/623 624/624/624 622/622/622
f 627/627/627 626/626/626 625/625/625
f 628/628/628 627/627/627 625/625/625
f 628/628/628 625/625/625 629/629/629
f 630/630/630 628/628/628 629/629/629
f 631/631/631 630/630/630 629/629/629
f 632/632/632 631/631/631 629/629/629
f 631/631/631 632/632/632 633/633/633
f 634/634/634 631/631/631 633/633/633
f 633/633/633 635/635/635 634/634/634
f 635/635/635 636/636/636 634/634/634
f 639/639/639 638/638/638 637/637/637
f 640/640/640 639/639/639 637/637/637
f 640/640/640 637/637/637 641/641/641
f 642/642/642 640/640/640 641/641/641
f 642/642/642 641/641/641 643/643/643
f 641/641/641 644/644/644 643/643/643
f 643/643/643 644/644/644 645/645/645
f 646/646/646 643/643/643 645/645/645
f 646/646/646 645/645/645 647/647/647
f 645/645/645 648/648/648 647/647/647
f 651/651/651 650/650/650 649/649/649
f 652/652/652 651/651/651 649/649/649
f 652/652/652 649/649/649 653/653/653
f 654/654/654 652/652/652 653/653/653
f 655/655/655 654/654/654 653/653/653
f 656/656/656 655/655/655 653/653/653
f 655/655/655 656/656/656 657/657/657
f 658/658/658 655/655/655 657/657/657
f 657/657/657 659/659/659 658/658/658
f 659/659/659 660/660/660 658/658/658
f 663/663/663 662/662/662 661/661/661
f 664/664/664 663/663/663 661/661/661
f 664/664/664 661/661/661 665/665/665
f 666/666/666 664/664/664 665/665/665
f 667/667/667 666/666/666 665/665/665
f 668/668/668 667/667/667 665/665/665
f 667/667/667 668/668/668 669/669/669
f 670/670/670 667/667/667 669/669/669
f 669/669/669 671/671/671 670/670/670
f 671/671/671 672/672/672 670/670/670
f 675/675/675 674/674/674 673/673/673
f 676/676/676 675/675/675 673/673/673
f 676/676/676 673/673/673 677/677/677
f 678/678/678 676/676/676 677/677/677
f 679/679/679 678/678/678 677/677/677
f 680/680/680 679/679/679 677/677/677
f 679/679/679 680/680/680 681/681/681
f 682/682/682 679/679/679 681/681/681
f 681/681/681 683/683/683 682/682/682
f 683/683/683 684/684/684 682/682/682
f 687/687/687 686/686/686 685/685/685
f 688/688/688 687/687/687 685/685/685
f 688/688/688 685/685/685 689/689/689
f 690/690/690 688/688/688 689/689/689
f 691/691/691 690/690/690 689/689/689
f 692/692/692 691/691/691 689/689/689
f 691/691/691 692/692/692 693/693/693
f 694/694/694 691/691/691 693/693/693
f 693/693/693 695/695/695 694/694/694
f 695/695/695 696/696/696 694/694/694
f 699/699/699 698/698/698 697/697/697
f 700/700/700 699/699/699 697/697/697
f 703/703/703 702/702/702 701/701/701
f 704/704/704 703/703/703 701/701/701
f 704/704/704 701/701/701 705/705/705
f 706/706/706 704/704/704 705/705/705
f 706/706/706 705/705/705 707/707/707
f 705/705/705 708/708/708 707/707/707
f 707/707/707 708/708/708 709/709/709
f 710/710/710 707/707/707 709/709/709
f 710/710/710 709/709/709 711/711/711
f 709/709/709 712/712/712 711/711/711
f 715/715/715 714/714/714 713/713/713
f 716/716/716 715/715/715 713/713/713
f 716/716/716 713/713/713 717/717/717
f 718/718/718 716/716/716 717/717/717
f 719/719/719 718/718/718 717/717/717
f 720/720/720 719/719/719 717/717/717
f 719/719/719 720/720/720 721/721/721
f 722/722/722 719/719/719 721/721/721
f 721/721/721 723/723/723 722/722/722
f 723/723/723 724/724/724 722/722/722
f 727/727/727 726/726/726 725/725/725
f 728/728/728 727/727/727 725/725/725
f 728/728/728 725/725/725 729/729/729
f 730/730/730 728/728/728 729/729/729
f 731/731/731 730/730/730 729/729/729
f 732/732/732 731/731/731 729/729/729
f 731/731/731 732/732/732 733/733/733
f 734/734/734 731/731/731 733/733/733
f 733/733/733 735/735/735 734/734/734
f 735/735/735 736/736/736 734/734/734
f 739/739/739 738/738/738 737/737/737
f 740/740/740 739/739/739 737/737/737
f 740/740/740 737/737/737 741/741/741
f 742/742/742 740/740/740 741/741/741
f 743/743/743 742/742/742 741/741/741
f 744/744/744 743/743/743 741/741/741
f 743/743/743 744/744/744 745/745/745
f 746/746/746 743/743/743 745/745/745
f 745/745/745 747/747/747 746/746/746
f 747/747/747 748/748/748 746/746/746
f 751/751/751 750/750/750 749/749/749
f 752/752/752 751/751/751 749/749/749
f 752/752/752 749/749/749 753/753/753
f 754/754/754 752/752/752 753/753/753
f 755/755/755 754/754/754 753/753/753
f 756/756/756 755/755/755 753/753/753
f 755/755/755 756/756/756 757/757/757
f 758/758/758 755/755/755 757/757/757
f 757/757/757 759/759/759 758/758/758
f 759/759/759 760/760/760 758/758/758
f 763/763/763 762/762/762 761/761/761
f 764/764/764 763/763/763 761/761/761
f 764/764/764 761/761/761 765/765/765
f 766/766/766 764/764/764 765/765/765
f 766/766/766 765/765/765 767/767/767
f 765/765/765 768/768/768 767/767/767
f 767/767/767 768/768/768 769/769/769
f 770/770/770 767/767/767 769/769/769
f 770/770/770 769/769/769 771/771/771
f 769/769/769 772/772/772 771/771/771
f 775/775/775 774/774/774 773/773/773
f 776/776/776 775/775/775 773/773/773
f 776/776/776 773/773/773 777/777/777
f 778/778/778 776/776/776 777/777/777
f 779/779/779 778/778/778 777/777/777
f 780/780/780 779/779/779 777/777/777
f 779/779/779 780/780/780 781/781/781
f 782/782/782 779/779/779 781/781/781
f 781/781/781 783/783/783 782/782/782
f 783/783/783 784/784/784 782/782/782
f 787/787/787 786/786/786 785/785/785
f 788/788/788 787/787/787 785/785/785
f 788/788/788 785/785/785 789/789/789
f 790/790/790 788/788/788 789/789/789
f 791/791/791 790/790/790 789/789/789
f 792/792/792 791/791/791 789/789/789
f 791/791/791 792/792/792 793/793/793
f 794/794/794 791/791/791 793/793/793
f 793/793/793 795/795/795 794/794/794
f 795/795/795 796/796/796 794/794/794
f 799/799/799 798/798/798 797/797/797
f 800/800/800 799/799/799 797/797/797
f 800/800/800 797/797/797 801/801/801
f 802/802/802 800/800/800 801/801/801
f 803/803/803 802/802/802 801/801/801
f 804/804/804 803/803/803 801/801/801
f 803/803/803 804/804/804 805/805/805
f 806/806/806 803/803/803 805/805/805
f 805/805/805 807/807/807 806/806/806
f 807/807/807 808/808/808 806/806/806
f 811/811/811 810/810/810 809/809/809
f 812/812/812 811/811/811 809/809/809
f 812/812/812 809/809/809 813/813/813
f 814/814/814 812/812/812 813/813/813
f 815/815/815 814/814/814 813/813/813
f 816/816/816 815/815/815 813/813/813
f 815/815/815 816/816/816 817/817/817
f 818/818/818 815/815/815 817/817/817
f 817/817/817 819/819/819 818/818/818
f 819/819/819 820/820/820 818/818/818
f 823/823/823 822/822/822 821/821/821
f 824/824/824 823/823/823 821/821/821
f 824/824/824 821/821/821 825/825/825
f 826/826/826 824/824/824 825/825/825
f 826/826/826 825/825/825 827/827/827
f 825/825/825 828/828/828 827/827/827
f 827/827/827 828/828/828 829/829/829
f 830/830/830 827/827/827 829/829/829
f 830/830/830 829/829/829 831/831/831
f 829/829/829 832/832/832 831/831/831
f 835/835/835 834/834/834 833/833/833
f 836/836/836 835/835/835 833/833/833
f 836/836/836 833/833/833 837/837/837
f 838/838/838 836/836/836 837/837/837
f 839/839/839 838/838/838 837/837/837
f 840/840/840 839/839/839 837/837/837
f 839/839/839 840/840/840 841/841/841
f 842/842/842 839/839/839 841/841/841
f 841/841/841 843/843/843 842/842/842
f 843/843/843 844/844/844 842/842/842
f 847/847/847 846/846/846 845/845/845
f 848/848/848 847/847/847 845/845/845
f 848/848/848 845/845/845 849/849/849
f 850/850/850 848/848/848 849/849/849
f 851/851/851 850/850/850 849/849/849
f 852/852/852 851/851/851 849/849/849
f 851/851/851 852/852/852 853/853/853
f 854/854/854 851/851/851 853/853/853
f 853/853/853 855/855/855 854/854/854
f 855/855/855 856/856/856 854/854/854
f 859/859/859 858/858/858 857/857/857
f 860/860/860 859/859/859 857/857/857
f 860/860/860 857/857/857 861/861/861
f 862/862/862 860/860/860 861/861/861
f 863/863/863 862/862/862 861/861/861
f 864/864/864 863/863/863 861/861/861
f 863/863/863 864/864/864 865/865/865
f 866/866/866 863/863/863 865/865/865
f 865/865/865 867/867/867 866/866/866
f 867/867/867 868/868/868 866/866/866
f 871/871/871 870/870/870 869/869/869
f 872/872/872 871/871/871 869/869/869
f 872/872/872 869/869/869 873/873/873
f 874/874/874 872/872/872 873/873/873
f 875/875/875 874/874/874 873/873/873
f 876/876/876 875/875/875 873/873/873
f 875/875/875 876/876/876 877/877/877
f 878/878/878 875/875/875 877/877/877
f 877/877/877 879/879/879 878/878/878
f 879/879/879 880/880/880 878/878/878
f 883/883/883 882/882/882 881/881/881
f 884/884/884 883/883/883 881/881/881
f 884/884/884 881/881/881 885/885/885
f 886/886/886 884/884/884 885/885/885
f 886/886/886 885/885/885 887/887/887
f 885/885/885 888/888/888 887/887/887
f 887/887/887 888/888/888 889/889/889
f 890/890/890 887/887/887 889/889/889
f 890/890/890 889/889/889 891/891/891
f 889/889/889 892/892/892 891/891/891
f 895/895/895 894/894/894 893/893/893
f 896/896/896 895/895/895 893/893/893
f 896/896/896 893/893/893 897/897/897
f 898/898/898 896/896/896 897/897/897
f 899/899/899 898/898/898 897/897/897
f 900/900/900 899/899/899 897/897/897
f 899/899/899 900/900/900 901/901/901
f 902/902/902 899/899/899 901/901/901
f 901/901/901 903/903/903 902/902/902
f 903/903/903 904/904/904 902/902/902
f 907/907/907 906/906/906 905/905/905
f 908/908/908 907/907/907 905/905/905
f 908/908/908 905/905/905 909/909/909
f 910/910/910 908/908/908 909/909/909
f 911/911/911 910/910/910 909/909/909
f 912/912/912 911/911/911 909/909/909
f 911/911/911 912/912/912 913/913/913
f 914/914/914 911/911/911 913/913/913
f 913/913/913 915/915/915 914/914/914
f 915/915/915 916/916/916 914/914/914
f 919/919/919 918/918/918 917/917/917
f 920/920/920 919/919/919 917/917/917
f 920/920/920 917/917/917 921/921/921
f 922/922/922 920/920/920 921/921/921
f 923/923/923 922/922/922 921/921/921
f 924/924/924 923/923/923 921/921/921
f 923/923/923 924/924/924 925/925/925
f 926/926/926 923/923/923 925/925/925
f 925/925/925 927/927/927 926/926/926
f 927/927/927 928/928/928 926/926/926
f 931/931/931 930/930/930 929/929/929
f 932/932/932 931/931/931 929/929/929
f 932/932/932 929/929/929 933/933/933
f 934/934/934 932/932/932 933/933/933
f 935/935/935 934/934/934 933/933/933
f 936/936/936 935/935/935 933/933/933
f 935/935/935 936/936/936 937/937/937
f 938/938/938 935/935/935 937/937/937
f 937/937/937 939/939/939 938/938/938
f 939/939/939 940/940/940 938/938/938
f 943/943/943 942/942/942 941/941/941
f 944/944/944 943/943/943 941/941/941
f 947/947/947 946/946/946 945/945/945
f 948/948/948 947/947/947 945/945/945
f 948/948/948 945/945/945 949/949/949
f 950/950/950 948/948/948 949/949/949
f 950/950/950 949/949/949 951/951/951
f 949/949/949 952/952/952 951/951/951
f 951/951/951 952/952/952 953/953/953
f 954/954/954 951/951/951 953/953/953
f 954/954/954 953/953/953 955/955/955
f 953/953/953 956/956/956 955/955/955
f 959/959/959 958/958/958 957/957/957
f 960/960/960 959/959/959 957/957/957
f 960/960/960 957/957/957 961/961/961
f 962/962/962 960/960/960 961/961/961
f 963/963/963 962/962/962 961/961/961
f 964/964/964 963/963/963 961/961/961
f 963/963/963 964/964/964 965/965/965
f 966/966/966 963/963/963 965/965/965
f 965/965/965 967/967/967 966/966/966
f 967/967/967 968/968/968 966/966/966
f 971/971/971 970/970/970 969/969/969
f 972/972/972 971/971/971 969/969/969
f 972/972/972 969/969/969 973/973/973
f 974/974/974 972/972/972 973/973/973
f 975/975/975 974/974/974 973/973/973
f 976/976/976 975/975/975 973/973/973
f 975/975/975 976/976/976 977/977/977
f 978/978/978 975/975/975 977/977/977
f 977/977/977 979/979/979 978/978/978
f 979/979/979 980/980/980 978/978/978
f 983/983/983 982/982/982 981/981/981
f 984/984/984 983/983/983 981/981/981
f 984/984/984 981/981/981 985/985/985
f 986/986/986 984/984/984 985/985/985
f 987/987/987 986/986/986 985/985/985
f 988/988/988 987/987/987 985/985/985
f 987/987/987 988/988/988 989/989/989
f 990/990/990 987/987/987 989/989/989
f 989/989/989 991/991/991 990/990/990
f 991/991/991 992/992/992 990/990/990
f 995/995/995 994/994/994 993/993/993
f 996/996/996 995/995/995 993/993/993
f 996/996/996 993/993/993 997/997/997
f 998/998/998 996/996/996 997/997/997
f 999/999/999 998/998/998 997/997/997
f 1000/1000/1000 999/999/999 997/997/997
f 999/999/999 1000/1000/1000 1001/1001/1001
f 1002/1002/1002 999/999/999 1001/1001/1001
f 1001/1001/1001 1003/1003/1003 1002/1002/1002
f 1003/1003/1003 1004/1004/1004 1002/1002/1002
f 1007/1007/1007 1006/1006/1006 1005/1005/1005
f 1008/1008/1008 1007/1007/1007 1005/1005/1005
f 1011/1011/1011 1010/1010/1010 1009/1009/1009
f 1012/1012/1012 1011/1011/1011 1009/1009/1009
f 1012/1012/1012 1009/1009/1009 1013/1013/1013
f 1014/1014/1014 1012/1012/1012 1013/1013/1013
f 1014/1014/1014 1013/1013/1013 1015/1015/1015
f 1013/1013/1013 1016/1016/1016 1015/1015/1015
f 1015/1015/1015 1016/1016/1016 1017/1017/1017
f 1018/1018/1018 1015/1015/1015 1017/1017/1017
f 1018/1018/1018 1017/1017/1017 1019/1019/1019
f 1017/1017/1017 1020/1020/1020 1019/1019/1019
f 1023/1023/1023 1022/1022/1022 1021/1021/1021
f 1024/1024/1024 1023/1023/1023 1021/1021/1021
f 1024/1024/1024 1021/1021/1021 1025/1025/1025
f 1026/1026/1026 1024/1024/1024 1025/1025/1025
f 1027/1027/1027 1026/1026/1026 1025/1025/1025
f 1028/1028/1028 1027/1027/1027 1025/1025/1025
f 1027/1027/1027 1028/1028/1028 1029/1029/1029
f 1030/1030/1030 1027/1027/1027 1029/1029/1029
f 1029/1029/1029 1031/1031/1031 1030/1030/1030
f 1031/1031/1031 1032/1032/1032 1030/1030/1030
f 1035/1035/1035 1034/1034/1034 1033/1033/1033
f 1036/1036/1036 1035/1035/1035 1033/1033/1033
f 1036/1036/1036 1033/1033/1033 1037/1037/1037
f 1038/1038/1038 1036/1036/1036 1037/1037/1037
f 1039/1039/1039 1038/1038/1038 1037/1037/1037
f 1040/1040/1040 1039/1039/1039 1037/1037/1037
f 1039/1039/1039 1040/1040/1040 1041/1041/1041
f 1042/1042/1042 1039/1039/1039 1041/1041/1041
f 1041/1041/1041 1043/1043/1043 1042/1042/1042
f 1043/1043/1043 1044/1044/1044 1042/1042/1042
f 1047/1047/1047 1046/1046/1046 1045/1045/1045
f 1048/1048/1048 1047/1047/1047 1045/1045/1045
f 1048/1048/1048 1045/1045/1045 1049/1049/1049
f 1050/1050/1050 1048/1048/1048 1049/1049/1049
f 1051/1051/1051 1050/1050/1050 1049/1049/1049
f 1052/1052/1052 1051/1051/1051 1049/1049/1049
f 1051/1051/1051 1052/1052/1052 1053/1053/1053
f 1054/1054/1054 1051/1051/1051 1053/1053/1053
f 1053/1053/1053 1055/1055/1055 1054/1054/1054
f 1055/1055/1055 1056/1056/1056 1054/1054/1054
f 1059/1059/1059 1058/1058/1058 1057/1057/1057
f 1060/1060/1060 1059/1059/1059 1057/1057/1057
f 1060/1060/1060 1057/1057/1057 1061/1061/1061
f 1062/1062/1062 1060/1060/1060 1061/1061/1061
f 1063/1063/1063 1062/1062/1062 1061/1061/1061
f 1064/1064/1064 1063/1063/1063 1061/1061/1061
f 1063/1063/1063 1064/1064/1064 1065/1065/1065
f 1066/1066/1066 1063/1063/1063 1065/1065/1065
f 1065/1065/1065 1067/1067/1067 1066/1066/1066
f 1067/1067/1067 1068/1068/1068 1066/1066/1066
f 1071/1071/1071 1070/1070/1070 1069/1069/1069
f 1072/1072/1072 1071/1071/1071 1069/1069/1069
f 1072/1072/1072 1069/1069/1069 1073/1073/1073
f 1074/1074/1074 1072/1072/1072 1073/1073/1073
f 1074/1074/1074 1073/1073/1073 1075/1075/1075
f 1073/1073/1073 1076/1076/1076 1075/1075/1075
f 1075/1075/1075 1076/1076/1076 1077/1077/1077
f 1078/1078/1078 1075/1075/1075 1077/1077/1077
f 1078/1078/1078 1077/1077/1077 1079/1079/1079
f 1077/1077/1077 1080/1080/1080 1079/1079/1079
f 1083/1083/1083 1082/1082/1082 1081/1081/1081
f 1084/1084/1084 1083/1083/1083 1081/1081/1081
f 1084/1084/1084 1081/1081/1081 1085/1085/1085
f 1086/1086/1086 1084/1084/1084 1085/1085/1085
f 1087/1087/1087 1086/1086/1086 1085/1085/1085
f 1088/1088/1088 1087/1087/1087 1085/1085/1085
f 1087/1087/1087 1088/1088/1088 1089/1089/1089
f 1090/1090/1090 1087/1087/1087 1089/1089/1089
f 1089/1089/1089 1091/1091/1091 1090/1090/1090
f 1091/1091/1091 1092/1092/1092 1090/1090/1090
f 1095/1095/1095 1094/1094/1094 1093/1093/1093
f 1096/1096/1096 1095/1095/1095 1093/1093/1093
f 1096/1096/1096 1093/1093/1093 1097/1097/1097
f 1098/1098/1098 1096/1096/1096 1097/1097/1097
f 1099/1099/1099 1098/1098/1098 1097/1097/1097
f 1100/1100/1100 1099/1099/1099 1097/1097/1097
f 1099/1099/1099 1100/1100/1100 1101/1101/1101
f 1102/1102/1102 1099/1099/1099 1101/1101/1101
f 1101/1101/1101 1103/1103/1103 1102/1102/1102
f 1103/1103/1103 1104/1104/1104 1102/1102/1102
f 1107/1107/1107 1106/1106/1106 1105/1105/1105
f 1108/1108/1108 1107/1107/1107 1105/1105/1105
f 1108/1108/1108 1105/1105/1105 1109/1109/1109
f 1110/1110/1110 1108/1108/1108 1109/1109/1109
f 1111/1111/1111 1110/1110/1110 1109/1109/1109
f 1112/1112/1112 1111/1111/1111 1109/1109/1109
f 1111/1111/1111 1112/1112/1112 1113/1113/1113
f 1114/1114/1114 1111/1111/1111 1113/1113/1113
f 1113/1113/1113 1115/1115/1115 1114/1114/1114
f 1115/1115/1115 1116/1116/1116 1114/1114/1114
f 1119/1119/1119 1118/1118/1118 1117/1117/1117
f 1120/1120/1120 1119/1119/1119 1117/1117/1117
f 1117/1117/1117 1121/1121/1121 1120/1120/1120
f 1121/1121/1121 1122/1122/1122 1120/1120/1120
f 1122/1122/1122 1121/1121/1121 1123/1123/1123
f 1121/1121/1121 1124/1124/1124 1123/1123/1123
f 1124/1124/1124 1125/1125/1125 1123/1123/1123
f 1125/1125/1125 1126/1126/1126 1123/1123/1123
f 1129/1129/1129 1128/1128/1128 1127/1127/1127
f 1127/1127/1127 1128/1128/1128 1130/1130/1130
f 1130/1130/1130 1128/1128/1128 1131/1131/1131
f 1131/1131/1131 1128/1128/1128 1132/1132/1132
f 1135/1135/1135 1134/1134/1134 1133/1133/1133
f 1133/1133/1133 1134/1134/1134 1136/1136/1136
f 1136/1136/1136 1134/1134/1134 1137/1137/1137
f 1137/1137/1137 1134/1134/1134 1138/1138/1138
f 1141/1141/1141 1140/1140/1140 1139/1139/1139
f 1142/1142/1142 1141/1141/1141 1139/1139/1139
f 1142/1142/1142 1139/1139/1139 1143/1143/1143
f 1144/1144/1144 1142/1142/1142 1143/1143/1143
f 1144/1144/1144 1143/1143/1143 1145/1145/1145
f 1143/1143/1143 1146/1146/1146 1145/1145/1145
f 1145/1145/1145 1146/1146/1146 1147/1147/1147
f 1148/1148/1148 1145/1145/1145 1147/1147/1147
f 1148/1148/1148 1147/1147/1147 1149/1149/1149
f 1147/1147/1147 1150/1150/1150 1149/1149/1149
f 1153/1153/1153 1152/1152/1152 1151/1151/1151
f 1154/1154/1154 1153/1153/1153 1151/1151/1151
f 1154/1154/1154 1151/1151/1151 1155/1155/1155
f 1156/1156/1156 1154/1154/1154 1155/1155/1155
f 1157/1157/1157 1156/1156/1156 1155/1155/1155
f 1158/1158/1158 1157/1157/1157 1155/1155/1155
f 1157/1157/1157 1158/1158/1158 1159/1159/1159
f 1160/1160/1160 1157/1157/1157 1159/1159/1159
f 1159/1159/1159 1161/1161/1161 1160/1160/1160
f 1161/1161/1161 1162/1162/1162 1160/1160/1160
f 1165/1165/1165 1164/1164/1164 1163/1163/1163
f 1166/1166/1166 1165/1165/1165 1163/1163/1163
f 1166/1166/1166 1163/1163/1163 1167/1167/1167
f 1168/1168/1168 1166/1166/1166 1167/1167/1167
f 1169/1169/1169 1168/1168/1168 1167/1167/1167
f 1170/1170/1170 1169/1169/1169 1167/1167/1167
f 1169/1169/1169 1170/1170/1170 1171/1171/1171
f 1172/1172/1172 1169/1169/1169 1171/1171/1171
f 1171/1171/1171 1173/1173/1173 1172/1172/1172
f 1173/1173/1173 1174/1174/1174 1172/1172/1172
f 1177/1177/1177 1176/1176/1176 1175/1175/1175
f 1178/1178/1178 1177/1177/1177 1175/1175/1175
f 1178/1178/1178 1175/1175/1175 1179/1179/1179
f 1180/1180/1180 1178/1178/1178 1179/1179/1179
f 1181/1181/1181 1180/1180/1180 1179/1179/1179
f 1182/1182/1182 1181/1181/1181 1179/1179/1179
f 1181/1181/1181 1182/1182/1182 1183/1183/1183
f 1184/1184/1184 1181/1181/1181 1183/1183/1183
f 1183/1183/1183 1185/1185/1185 1184/1184/1184
f 1185/1185/1185 1186/1186/1186 1184/1184/1184
f 1189/1189/1189 1188/1188/1188 1187/1187/1187
f 1190/1190/1190 1189/1189/1189 1187/1187/1187
f 1190/1190/1190 1187/1187/1187 1191/1191/1191
f 1192/1192/1192 1190/1190/1190 1191/1191/1191
f 1193/1193/1193 1192/1192/1192 1191/1191/1191
f 1194/1194/1194 1193/1193/1193 1191/1191/1191
f 1193/1193/1193 1194/1194/1194 1195/1195/1195
f 1196/1196/1196 1193/1193/1193 1195/1195/1195
f 1195/1195/1195 1197/1197/1197 1196/1196/1196
f 1197/1197/1197 1198/1198/1198 1196/1196/1196
f 1201/1201/1201 1200/1200/1200 1199/1199/1199
f 1202/1202/1202 1201/1201/1201 1199/1199/1199
f 1202/1202/1202 1199/1199/1199 1203/1203/1203
f 1204/1204/1204 1202/1202/1202 1203/1203/1203
f 1204/1204/1204 1203/1203/1203 1205/1205/1205
f 1203/1203/1203 1206/1206/1206 1205/1205/1205
f 1205/1205/1205 1206/1206/1206 1207/1207/1207
f 1208/1208/1208 1205/1205/1205 1207/1207/1207
f 1208/1208/1208 1207/1207/1207 1209/1209/1209
f 1207/1207/1207 1210/1210/1210 1209/1209/1209
f 1213/1213/1213 1212/1212/1212 1211/1211/1211
f 1214/1214/1214 1213/1213/1213 1211/1211/1211
f 1214/1214/1214 1211/1211/1211 1215/1215/1215
f 1216/1216/1216 1214/1214/1214 1215/1215/1215
f 1217/1217/1217 1216/1216/1216 1215/1215/1215
f 1218/1218/1218 1217/1217/1217 1215/1215/1215
f 1217/1217/1217 1218/1218/1218 1219/1219/1219
f 1220/1220/1220 1217/1217/1217 1219/1219/1219
f 1219/1219/1219 1221/1221/1221 1220/1220/1220
f 1221/1221/1221 1222/1222/1222 1220/1220/1220
f 1225/1225/1225 1224/1224/1224 1223/1223/1223
f 1226/1226/1226 1225/1225/1225 1223/1223/1223
f 1226/1226/1226 1223/1223/1223 1227/1227/1227
f 1228/1228/1228 1226/1226/1226 1227/1227/1227
f 1229/1229/1229 1228/1228/1228 1227/1227/1227
f 1230/1230/1230 1229/1229/1229 1227/1227/1227
f 1229/1229/1229 1230/1230/1230 1231/1231/1231
f 1232/1232/1232 1229/1229/1229 1231/1231/1231
f 1231/1231/1231 1233/1233/1233 1232/1232/1232
f 1233/1233/1233 1234/1234/1234 1232/1232/1232
f 1237/1237/1237 1236/1236/1236 1235/1235/1235
f 1238/1238/1238 1237/1237/1237 1235/1235/1235
f 1238/1238/1238 1235/1235/1235 1239/1239/1239
f 1240/1240/1240 1238/1238/1238 1239/1239/1239
f 1241/1241/1241 1240/1240/1240 1239/1239/1239
f 1242/1242/1242 1241/1241/1241 1239/1239/1239
f 1241/1241/1241 1242/1242/1242 1243/1243/1243
f 1244/1244/1244 1241/1241/1241 1243/1243/1243
f 1243/1243/1243 1245/1245/1245 1244/1244/1244
f 1245/1245/1245 1246/1246/1246 1244/1244/1244
f 1249/1249/1249 1248/1248/1248 1247/1247/1247
f 1250/1250/1250 1249/1249/1249 1247/1247/1247
f 1250/1250/1250 1247/1247/1247 1251/1251/1251
f 1252/1252/1252 1250/1250/1250 1251/1251/1251
f 1253/1253/1253 1252/1252/1252 1251/1251/1251
f 1254/1254/1254 1253/1253/1253 1251/1251/1251
f 1253/1253/1253 1254/1254/1254 1255/1255/1255
f 1256/1256/1256 1253/1253/1253 1255/1255/1255
f 1255/1255/1255 1257/1257/1257 1256/1256/1256
f 1257/1257/1257 1258/1258/1258 1256/1256/1256
f 1261/1261/1261 1260/1260/1260 1259/1259/1259
f 1262/1262/1262 1261/1261/1261 1259/1259/1259
f 1262/1262/1262 1259/1259/1259 1263/1263/1263
f 1264/1264/1264 1262/1262/1262 1263/1263/1263
f 1265/1265/1265 1264/1264/1264 1263/1263/1263
f 1266/1266/1266 1265/1265/1265 1263/1263/1263
f 1265/1265/1265 1266/1266/1266 1267/1267/1267
f 1268/1268/1268 1265/1265/1265 1267/1267/1267
f 1267/1267/1267 1269/1269/1269 1268/1268/1268
f 1269/1269/1269 1270/1270/1270 1268/1268/1268
f 1273/1273/1273 1272/1272/1272 1271/1271/1271
f 1274/1274/1274 1273/1273/1273 1271/1271/1271
f 1274/1274/1274 1271/1271/1271 1275/1275/1275
f 1276/1276/1276 1274/1274/1274 1275/1275/1275
f 1276/1276/1276 1275/1275/1275 1277/1277/1277
f 1275/1275/1275 1278/1278/1278 1277/1277/1277
f 1277/1277/1277 1278/1278/1278 1279/1279/1279
f 1280/1280/1280 1277/1277/1277 1279/1279/1279
f 1280/1280/1280 1279/1279/1279 1281/1281/1281
f 1279/1279/1279 1282/1282/1282 1281/1281/1281
f 1285/1285/1285 1284/1284/1284 1283/1283/1283
f 1286/1286/1286 1285/1285/1285 1283/1283/1283
f 1286/1286/1286 1283/1283/1283 1287/1287/1287
f 1288/1288/1288 1286/1286/1286 1287/1287/1287
f 1289/1289/1289 1288/1288/1288 1287/1287/1287
f 1290/1290/1290 1289/1289/1289 1287/1287/1287
f 1289/1289/1289 1290/1290/1290 1291/1291/1291
f 1292/1292/1292 1289/1289/1289 1291/1291/1291
f 1291/1291/1291 1293/1293/1293 1292/1292/1292
f 1293/1293/1293 1294/1294/1294 1292/1292/1292
f 1297/1297/1297 1296/1296/1296 1295/1295/1295
f 1298/1298/1298 1297/1297/1297 1295/1295/1295
f 1298/1298/1298 1295/1295/1295 1299/1299/1299
f 1300/1300/1300 1298/1298/1298 1299/1299/1299
f 1301/1301/1301 1300/1300/1300 1299/1299/1299
f 1302/1302/1302 1301/1301/1301 1299/1299/1299
f 1301/1301/1301 1302/1302/1302 1303/1303/1303
f 1304/1304/1304 1301/1301/1301 1303/1303/1303
f 1303/1303/1303 1305/1305/1305 1304/1304/1304
f 1305/1305/1305 1306/1306/1306 1304/1304/1304
f 1309/1309/1309 1308/1308/1308 1307/1307/1307
f 1310/1310/1310 1309/1309/1309 1307/1307/1307
f 1310/1310/1310 1307/1307/1307 1311/1311/1311
f 1312/1312/1312 1310/1310/1310 1311/1311/1311
f 1313/1313/1313 1312/1312/1312 1311/1311/1311
f 1314/1314/1314 1313/1313/1313 1311/1311/1311
f 1313/1313/1313 1314/1314/1314 1315/1315/1315
f 1316/1316/1316 1313/1313/1313 1315/1315/1315
f 1315/1315/1315 1317/1317/1317 1316/1316/1316
f 1317/1317/1317 1318/1318/1318 1316/1316/1316
f 1321/1321/1321 1320/1320/1320 1319/1319/1319
f 1322/1322/1322 1321/1321/1321 1319/1319/1319
f 1322/1322/1322 1319/1319/1319 1323/1323/1323
f 1324/1324/1324 1322/1322/1322 1323/1323/1323
f 1325/1325/1325 1324/1324/1324 1323/1323/1323
f 1326/1326/1326 1325/1325/1325 1323/1323/1323
f 1325/1325/1325 1326/1326/1326 1327/1327/1327
f 1328/1328/1328 1325/1325/1325 1327/1327/1327
f 1327/1327/1327 1329/1329/1329 1328/1328/1328
f 1329/1329/1329 1330/1330/1330 1328/1328/1328
f 1333/1333/1333 1332/1332/1332 1331/1331/1331
f 1334/1334/1334 1333/1333/1333 1331/1331/1331
f 1334/1334/1334 1331/1331/1331 1335/1335/1335
f 1336/1336/1336 1334/1334/1334 1335/1335/1335
f 1337/1337/1337 1336/1336/1336 1335/1335/1335
f 1338/1338/1338 1337/1337/1337 1335/1335/1335
f 1337/1337/1337 1338/1338/1338 1339/1339/1339
f 1340/1340/1340 1337/1337/1337 1339/1339/1339
f 1339/1339/1339 1341/1341/1341 1340/1340/1340
f 1341/1341/1341 1342/1342/1342 1340/1340/1340
f 1345/1345/1345 1344/1344/1344 1343/1343/1343
f 1346/1346/1346 1345/1345/1345 1343/1343/1343
f 1349/1349/1349 1348/1348/1348 1347/1347/1347
f 1347/1347/1347 1348/1348/1348 1350/1350/1350
f 1351/1351/1351 1348/1348/1348 1349/1349/1349
f 1350/1350/1350 1348/1348/1348 1352/1352/1352
f 1353/1353/1353 1348/1348/1348 1351/1351/1351
f 1352/1352/1352 1348/1348/1348 1353/1353/1353
f 1356/1356/1356 1355/1355/1355 1354/1354/1354
f 1354/1354/1354 1355/1355/1355 1357/1357/1357
f 1358/1358/1358 1355/1355/1355 1356/1356/1356
f 1357/1357/1357 1355/1355/1355 1359/1359/1359
f 1360/1360/1360 1355/1355/1355 1358/1358/1358
f 1359/1359/1359 1355/1355/1355 1360/1360/1360
f 1363/1363/1363 1362/1362/1362 1361/1361/1361
f 1361/1361/1361 1362/1362/1362 1364/1364/1364
f 1365/1365/1365 1362/1362/1362 1363/1363/1363
f 1364/1364/1364 1362/1362/1362 1366/1366/1366
f 1367/1367/1367 1362/1362/1362 1365/1365/1365
f 1366/1366/1366 1362/1362/1362 1367/1367/1367
f 1370/1370/1370 1369/1369/1369 1368/1368/1368
f 1368/1368/1368 1369/1369/1369 1371/1371/1371
f 1372/1372/1372 1369/1369/1369 1370/1370/1370
f 1371/1371/1371 1369/1369/1369 1373/1373/1373
f 1374/1374/1374 1369/1369/1369 1372/1372/1372
f 1373/1373/1373 1369/1369/1369 1374/1374/1374
f 1377/1377/1377 1376/1376/1376 1375/1375/1375
f 1375/1375/1375 1376/1376/1376 1378/1378/1378
f 1379/1379/1379 1376/1376/1376 1377/1377/1377
f 1378/1378/1378 1376/1376/1376 1380/1380/1380
f 1381/1381/1381 1376/1376/1376 1379/1379/1379
f 1380/1380/1380 1376/1376/1376 1381/1381/1381
f 1384/1384/1384 1383/1383/1383 1382/1382/1382
f 1382/1382/1382 1383/1383/1383 1385/1385/1385
f 1386/1386/1386 1383/1383/1383 1384/1384/1384
f 1385/1385/1385 1383/1383/1383 1387/1387/1387
f 1388/1388/1388 1383/1383/1383 1386/1386/1386
f 1387/1387/1387 1383/1383/1383 1388/1388/1388
f 1391/1391/1391 1390/1390/1390 1389/1389/1389
f 1389/1389/1389 1390/1390/1390 1392/1392/1392
f 1393/1393/1393 1390/1390/1390 1391/1391/1391
f 1392/1392/1392 1390/1390/1390 1394/1394/1394
f 1395/1395/1395 1390/1390/1390 1393/1393/1393
f 1394/1394/1394 1390/1390/1390 1395/1395/1395
f 1398/1398/1398 1397/1397/1397 1396/1396/1396
f 1396/1396/1396 1397/1397/1397 1399/1399/1399
f 1400/1400/1400 1397/1397/1397 1398/1398/1398
f 1399/1399/1399 1397/1397/1397 1401/1401/1401
f 1402/1402/1402 1397/1397/1397 1400/1400/1400
f 1401/1401/1401 1397/1397/1397 1402/1402/1402
f 1405/1405/1405 1404/1404/1404 1403/1403/1403
f 1403/1403/1403 1404/1404/1404 1406/1406/1406
f 1407/1407/1407 1404/1404/1404 1405/1405/1405
f 1406/1406/1406 1404/1404/1404 1408/1408/1408
f 1409/1409/1409 1404/1404/1404 1407/1407/1407
f 1408/1408/1408 1404/1404/1404 1409/1409/1409
f 1412/1412/1412 1411/1411/1411 1410/1410/1410
f 1410/1410/1410 1411/1411/1411 1413/1413/1413
f 1414/1414/1414 1411/1411/1411 1412/1412/1412
f 1413/1413/1413 1411/1411/1411 1415/1415/1415
f 1416/1416/1416 1411/1411/1411 1414/1414/1414
f 1415/1415/1415 1411/1411/1411 1416/1416/1416
f 1419/1419/1419 1418/1418/1418 1417/1417/1417
f 1417/1417/1417 1418/1418/1418 1420/1420/1420
f 1421/1421/1421 1418/1418/1418 1419/1419/1419
f 1420/1420/1420 1418/1418/1418 1422/1422/1422
f 1423/1423/1423 1418/1418/1418 1421/1421/1421
f 1422/1422/1422 1418/1418/1418 1423/1423/1423
f 1426/1426/1426 1425/1425/1425 1424/1424/1424
f 1424/1424/1424 1425/1425/1425 1427/1427/1427
f 1428/1428/1428 1425/1425/1425 1426/1426/1426
f 1427/1427/1427 1425/1425/1425 1429/1429/1429
f 1430/1430/1430 1425/1425/1425 1428/1428/1428
f 1429/1429/1429 1425/1425/1425 1430/1430/1430
f 1433/1433/1433 1432/1432/1432 1431/1431/1431
f 1431/1431/1431 1432/1432/1432 1434/1434/1434
f 1435/1435/1435 1432/1432/1432 1433/1433/1433
f 1434/1434/1434 1432/1432/1432 1436/1436/1436
f 1437/1437/1437 1432/1432/1432 1435/1435/1435
f 1436/1436/1436 1432/1432/1432 1437/1437/1437
f 1440/1440/1440 1439/1439/1439 1438/1438/1438
f 1438/1438/1438 1439/1439/1439 1441/1441/1441
f 1442/1442/1442 1439/1439/1439 1440/1440/1440
f 1441/1441/1441 1439/1439/1439 1443/1443/1443
f 1444/1444/1444 1439/1439/1439 1442/1442/1442
f 1443/1443/1443 1439/1439/1439 1444/1444/1444
f 1447/1447/1447 1446/1446/1446 1445/1445/1445
f 1445/1445/1445 1446/1446/1446 1448/1448/1448
f 1449/1449/1449 1446/1446/1446 1447/1447/1447
f 1448/1448/1448 1446/1446/1446 1450/1450/1450
f 1451/1451/1451 1446/1446/1446 1449/1449/1449
f 1450/1450/1450 1446/1446/1446 1451/1451/1451
f 1454/1454/1454 1453/1453/1453 1452/1452/1452
f 1452/1452/1452 1453/1453/1453 1455/1455/1455
f 1456/1456/1456 1453/1453/1453 1454/1454/1454
f 1455/1455/1455 1453/1453/1453 1457/1457/1457
f 1458/1458/1458 1453/1453/1453 1456/1456/1456
f 1457/1457/1457 1453/1453/1453 1458/1458/1458
f 1461/1461/1461 1460/1460/1460 1459/1459/1459
f 1459/1459/1459 1460/1460/1460 1462/1462/1462
f 1463/1463/1463 1460/1460/1460 1461/1461/1461
f 1462/1462/1462 1460/1460/1460 1464/1464/1464
f 1465/1465/1465 1460/1460/1460 1463/1463/1463
f 1464/1464/1464 1460/1460/1460 1465/1465/1465
f 1468/1468/1468 1467/1467/1467 1466/1466/1466
f 1466/1466/1466 1467/1467/1467 1469/1469/1469
f 1470/1470/1470 1467/1467/1467 1468/1468/1468
f 1469/1469/1469 1467/1467/1467 1471/1471/1471
f 1472/1472/1472 1467/1467/1467 1470/1470/1470
f 1471/1471/1471 1467/1467/1467 1472/1472/1472
f 1475/1475/1475 1474/1474/1474 1473/1473/1473
f 1473/1473/1473 1474/1474/1474 1476/1476/1476
f 1477/1477/1477 1474/1474/1474 1475/1475/1475
f 1476/1476/1476 1474/1474/1474 1478/1478/1478
f 1479/1479/1479 1474/1474/1474 1477/1477/1477
f 1478/1478/1478 1474/1474/1474 1479/1479/1479
f 1482/1482/1482 1481/1481/1481 1480/1480/1480
f 1480/1480/1480 1481/1481/1481 1483/1483/1483
f 1484/1484/1484 1481/1481/1481 1482/1482/1482
f 1483/1483/1483 1481/1481/1481 1485/1485/1485
f 1486/1486/1486 1481/1481/1481 1484/1484/1484
f 1485/1485/1485 1481/1481/1481 1486/1486/1486
f 1489/1489/1489 1488/1488/1488 1487/1487/1487
f 1487/1487/1487 1488/1488/1488 1490/1490/1490
f 1491/1491/1491 1488/1488/1488 1489/1489/1489
f 1490/1490/1490 1488/1488/1488 1492/1492/1492
f 1493/1493/1493 1488/1488/1488 1491/1491/1491
f 1492/1492/1492 1488/1488/1488 1493/1493/1493
f 1496/1496/1496 1495/1495/1495 1494/1494/1494
f 1494/1494/1494 1495/1495/1495 1497/1497/1497
f 1498/1498/1498 1495/1495/1495 1496/1496/1496
f 1497/1497/1497 1495/1495/1495 1499/1499/1499
f 1500/1500/1500 1495/1495/1495 1498/1498/1498
f 1499/1499/1499 1495/1495/1495 1500/1500/1500
f 1503/1503/1503 1502/1502/1502 1501/1501/1501
f 1501/1501/1501 1502/1502/1502 1504/1504/1504
f 1505/1505/1505 1502/1502/1502 1503/1503/1503
f 1504/1504/1504 1502/1502/1502 1506/1506/1506
f 1507/1507/1507 1502/1502/1502 1505/1505/1505
f 1506/1506/1506 1502/1502/1502 1507/1507/1507
f 1510/1510/1510 1509/1509/1509 1508/1508/1508
f 1508/1508/1508 1509/1509/1509 1511/1511/1511
f 1512/1512/1512 1509/1509/1509 1510/1510/1510
f 1511/1511/1511 1509/1509/1509 1513/1513/1513
f 1514/1514/1514 1509/1509/1509 1512/1512/1512
f 1513/1513/1513 1509/1509/1509 1514/1514/1514
f 1517/1517/1517 1516/1516/1516 1515/1515/1515
f 1515/1515/1515 1516/1516/1516 1518/1518/1518
f 1519/1519/1519 1516/1516/1516 1517/1517/1517
f 1518/1518/1518 1516/1516/1516 1520/1520/1520
f 1521/1521/1521 1516/1516/1516 1519/1519/1519
f 1520/1520/1520 1516/1516/1516 1521/1521/1521
f 1524/1524/1524 1523/1523/1523 1522/1522/1522
f 1522/1522/1522 1523/1523/1523 1525/1525/1525
f 1526/1526/1526 1523/1523/1523 1524/1524/1524
f 1525/1525/1525 1523/1523/1523 1527/1527/1527
f 1528/1528/1528 1523/1523/1523 1526/1526/1526
f 1527/1527/1527 1523/1523/1523 1528/1528/1528
f 1531/1531/1531 1530/1530/1530 1529/1529/1529
f 1529/1529/1529 1530/1530/1530 1532/1532/1532
f 1533/1533/1533 1530/1530/1530 1531/1531/1531
f 1532/1532/1532 1530/1530/1530 1534/1534/1534
f 1535/1535/1535 1530/1530/1530 1533/1533/1533
f 1534/1534/1534 1530/1530/1530 1535/1535/1535
f 1538/1538/1538 1537/1537/1537 1536/1536/1536
f 1536/1536/1536 1537/1537/1537 1539/1539/1539
f 1540/1540/1540 1537/1537/1537 1538/1538/1538
f 1539/1539/1539 1537/1537/1537 1541/1541/1541
f 1542/1542/1542 1537/1537/1537 1540/1540/1540
f 1541/1541/1541 1537/1537/1537 1542/1542/1542
f 1545/1545/1545 1544/1544/1544 1543/1543/1543
f 1543/1543/1543 1544/1544/1544 1546/1546/1546
f 1547/1547/1547 1544/1544/1544 1545/1545/1545
f 1546/1546/1546 1544/1544/1544 1548/1548/1548
f 1549/1549/1549 1544/1544/1544 1547/1547/1547
f 1548/1548/1548 1544/1544/1544 1549/1549/1549
f 1552/1552/1552 1551/1551/1551 1550/1550/1550
f 1550/1550/1550 1551/1551/1551 1553/1553/1553
f 1554/1554/1554 1551/1551/1551 1552/1552/1552
f 1553/1553/1553 1551/1551/1551 1555/1555/1555
f 1556/1556/1556 1551/1551/1551 1554/1554/1554
f 1555/1555/1555 1551/1551/1551 1556/1556/1556
f 1559/1559/1559 1558/1558/1558 1557/1557/1557
f 1557/1557/1557 1558/1558/1558 1560/1560/1560
f 1561/1561/1561 1558/1558/1558 1559/1559/1559
f 1560/1560/1560 1558/1558/1558 1562/1562/1562
f 1563/1563/1563 1558/1558/1558 1561/1561/1561
f 1562/1562/1562 1558/1558/1558 1563/1563/1563
f 1566/1566/1566 1565/1565/1565 1564/1564/1564
f 1564/1564/1564 1565/1565/1565 1567/1567/1567
f 1568/1568/1568 1565/1565/1565 1566/1566/1566
f 1567/1567/1567 1565/1565/1565 1569/1569/1569
f 1570/1570/1570 1565/1565/1565 1568/1568/1568
f 1569/1569/1569 1565/1565/1565 1570/1570/1570
f 1573/1573/1573 1572/1572/1572 1571/1571/1571
f 1571/1571/1571 1572/1572/1572 1574/1574/1574
f 1575/1575/1575 1572/1572/1572 1573/1573/1573
f 1574/1574/1574 1572/1572/1572 1576/1576/1576
f 1577/1577/1577 1572/1572/1572 1575/1575/1575
f 1576/1576/1576 1572/1572/1572 1577/1577/1577
f 1580/1580/1580 1579/1579/1579 1578/1578/1578
f 1578/1578/1578 1579/1579/1579 1581/1581/1581
f 1582/1582/1582 1579/1579/1579 1580/1580/1580
f 1581/1581/1581 1579/1579/1579 1583/1583/1583
f 1584/1584/1584 1579/1579/1579 1582/1582/1582
f 1583/1583/1583 1579/1579/1579 1584/1584/1584
f 1587/1587/1587 1586/1586/1586 1585/1585/1585
f 1585/1585/1585 1586/1586/1586 1588/1588/1588
f 1589/1589/1589 1586/1586/1586 1587/1587/1587
f 1588/1588/1588 1586/1586/1586 1590/1590/1590
f 1591/1591/1591 1586/1586/1586 1589/1589/1589
f 1590/1590/1590 1586/1586/1586 1591/1591/1591
f 1594/1594/1594 1593/1593/1593 1592/1592/1592
f 1592/1592/1592 1593/1593/1593 1595/1595/1595
f 1596/1596/1596 1593/1593/1593 1594/1594/1594
f 1595/1595/1595 1593/1593/1593 1597/1597/1597
f 1598/1598/1598 1593/1593/1593 1596/1596/1596
f 1597/1597/1597 1593/1593/1593 1598/1598/1598
f 1601/1601/1601 1600/1600/1600 1599/1599/1599
f 1599/1599/1599 1600/1600/1600 1602/1602/1602
f 1603/1603/1603 1600/1600/1600 1601/1601/1601
f 1602/1602/1602 1600/1600/1600 1604/1604/1604
f 1605/1605/1605 1600/1600/1600 1603/1603/1603
f 1604/1604/1604 1600/1600/1600 1605/1605/1605
f 1608/1608/1608 1607/1607/1607 1606/1606/1606
f 1606/1606/1606 1607/1607/1607 1609/1609/1609
f 1610/1610/1610 1607/1607/1607 1608/1608/1608
f 1609/1609/1609 1607/1607/1607 1611/1611/1611
f 1612/1612/1612 1607/1607/1607 1610/1610/1610
f 1611/1611/1611 1607/1607/1607 1612/1612/1612
f 1615/1615/1615 1614/1614/1614 1613/1613/1613
f 1613/1613/1613 1614/1614/1614 1616/1616/1616
f 1617/1617/1617 1614/1614/1614 1615/1615/1615
f 1616/1616/1616 1614/1614/1614 1618/1618/1618
f 1619/1619/1619 1614/1614/1614 1617/1617/1617
f 1618/1618/1618 1614/1614/1614 1619/1619/1619
f 1622/1622/1622 1621/1621/1621 1620/1620/1620
f 1620/1620/1620 1621/1621/1621 1623/1623/1623
f 1624/1624/1624 1621/1621/1621 1622/1622/1622
f 1623/1623/1623 1621/1621/1621 1625/1625/1625
f 1626/1626/1626 1621/1621/1621 1624/1624/1624
f 1625/1625/1625 1621/1621/1621 1626/1626/1626
