# Blender v2.79 (sub 0) OBJ File: ''
# www.blender.org
mtllib MSH_PatrickHouse.mtl
o MSH_PatrickHouse
v 0.030199 1.395333 -0.080549
v 0.030180 1.406542 -0.088670
v 0.049331 1.395471 -0.072510
v 0.055017 1.406700 -0.078209
v 0.030122 1.416006 -0.090329
v 0.056147 1.416177 -0.079389
v 0.029995 1.429333 -0.082989
v 0.050837 1.429476 -0.074230
v 0.030137 1.493648 -0.085589
v 0.051237 1.493786 -0.076709
v 0.030091 1.512249 -0.098149
v 0.060051 1.512461 -0.085550
v 0.029994 1.525694 -0.098030
v 0.059877 1.525893 -0.085469
v 0.029883 1.533697 -0.086909
v 0.051909 1.533852 -0.077650
v 0.011012 1.395221 -0.072710
v 0.005223 1.406374 -0.078489
v 0.004000 1.415825 -0.079649
v 0.009057 1.429180 -0.074449
v 0.008956 1.493517 -0.076930
v -0.000012 1.512051 -0.085869
v -0.000007 1.525506 -0.085790
v 0.007758 1.533552 -0.077869
v 0.002971 1.395153 -0.053590
v -0.005227 1.406306 -0.053629
v -0.006952 1.415762 -0.053629
v 0.000295 1.429138 -0.053609
v 0.000093 1.493464 -0.055849
v -0.012593 1.511976 -0.055910
v -0.012571 1.525410 -0.055910
v -0.001508 1.533496 -0.055849
v 0.010810 1.395219 -0.034389
v 0.004958 1.406358 -0.028669
v 0.003718 1.415831 -0.027509
v 0.008836 1.429180 -0.032670
v 0.008736 1.493517 -0.034650
v -0.000313 1.512058 -0.025809
v -0.000329 1.525495 -0.025910
v 0.007538 1.533552 -0.033730
v 0.029922 1.395339 -0.026349
v 0.029797 1.406537 -0.018229
v 0.029743 1.416001 -0.016570
v 0.029674 1.429323 -0.023909
v 0.029836 1.493655 -0.025789
v 0.029626 1.512252 -0.013209
v 0.029554 1.525694 -0.013350
v 0.029563 1.533707 -0.024470
v 0.049130 1.395470 -0.034170
v 0.054759 1.406704 -0.028409
v 0.055865 1.416182 -0.027229
v 0.050615 1.429456 -0.032449
v 0.051012 1.493787 -0.034429
v 0.059729 1.512450 -0.025490
v 0.059557 1.525902 -0.025589
v 0.051689 1.533852 -0.033489
v 0.057169 1.395518 -0.053310
v 0.065209 1.406772 -0.053249
v 0.066798 1.416247 -0.053249
v 0.059374 1.429518 -0.053290
v 0.059877 1.493860 -0.055530
v 0.072331 1.512543 -0.055470
v 0.072114 1.525979 -0.055470
v 0.060931 1.533910 -0.055530
v 0.030010 1.403786 -0.053449
v 0.029873 1.512068 -0.055689
v 0.029298 1.530176 -0.080549
v 0.029260 1.541386 -0.088670
v 0.048430 1.530314 -0.072510
v 0.054116 1.541543 -0.078229
v 0.029221 1.550849 -0.090329
v 0.055227 1.551021 -0.079389
v 0.029094 1.564176 -0.082989
v 0.049935 1.564298 -0.074230
v 0.028188 1.700264 -0.083349
v 0.049288 1.700403 -0.074469
v 0.028147 1.712800 -0.090310
v 0.054153 1.712972 -0.079369
v 0.028070 1.724476 -0.090210
v 0.053994 1.724635 -0.079309
v 0.027963 1.731414 -0.080549
v 0.047093 1.731532 -0.072510
v 0.010085 1.530046 -0.072710
v 0.004303 1.541219 -0.078489
v 0.003075 1.550670 -0.079649
v 0.008156 1.564023 -0.074449
v 0.007007 1.700133 -0.074690
v 0.002024 1.712619 -0.079649
v 0.002005 1.724289 -0.079569
v 0.008773 1.731282 -0.072710
v 0.002051 1.529997 -0.053590
v -0.006128 1.541149 -0.053629
v -0.007853 1.550605 -0.053629
v -0.000606 1.563980 -0.053609
v -0.001858 1.700060 -0.053609
v -0.008927 1.712556 -0.053629
v -0.008885 1.724221 -0.053629
v 0.000734 1.731234 -0.053590
v 0.009889 1.530043 -0.034389
v 0.004038 1.541203 -0.028669
v 0.002817 1.550673 -0.027509
v 0.007935 1.564023 -0.032670
v 0.006786 1.700133 -0.032409
v 0.001742 1.712624 -0.027509
v 0.001747 1.724293 -0.027589
v 0.008553 1.731282 -0.034389
v 0.029016 1.530182 -0.026349
v 0.028896 1.541379 -0.018229
v 0.028818 1.550846 -0.016570
v 0.028773 1.564165 -0.023909
v 0.027887 1.700272 -0.023549
v 0.027749 1.712796 -0.016570
v 0.027672 1.724472 -0.016690
v 0.027681 1.731420 -0.026349
v 0.048210 1.530314 -0.034170
v 0.053858 1.541546 -0.028409
v 0.054964 1.551025 -0.027229
v 0.049710 1.564299 -0.032449
v 0.049068 1.700403 -0.032190
v 0.053869 1.712958 -0.027229
v 0.053736 1.724639 -0.027309
v 0.046892 1.731531 -0.034170
v 0.056268 1.530360 -0.053310
v 0.064307 1.541615 -0.053249
v 0.065897 1.551089 -0.053249
v 0.058473 1.564361 -0.053290
v 0.057926 1.700456 -0.053290
v 0.064823 1.713040 -0.053249
v 0.064626 1.724707 -0.053249
v 0.054933 1.731598 -0.053310
v 0.029109 1.538628 -0.053449
v 0.027955 1.712637 -0.053449
v 0.148655 1.750199 -0.079909
v 0.135079 1.749975 -0.088109
v 0.148219 1.769358 -0.071970
v 0.134526 1.774868 -0.077789
v 0.123576 1.749802 -0.089809
v 0.122967 1.775865 -0.079009
v 0.107325 1.749541 -0.082570
v 0.106846 1.770431 -0.073909
v -0.086855 1.746757 -0.080250
v -0.087354 1.767890 -0.071489
v -0.102846 1.746512 -0.087310
v -0.103431 1.772574 -0.076509
v -0.117770 1.746270 -0.087269
v -0.118365 1.772273 -0.076509
v -0.126697 1.746143 -0.077669
v -0.127133 1.765302 -0.069730
v 0.148989 1.731029 -0.071970
v 0.135535 1.725069 -0.077789
v 0.124043 1.723711 -0.079009
v 0.107702 1.728640 -0.073909
v -0.086462 1.725613 -0.071489
v -0.102339 1.720437 -0.076509
v -0.117274 1.720277 -0.076509
v -0.126325 1.726969 -0.069730
v 0.149068 1.723089 -0.052809
v 0.135612 1.714760 -0.052870
v 0.124119 1.712919 -0.052930
v 0.107754 1.719999 -0.053030
v -0.086376 1.716869 -0.050350
v -0.102259 1.709645 -0.050430
v -0.117176 1.709524 -0.050510
v -0.126266 1.719031 -0.050549
v 0.148793 1.731027 -0.033650
v 0.135272 1.725073 -0.027970
v 0.123761 1.723716 -0.026869
v 0.107482 1.728640 -0.032130
v -0.086682 1.725613 -0.029209
v -0.102616 1.720443 -0.024349
v -0.117537 1.720281 -0.024509
v -0.126521 1.726967 -0.031390
v 0.148376 1.750184 -0.025709
v 0.134696 1.749969 -0.017650
v 0.123174 1.749798 -0.016069
v 0.107003 1.749530 -0.023490
v -0.087177 1.746746 -0.020450
v -0.103225 1.746507 -0.013569
v -0.118153 1.746265 -0.013749
v -0.126981 1.746129 -0.023449
v 0.148018 1.769356 -0.033650
v 0.134244 1.774874 -0.027970
v 0.122704 1.775869 -0.026869
v 0.106624 1.770411 -0.032130
v -0.087575 1.767890 -0.029209
v -0.103713 1.772579 -0.024369
v -0.118644 1.772258 -0.024529
v -0.127334 1.765301 -0.031390
v 0.147964 1.777294 -0.052809
v 0.134182 1.785183 -0.052889
v 0.122610 1.786663 -0.052950
v 0.106574 1.779072 -0.053030
v -0.087635 1.776652 -0.050350
v -0.103813 1.783373 -0.050430
v -0.118726 1.783030 -0.050510
v -0.127412 1.773241 -0.050569
v 0.138239 1.750027 -0.052870
v -0.102827 1.746510 -0.050430
v -0.126142 1.742999 -0.077669
v -0.139718 1.742775 -0.085869
v -0.126578 1.762159 -0.069730
v -0.140295 1.767671 -0.075550
v -0.151242 1.742584 -0.087569
v -0.151829 1.768666 -0.076769
v -0.167472 1.742341 -0.080330
v -0.167953 1.763212 -0.071669
v -0.391559 1.741550 -0.082390
v -0.392054 1.762682 -0.073629
v -0.407546 1.741305 -0.089449
v -0.408154 1.767369 -0.078649
v -0.422469 1.741063 -0.089410
v -0.423064 1.767065 -0.078649
v -0.431396 1.740936 -0.079809
v -0.431837 1.760095 -0.071870
v -0.125808 1.723829 -0.069730
v -0.139267 1.717870 -0.075550
v -0.150758 1.716512 -0.076769
v -0.167095 1.721440 -0.071669
v -0.391161 1.720405 -0.073629
v -0.407039 1.715230 -0.078649
v -0.421974 1.715070 -0.078649
v -0.431043 1.721764 -0.071870
v -0.125729 1.715889 -0.050569
v -0.139185 1.707560 -0.050630
v -0.150678 1.705719 -0.050690
v -0.167043 1.712799 -0.050790
v -0.391101 1.711643 -0.052490
v -0.406963 1.704438 -0.052570
v -0.421875 1.704316 -0.052649
v -0.430965 1.713824 -0.052709
v -0.126009 1.723828 -0.031410
v -0.139525 1.717874 -0.025730
v -0.151035 1.716517 -0.024629
v -0.167315 1.721440 -0.029890
v -0.391382 1.720405 -0.031349
v -0.407321 1.715236 -0.026509
v -0.422237 1.715074 -0.026650
v -0.431244 1.721762 -0.033529
v -0.126445 1.742987 -0.023469
v -0.140101 1.742770 -0.015410
v -0.151623 1.742599 -0.013829
v -0.167794 1.742331 -0.021250
v -0.391881 1.741539 -0.022590
v -0.407929 1.741300 -0.015709
v -0.422853 1.741058 -0.015889
v -0.431680 1.740921 -0.025589
v -0.126779 1.762157 -0.031410
v -0.140553 1.767675 -0.025730
v -0.152092 1.768670 -0.024629
v -0.168178 1.763212 -0.029890
v -0.392274 1.762683 -0.031349
v -0.408419 1.767353 -0.026509
v -0.423348 1.767051 -0.026669
v -0.432038 1.760094 -0.033529
v -0.126838 1.770095 -0.050569
v -0.140615 1.777983 -0.050649
v -0.152187 1.779463 -0.050710
v -0.168247 1.771875 -0.050790
v -0.392358 1.771447 -0.052490
v -0.408512 1.778166 -0.052570
v -0.423426 1.777823 -0.052649
v -0.432112 1.768033 -0.052709
v -0.136562 1.742828 -0.050630
v -0.407527 1.741303 -0.052570
v -0.276298 1.611329 -0.064790
v -0.283767 1.620608 -0.072669
v -0.271346 1.623328 -0.048689
v -0.277317 1.636206 -0.051749
v -0.291350 1.626383 -0.074789
v -0.284594 1.642715 -0.052870
v -0.304380 1.630607 -0.069249
v -0.298965 1.643689 -0.051709
v -0.443888 1.722517 -0.079770
v -0.438419 1.735774 -0.062010
v -0.453287 1.732414 -0.086790
v -0.446550 1.748748 -0.064890
v -0.463670 1.738987 -0.087529
v -0.456939 1.755262 -0.065690
v -0.472179 1.739043 -0.079549
v -0.467225 1.751061 -0.063450
v -0.285151 1.592959 -0.066969
v -0.295249 1.596735 -0.075509
v -0.303375 1.601394 -0.077749
v -0.314025 1.610603 -0.071630
v -0.453613 1.702259 -0.082169
v -0.465293 1.707424 -0.089750
v -0.475633 1.714053 -0.090470
v -0.481013 1.720671 -0.081729
v -0.292673 1.578987 -0.053950
v -0.305039 1.578591 -0.058590
v -0.313634 1.582370 -0.060009
v -0.322222 1.595366 -0.057430
v -0.461934 1.686832 -0.067789
v -0.475547 1.688399 -0.072029
v -0.485860 1.695106 -0.072809
v -0.488535 1.706698 -0.068709
v -0.294487 1.577586 -0.033349
v -0.307417 1.576780 -0.031809
v -0.316115 1.580468 -0.031989
v -0.324210 1.593841 -0.034990
v -0.463942 1.685289 -0.045089
v -0.478027 1.686517 -0.044009
v -0.488322 1.693222 -0.044870
v -0.490368 1.705299 -0.048110
v -0.289535 1.589585 -0.017249
v -0.300949 1.592376 -0.010889
v -0.309359 1.596800 -0.010089
v -0.318795 1.606922 -0.017449
v -0.458492 1.698548 -0.027329
v -0.471295 1.702852 -0.022109
v -0.481609 1.709499 -0.023050
v -0.485414 1.717318 -0.032010
v -0.280687 1.607955 -0.015070
v -0.289468 1.616229 -0.008070
v -0.297332 1.621809 -0.007129
v -0.309173 1.626949 -0.015070
v -0.448748 1.718804 -0.024930
v -0.459270 1.727840 -0.019149
v -0.469632 1.734431 -0.020090
v -0.476584 1.735690 -0.029829
v -0.273160 1.621928 -0.028090
v -0.279671 1.634393 -0.024989
v -0.287080 1.640814 -0.024850
v -0.300951 1.642183 -0.029269
v -0.440428 1.734230 -0.039290
v -0.449032 1.746847 -0.036870
v -0.459400 1.753378 -0.037749
v -0.469039 1.749661 -0.042849
v -0.290029 1.605014 -0.041589
v -0.462137 1.717538 -0.054429
v -0.300270 1.901278 -0.064909
v -0.311511 1.897366 -0.072809
v -0.309926 1.910094 -0.048890
v -0.324061 1.908837 -0.051989
v -0.319499 1.892172 -0.074909
v -0.332635 1.904198 -0.053110
v -0.327936 1.881396 -0.069370
v -0.338461 1.891014 -0.051909
v -0.461743 1.781368 -0.079849
v -0.472402 1.791099 -0.062190
v -0.474217 1.775861 -0.086890
v -0.487356 1.787848 -0.065089
v -0.483922 1.768334 -0.087629
v -0.497025 1.780297 -0.065890
v -0.486899 1.760392 -0.079629
v -0.496555 1.769208 -0.063610
v -0.285979 1.886696 -0.066950
v -0.292960 1.878437 -0.075490
v -0.300061 1.872359 -0.077710
v -0.312357 1.865511 -0.071610
v -0.445979 1.765305 -0.082130
v -0.454779 1.756048 -0.089689
v -0.464540 1.748586 -0.090409
v -0.472602 1.745829 -0.081690
v -0.275444 1.874927 -0.053850
v -0.279258 1.863126 -0.058430
v -0.285739 1.856348 -0.059870
v -0.300880 1.852672 -0.057309
v -0.434352 1.752332 -0.067650
v -0.440438 1.740035 -0.071829
v -0.450233 1.732617 -0.072610
v -0.462072 1.734061 -0.068570
v -0.274831 1.872843 -0.033229
v -0.278461 1.860422 -0.031650
v -0.284898 1.853499 -0.031830
v -0.300202 1.850401 -0.034849
v -0.433683 1.750022 -0.044929
v -0.439590 1.737207 -0.043809
v -0.449410 1.729790 -0.044670
v -0.461458 1.731977 -0.047949
v -0.284490 1.881679 -0.017210
v -0.291006 1.871892 -0.010830
v -0.298035 1.865506 -0.010030
v -0.310726 1.860039 -0.017390
v -0.444337 1.759753 -0.027250
v -0.452753 1.749195 -0.022009
v -0.462513 1.741753 -0.022929
v -0.471119 1.740793 -0.031930
v -0.298763 1.896240 -0.015150
v -0.309558 1.890821 -0.008169
v -0.317472 1.885339 -0.007230
v -0.326288 1.875903 -0.015150
v -0.460101 1.775815 -0.024989
v -0.472191 1.769008 -0.019210
v -0.481894 1.761501 -0.020149
v -0.485411 1.755356 -0.029890
v -0.309293 1.908008 -0.028270
v -0.323241 1.906131 -0.025210
v -0.331794 1.901350 -0.025069
v -0.337788 1.888744 -0.029449
v -0.471726 1.788808 -0.039449
v -0.486533 1.785021 -0.037070
v -0.496182 1.777469 -0.037950
v -0.495941 1.767124 -0.042990
v -0.299068 1.886307 -0.041630
v -0.463356 1.762637 -0.054429
v 0.540693 1.747397 -0.076650
v 0.527114 1.747194 -0.084830
v 0.540276 1.766555 -0.068709
v 0.526561 1.772087 -0.074510
v 0.515609 1.747001 -0.086549
v 0.515026 1.773082 -0.075750
v 0.499358 1.746740 -0.079289
v 0.498898 1.767629 -0.070650
v 0.186131 1.745365 -0.082509
v 0.185656 1.766496 -0.073749
v 0.170164 1.745119 -0.089570
v 0.169555 1.771182 -0.078769
v 0.155242 1.744897 -0.089529
v 0.154646 1.770879 -0.078769
v 0.146308 1.744750 -0.079929
v 0.145854 1.763911 -0.071990
v 0.541048 1.728246 -0.068709
v 0.527570 1.722288 -0.074510
v 0.516078 1.720930 -0.075750
v 0.499737 1.725859 -0.070650
v 0.186550 1.724239 -0.073749
v 0.170652 1.719046 -0.078769
v 0.155733 1.718904 -0.078769
v 0.146668 1.725598 -0.071990
v 0.541107 1.720307 -0.049530
v 0.527652 1.711978 -0.049610
v 0.516154 1.710138 -0.049669
v 0.499813 1.717216 -0.049749
v 0.186611 1.715477 -0.052609
v 0.170747 1.708252 -0.052690
v 0.155816 1.708132 -0.052770
v 0.146723 1.717660 -0.052809
v 0.540847 1.728244 -0.030369
v 0.527307 1.722292 -0.024709
v 0.515796 1.720935 -0.023590
v 0.499516 1.725859 -0.028870
v 0.186309 1.724221 -0.031469
v 0.170370 1.719051 -0.026630
v 0.155454 1.718889 -0.026769
v 0.146467 1.725596 -0.033650
v 0.540411 1.747403 -0.022430
v 0.526754 1.747186 -0.014389
v 0.515230 1.746995 -0.012789
v 0.499057 1.746747 -0.020209
v 0.185830 1.745373 -0.022710
v 0.169761 1.745115 -0.015829
v 0.154859 1.744892 -0.016009
v 0.146031 1.744755 -0.025709
v 0.540077 1.766573 -0.030369
v 0.526303 1.772091 -0.024709
v 0.514742 1.773068 -0.023590
v 0.498678 1.767629 -0.028870
v 0.185435 1.766496 -0.031469
v 0.169273 1.771188 -0.026630
v 0.154364 1.770885 -0.026789
v 0.145652 1.763909 -0.033650
v 0.540016 1.774492 -0.049530
v 0.526221 1.782401 -0.049610
v 0.514668 1.783880 -0.049669
v 0.498608 1.776291 -0.049749
v 0.185351 1.775260 -0.052609
v 0.169197 1.781980 -0.052690
v 0.154265 1.781639 -0.052770
v 0.145593 1.771848 -0.052829
v 0.530293 1.747244 -0.049589
v 0.170164 1.745119 -0.052690
v 0.276241 1.595113 -0.084710
v 0.277715 1.612531 -0.092090
v 0.295268 1.593212 -0.076669
v 0.302451 1.610067 -0.081649
v 0.278900 1.627063 -0.093129
v 0.304812 1.624472 -0.082189
v 0.280511 1.647080 -0.084929
v 0.301250 1.645002 -0.076169
v 0.297098 1.849731 -0.076689
v 0.318094 1.847630 -0.067830
v 0.298733 1.869123 -0.082830
v 0.324627 1.866554 -0.071909
v 0.300181 1.886945 -0.081969
v 0.325993 1.884363 -0.071070
v 0.300974 1.897135 -0.071870
v 0.320001 1.895234 -0.063829
v 0.257071 1.596344 -0.076869
v 0.252794 1.614127 -0.081909
v 0.252829 1.628745 -0.082470
v 0.259628 1.648428 -0.076390
v 0.275957 1.851083 -0.068049
v 0.272657 1.870805 -0.072189
v 0.274185 1.888620 -0.071350
v 0.281804 1.898367 -0.064049
v 0.248985 1.596200 -0.057769
v 0.242296 1.613943 -0.057070
v 0.241839 1.628525 -0.056469
v 0.250816 1.648249 -0.055569
v 0.267040 1.850914 -0.046969
v 0.261654 1.870607 -0.046189
v 0.263221 1.888418 -0.045429
v 0.273718 1.898223 -0.044929
v 0.256748 1.594747 -0.038570
v 0.252365 1.612058 -0.032149
v 0.252365 1.626558 -0.030369
v 0.259247 1.646675 -0.034650
v 0.275595 1.849328 -0.025809
v 0.272200 1.868638 -0.020090
v 0.273729 1.886453 -0.019409
v 0.281457 1.896772 -0.025750
v 0.275770 1.592846 -0.030549
v 0.277101 1.609595 -0.021710
v 0.278277 1.623967 -0.019429
v 0.280003 1.644616 -0.025910
v 0.296591 1.847227 -0.016950
v 0.298088 1.866049 -0.009169
v 0.299541 1.883871 -0.008510
v 0.300504 1.894869 -0.017709
v 0.294940 1.591615 -0.038369
v 0.302020 1.607978 -0.031889
v 0.304353 1.622285 -0.030089
v 0.300891 1.643268 -0.034429
v 0.317731 1.845856 -0.025570
v 0.324164 1.864367 -0.019810
v 0.325555 1.882194 -0.019129
v 0.319673 1.893638 -0.025550
v 0.303026 1.591759 -0.057469
v 0.312501 1.608184 -0.056710
v 0.315339 1.622505 -0.056090
v 0.309701 1.643426 -0.055270
v 0.326643 1.846025 -0.046650
v 0.335148 1.864567 -0.045809
v 0.336501 1.882398 -0.045050
v 0.327741 1.893783 -0.044649
v 0.277051 1.606848 -0.057070
v 0.298388 1.867347 -0.046009
v 0.436077 1.619595 -0.171550
v 0.435697 1.640939 -0.168410
v 0.457905 1.614968 -0.163929
v 0.464069 1.634929 -0.158510
v 0.435401 1.655707 -0.160829
v 0.465092 1.649416 -0.150450
v 0.435040 1.670401 -0.141010
v 0.458817 1.665354 -0.132709
v 0.431013 1.863089 -0.013070
v 0.455110 1.857993 -0.004669
v 0.430604 1.885640 -0.007569
v 0.460296 1.879349 0.002810
v 0.430258 1.902481 0.003811
v 0.459852 1.896220 0.014151
v 0.430101 1.906472 0.019651
v 0.451929 1.901845 0.027271
v 0.414334 1.614213 -0.164149
v 0.407444 1.633943 -0.158809
v 0.405811 1.648392 -0.150769
v 0.411348 1.664535 -0.132969
v 0.407054 1.857147 -0.004910
v 0.401038 1.878323 0.002491
v 0.400771 1.895197 0.013830
v 0.408359 1.901090 0.027050
v 0.405424 1.601974 -0.146069
v 0.395868 1.618052 -0.135309
v 0.393706 1.631745 -0.126169
v 0.401629 1.651205 -0.113249
v 0.397220 1.843646 0.015030
v 0.388909 1.861678 0.027091
v 0.388689 1.878588 0.038370
v 0.399449 1.888851 0.045131
v 0.414576 1.590051 -0.127890
v 0.407746 1.602545 -0.111689
v 0.406118 1.615527 -0.101430
v 0.411587 1.638203 -0.093430
v 0.407284 1.830495 0.035071
v 0.401345 1.845458 0.051810
v 0.401067 1.862414 0.063011
v 0.408581 1.876930 0.063310
v 0.436404 1.585424 -0.120270
v 0.436113 1.596536 -0.101770
v 0.435827 1.609215 -0.091049
v 0.435388 1.633155 -0.085129
v 0.431381 1.825399 0.043491
v 0.431030 1.839148 0.062191
v 0.430680 1.856150 0.073350
v 0.430409 1.872302 0.070930
v 0.458123 1.590808 -0.127669
v 0.464348 1.603534 -0.111390
v 0.465400 1.616552 -0.101109
v 0.459080 1.639021 -0.093189
v 0.455363 1.831339 0.035331
v 0.460603 1.846485 0.052131
v 0.460166 1.863435 0.063331
v 0.452152 1.877684 0.063531
v 0.467037 1.603046 -0.145749
v 0.475924 1.619425 -0.134889
v 0.477528 1.633196 -0.125729
v 0.468775 1.652353 -0.112889
v 0.465172 1.844821 0.015391
v 0.472732 1.863129 0.027531
v 0.472249 1.880043 0.038810
v 0.461062 1.889923 0.045450
v 0.435973 1.614745 -0.137749
v 0.430827 1.862162 0.027150
v -0.282697 0.007485 1.386530
v -0.277690 0.322398 1.351771
v -0.856286 0.003696 1.126570
v -0.836892 0.318699 1.098329
v 0.336094 0.326467 1.337490
v 0.346883 0.011656 1.371891
v 0.882916 0.330093 1.058311
v 0.907752 0.015363 1.085531
v 1.254442 0.332542 0.569510
v 1.288823 0.017883 0.584170
v 1.377087 0.333354 -0.032089
v 1.414645 0.018725 -0.032909
v 1.226591 0.332358 -0.627310
v 1.260269 0.017703 -0.643449
v 0.832738 0.329763 -1.098309
v 0.856286 0.015029 -1.126550
v 0.273536 0.326063 -1.351770
v 0.282695 0.011220 -1.386530
v -0.340267 0.321996 -1.337490
v -0.346879 0.007069 -1.371869
v -0.887070 0.318368 -1.058289
v -0.907750 0.003342 -1.085510
v -1.258596 0.315919 -0.569490
v -1.288825 0.000823 -0.584150
v -1.381260 0.315109 0.032090
v -1.414645 -0.000000 0.032911
v -1.230764 0.316105 0.627331
v -1.260269 0.001022 0.643470
v 0.250651 0.625011 -1.249209
v -0.316592 0.621244 -1.236009
v -0.821917 0.617899 -0.978009
v -1.165272 0.615624 -0.526289
v -1.278612 0.614885 0.029670
v -1.139529 0.615800 0.579750
v -0.775557 0.618217 1.015012
v -0.258776 0.621639 1.249232
v 0.308466 0.625386 1.236030
v 0.813791 0.628731 0.978031
v 1.157146 0.631005 0.526311
v 1.270481 0.631745 -0.029649
v 1.131403 0.630830 -0.579730
v 0.767426 0.628413 -1.014989
v -0.226866 0.890149 1.084051
v 0.265361 0.893407 1.072590
v 0.703864 0.896317 0.848691
v 1.001804 0.898286 0.456712
v 1.100171 0.898929 -0.025729
v 0.979477 0.898139 -0.503070
v 0.663632 0.896040 -0.880769
v 0.215178 0.893076 -1.084029
v -0.277043 0.889818 -1.072570
v 0.208960 1.117094 0.855371
v 0.558644 1.119412 0.676810
v 0.796254 1.120995 0.364231
v 0.874690 1.121513 -0.020509
v 0.778450 1.120876 -0.401190
v 0.526573 1.119212 -0.702389
v 0.168949 1.116837 -0.864490
v -0.223596 1.114242 -0.855350
v -0.573305 1.111927 -0.676809
v 0.385417 1.286867 0.470991
v 0.550765 1.287950 0.253472
v 0.605366 1.288318 -0.014270
v 0.538385 1.287877 -0.279170
v 0.363091 1.286720 -0.488790
v 0.114226 1.285061 -0.601589
v -0.158933 1.283255 -0.595229
v -0.402290 1.281655 -0.470989
v -0.567639 1.280552 -0.253449
v 0.277656 1.390815 0.129990
v 0.305649 1.390985 -0.007309
v 0.271307 1.390773 -0.143170
v 0.181420 1.390178 -0.250669
v 0.053772 1.389321 -0.308530
v -0.086316 1.388398 -0.305269
v -0.211130 1.387583 -0.241550
v -0.295912 1.387003 -0.129970
v -0.323924 1.386834 0.007331
v -0.009356 1.424397 0.000010
v -0.289564 1.387045 0.143191
v -0.622238 1.280204 0.014290
v -0.810894 1.110362 -0.364209
v -0.715550 0.886928 -0.848690
v -1.013491 0.884939 -0.456709
v -1.111858 0.884296 0.025731
v -0.991164 0.885086 0.503091
v -0.675319 0.887185 0.880791
v -0.183591 1.114500 0.864491
v -0.541208 1.112144 0.702411
v -0.889349 1.109846 0.020531
v -0.793090 1.110480 0.401191
v -0.131101 1.283441 0.601611
v -0.379968 1.281803 0.488810
v 0.142058 1.285247 0.595250
v -0.555239 1.280643 0.279190
v -0.072048 1.388498 0.308530
v -0.199675 1.387660 0.250692
v 0.068060 1.389420 0.305271
v 0.192852 1.390257 0.241551
vt 0.012305 0.098020
vt 0.024068 0.098045
vt 0.012267 0.109733
vt 0.024030 0.109758
vt 0.032884 0.098063
vt 0.032846 0.109776
vt 0.045282 0.098089
vt 0.045244 0.109802
vt 0.159712 0.098327
vt 0.159674 0.110040
vt 0.166514 0.098341
vt 0.166476 0.110054
vt 0.172852 0.098354
vt 0.172814 0.110067
vt 0.187734 0.098385
vt 0.187696 0.110098
vt 0.012342 0.086308
vt 0.024106 0.086332
vt 0.032922 0.086350
vt 0.045319 0.086376
vt 0.159749 0.086614
vt 0.166552 0.086628
vt 0.172890 0.086642
vt 0.187772 0.086673
vt 0.012380 0.074595
vt 0.024143 0.074619
vt 0.032959 0.074637
vt 0.045357 0.074663
vt 0.159787 0.074901
vt 0.166589 0.074915
vt 0.172927 0.074929
vt 0.187809 0.074960
vt 0.013417 0.062884
vt 0.024181 0.062906
vt 0.032997 0.062924
vt 0.045395 0.062950
vt 0.159825 0.063188
vt 0.166627 0.063203
vt 0.172965 0.063216
vt 0.187847 0.063247
vt 0.012456 0.051169
vt 0.024219 0.051193
vt 0.033035 0.051211
vt 0.045433 0.051237
vt 0.159863 0.051475
vt 0.166665 0.051490
vt 0.173003 0.051503
vt 0.187885 0.051534
vt 0.012493 0.039456
vt 0.024257 0.039480
vt 0.033073 0.039498
vt 0.045471 0.039524
vt 0.159900 0.039762
vt 0.166703 0.039777
vt 0.173041 0.039790
vt 0.187923 0.039821
vt 0.012531 0.027743
vt 0.024295 0.027767
vt 0.033110 0.027786
vt 0.045508 0.027811
vt 0.159938 0.028049
vt 0.166741 0.028064
vt 0.173078 0.028077
vt 0.187960 0.028108
vt 0.012569 0.016030
vt 0.024332 0.016054
vt 0.033148 0.016073
vt 0.045546 0.016098
vt 0.159976 0.016337
vt 0.166778 0.016351
vt 0.173116 0.016364
vt 0.187998 0.016395
vt 0.966301 0.050618
vt 0.924653 0.089909
vt 0.924653 0.033366
vt 0.883005 0.050618
vt 0.865754 0.092265
vt 0.883005 0.133913
vt 0.924653 0.151164
vt 0.966301 0.133913
vt 0.983552 0.092265
vt 0.982352 0.092009
vt 0.923888 0.092009
vt 0.965228 0.133676
vt 0.965228 0.050343
vt 0.923888 0.033084
vt 0.882549 0.050343
vt 0.865425 0.092009
vt 0.882549 0.133676
vt 0.923888 0.150934
vt 0.012305 0.098020
vt 0.024068 0.098045
vt 0.012267 0.109733
vt 0.024030 0.109758
vt 0.032884 0.098063
vt 0.032846 0.109776
vt 0.045282 0.098089
vt 0.045244 0.109802
vt 0.159712 0.098327
vt 0.159674 0.110040
vt 0.166514 0.098341
vt 0.166476 0.110054
vt 0.172852 0.098354
vt 0.172814 0.110067
vt 0.187734 0.098385
vt 0.187696 0.110098
vt 0.012342 0.086308
vt 0.024106 0.086332
vt 0.032922 0.086350
vt 0.045319 0.086376
vt 0.159749 0.086614
vt 0.166552 0.086628
vt 0.172890 0.086642
vt 0.187772 0.086673
vt 0.012380 0.074595
vt 0.024143 0.074619
vt 0.032959 0.074637
vt 0.045357 0.074663
vt 0.159787 0.074901
vt 0.166589 0.074915
vt 0.172927 0.074929
vt 0.187809 0.074960
vt 0.013417 0.062884
vt 0.024181 0.062906
vt 0.032997 0.062924
vt 0.045395 0.062950
vt 0.159825 0.063188
vt 0.166627 0.063203
vt 0.172965 0.063216
vt 0.187847 0.063247
vt 0.012456 0.051169
vt 0.024219 0.051193
vt 0.033035 0.051211
vt 0.045433 0.051237
vt 0.159863 0.051475
vt 0.166665 0.051490
vt 0.173003 0.051503
vt 0.187885 0.051534
vt 0.012493 0.039456
vt 0.024257 0.039480
vt 0.033073 0.039498
vt 0.045471 0.039524
vt 0.159900 0.039762
vt 0.166703 0.039777
vt 0.173041 0.039790
vt 0.187923 0.039821
vt 0.012531 0.027743
vt 0.024295 0.027767
vt 0.033110 0.027786
vt 0.045508 0.027811
vt 0.159938 0.028049
vt 0.166741 0.028064
vt 0.173078 0.028077
vt 0.187960 0.028108
vt 0.012569 0.016030
vt 0.024332 0.016054
vt 0.033148 0.016073
vt 0.045546 0.016098
vt 0.159976 0.016337
vt 0.166778 0.016351
vt 0.173116 0.016364
vt 0.187998 0.016395
vt 0.966301 0.050618
vt 0.924653 0.089909
vt 0.924653 0.033366
vt 0.883005 0.050618
vt 0.865754 0.092265
vt 0.883005 0.133913
vt 0.924653 0.151164
vt 0.966301 0.133913
vt 0.983552 0.092265
vt 0.982352 0.092009
vt 0.923888 0.092009
vt 0.965228 0.133676
vt 0.965228 0.050343
vt 0.923888 0.033084
vt 0.882549 0.050343
vt 0.865425 0.092009
vt 0.882549 0.133676
vt 0.923888 0.150934
vt 0.012305 0.098020
vt 0.024068 0.098045
vt 0.012267 0.109733
vt 0.024030 0.109758
vt 0.032884 0.098063
vt 0.032846 0.109776
vt 0.045282 0.098089
vt 0.045244 0.109802
vt 0.159712 0.098327
vt 0.159674 0.110040
vt 0.166514 0.098341
vt 0.166476 0.110054
vt 0.172852 0.098354
vt 0.172814 0.110067
vt 0.187734 0.098385
vt 0.187696 0.110098
vt 0.012342 0.086308
vt 0.024106 0.086332
vt 0.032922 0.086350
vt 0.045319 0.086376
vt 0.159749 0.086614
vt 0.166552 0.086628
vt 0.172890 0.086642
vt 0.187772 0.086673
vt 0.012380 0.074595
vt 0.024143 0.074619
vt 0.032959 0.074637
vt 0.045357 0.074663
vt 0.159787 0.074901
vt 0.166589 0.074915
vt 0.172927 0.074929
vt 0.187809 0.074960
vt 0.013417 0.062884
vt 0.024181 0.062906
vt 0.032997 0.062924
vt 0.045395 0.062950
vt 0.159825 0.063188
vt 0.166627 0.063203
vt 0.172965 0.063216
vt 0.187847 0.063247
vt 0.012456 0.051169
vt 0.024219 0.051193
vt 0.033035 0.051211
vt 0.045433 0.051237
vt 0.159863 0.051475
vt 0.166665 0.051490
vt 0.173003 0.051503
vt 0.187885 0.051534
vt 0.012493 0.039456
vt 0.024257 0.039480
vt 0.033073 0.039498
vt 0.045471 0.039524
vt 0.159900 0.039762
vt 0.166703 0.039777
vt 0.173041 0.039790
vt 0.187923 0.039821
vt 0.012531 0.027743
vt 0.024295 0.027767
vt 0.033110 0.027786
vt 0.045508 0.027811
vt 0.159938 0.028049
vt 0.166741 0.028064
vt 0.173078 0.028077
vt 0.187960 0.028108
vt 0.012569 0.016030
vt 0.024332 0.016054
vt 0.033148 0.016073
vt 0.045546 0.016098
vt 0.159976 0.016337
vt 0.166778 0.016351
vt 0.173116 0.016364
vt 0.187998 0.016395
vt 0.966301 0.050618
vt 0.924653 0.089909
vt 0.924653 0.033366
vt 0.883005 0.050618
vt 0.865754 0.092265
vt 0.883005 0.133913
vt 0.924653 0.151164
vt 0.966301 0.133913
vt 0.983552 0.092265
vt 0.982352 0.092009
vt 0.923888 0.092009
vt 0.965228 0.133676
vt 0.965228 0.050343
vt 0.923888 0.033084
vt 0.882549 0.050343
vt 0.865425 0.092009
vt 0.882549 0.133676
vt 0.923888 0.150934
vt 0.012305 0.098020
vt 0.024068 0.098045
vt 0.012267 0.109733
vt 0.024030 0.109758
vt 0.032884 0.098063
vt 0.032846 0.109776
vt 0.045282 0.098089
vt 0.045244 0.109802
vt 0.159712 0.098327
vt 0.159674 0.110040
vt 0.166514 0.098341
vt 0.166476 0.110054
vt 0.172852 0.098354
vt 0.172814 0.110067
vt 0.187734 0.098385
vt 0.187696 0.110098
vt 0.012342 0.086308
vt 0.024106 0.086332
vt 0.032922 0.086350
vt 0.045319 0.086376
vt 0.159749 0.086614
vt 0.166552 0.086628
vt 0.172890 0.086642
vt 0.187772 0.086673
vt 0.012380 0.074595
vt 0.024143 0.074619
vt 0.032959 0.074637
vt 0.045357 0.074663
vt 0.159787 0.074901
vt 0.166589 0.074915
vt 0.172927 0.074929
vt 0.187809 0.074960
vt 0.013417 0.062884
vt 0.024181 0.062906
vt 0.032997 0.062924
vt 0.045395 0.062950
vt 0.159825 0.063188
vt 0.166627 0.063203
vt 0.172965 0.063216
vt 0.187847 0.063247
vt 0.012456 0.051169
vt 0.024219 0.051193
vt 0.033035 0.051211
vt 0.045433 0.051237
vt 0.159863 0.051475
vt 0.166665 0.051490
vt 0.173003 0.051503
vt 0.187885 0.051534
vt 0.012493 0.039456
vt 0.024257 0.039480
vt 0.033073 0.039498
vt 0.045471 0.039524
vt 0.159900 0.039762
vt 0.166703 0.039777
vt 0.173041 0.039790
vt 0.187923 0.039821
vt 0.012531 0.027743
vt 0.024295 0.027767
vt 0.033110 0.027786
vt 0.045508 0.027811
vt 0.159938 0.028049
vt 0.166741 0.028064
vt 0.173078 0.028077
vt 0.187960 0.028108
vt 0.012569 0.016030
vt 0.024332 0.016054
vt 0.033148 0.016073
vt 0.045546 0.016098
vt 0.159976 0.016337
vt 0.166778 0.016351
vt 0.173116 0.016364
vt 0.187998 0.016395
vt 0.966301 0.050618
vt 0.924653 0.089909
vt 0.924653 0.033366
vt 0.883005 0.050618
vt 0.865754 0.092265
vt 0.883005 0.133913
vt 0.924653 0.151164
vt 0.966301 0.133913
vt 0.983552 0.092265
vt 0.982352 0.092009
vt 0.923888 0.092009
vt 0.965228 0.133676
vt 0.965228 0.050343
vt 0.923888 0.033084
vt 0.882549 0.050343
vt 0.865425 0.092009
vt 0.882549 0.133676
vt 0.923888 0.150934
vt 0.012305 0.098020
vt 0.024068 0.098045
vt 0.012267 0.109733
vt 0.024030 0.109758
vt 0.032884 0.098063
vt 0.032846 0.109776
vt 0.045282 0.098089
vt 0.045244 0.109802
vt 0.159712 0.098327
vt 0.159674 0.110040
vt 0.166514 0.098341
vt 0.166476 0.110054
vt 0.172852 0.098354
vt 0.172814 0.110067
vt 0.187734 0.098385
vt 0.187696 0.110098
vt 0.012342 0.086308
vt 0.024106 0.086332
vt 0.032922 0.086350
vt 0.045319 0.086376
vt 0.159749 0.086614
vt 0.166552 0.086628
vt 0.172890 0.086642
vt 0.187772 0.086673
vt 0.012380 0.074595
vt 0.024143 0.074619
vt 0.032959 0.074637
vt 0.045357 0.074663
vt 0.159787 0.074901
vt 0.166589 0.074915
vt 0.172927 0.074929
vt 0.187809 0.074960
vt 0.013417 0.062884
vt 0.024181 0.062906
vt 0.032997 0.062924
vt 0.045395 0.062950
vt 0.159825 0.063188
vt 0.166627 0.063203
vt 0.172965 0.063216
vt 0.187847 0.063247
vt 0.012456 0.051169
vt 0.024219 0.051193
vt 0.033035 0.051211
vt 0.045433 0.051237
vt 0.159863 0.051475
vt 0.166665 0.051490
vt 0.173003 0.051503
vt 0.187885 0.051534
vt 0.012493 0.039456
vt 0.024257 0.039480
vt 0.033073 0.039498
vt 0.045471 0.039524
vt 0.159900 0.039762
vt 0.166703 0.039777
vt 0.173041 0.039790
vt 0.187923 0.039821
vt 0.012531 0.027743
vt 0.024295 0.027767
vt 0.033110 0.027786
vt 0.045508 0.027811
vt 0.159938 0.028049
vt 0.166741 0.028064
vt 0.173078 0.028077
vt 0.187960 0.028108
vt 0.012569 0.016030
vt 0.024332 0.016054
vt 0.033148 0.016073
vt 0.045546 0.016098
vt 0.159976 0.016337
vt 0.166778 0.016351
vt 0.173116 0.016364
vt 0.187998 0.016395
vt 0.966301 0.050618
vt 0.924653 0.089909
vt 0.924653 0.033366
vt 0.883005 0.050618
vt 0.865754 0.092265
vt 0.883005 0.133913
vt 0.924653 0.151164
vt 0.966301 0.133913
vt 0.983552 0.092265
vt 0.982352 0.092009
vt 0.923888 0.092009
vt 0.965228 0.133676
vt 0.965228 0.050343
vt 0.923888 0.033084
vt 0.882549 0.050343
vt 0.865425 0.092009
vt 0.882549 0.133676
vt 0.923888 0.150934
vt 0.012305 0.098020
vt 0.024068 0.098045
vt 0.012267 0.109733
vt 0.024030 0.109758
vt 0.032884 0.098063
vt 0.032846 0.109776
vt 0.045282 0.098089
vt 0.045244 0.109802
vt 0.159712 0.098327
vt 0.159674 0.110040
vt 0.166514 0.098341
vt 0.166476 0.110054
vt 0.172852 0.098354
vt 0.172814 0.110067
vt 0.187734 0.098385
vt 0.187696 0.110098
vt 0.012342 0.086308
vt 0.024106 0.086332
vt 0.032922 0.086350
vt 0.045319 0.086376
vt 0.159749 0.086614
vt 0.166552 0.086628
vt 0.172890 0.086642
vt 0.187772 0.086673
vt 0.012380 0.074595
vt 0.024143 0.074619
vt 0.032959 0.074637
vt 0.045357 0.074663
vt 0.159787 0.074901
vt 0.166589 0.074915
vt 0.172927 0.074929
vt 0.187809 0.074960
vt 0.013417 0.062884
vt 0.024181 0.062906
vt 0.032997 0.062924
vt 0.045395 0.062950
vt 0.159825 0.063188
vt 0.166627 0.063203
vt 0.172965 0.063216
vt 0.187847 0.063247
vt 0.012456 0.051169
vt 0.024219 0.051193
vt 0.033035 0.051211
vt 0.045433 0.051237
vt 0.159863 0.051475
vt 0.166665 0.051490
vt 0.173003 0.051503
vt 0.187885 0.051534
vt 0.012493 0.039456
vt 0.024257 0.039480
vt 0.033073 0.039498
vt 0.045471 0.039524
vt 0.159900 0.039762
vt 0.166703 0.039777
vt 0.173041 0.039790
vt 0.187923 0.039821
vt 0.012531 0.027743
vt 0.024295 0.027767
vt 0.033110 0.027786
vt 0.045508 0.027811
vt 0.159938 0.028049
vt 0.166741 0.028064
vt 0.173078 0.028077
vt 0.187960 0.028108
vt 0.012569 0.016030
vt 0.024332 0.016054
vt 0.033148 0.016073
vt 0.045546 0.016098
vt 0.159976 0.016337
vt 0.166778 0.016351
vt 0.173116 0.016364
vt 0.187998 0.016395
vt 0.966301 0.050618
vt 0.924653 0.089909
vt 0.924653 0.033366
vt 0.883005 0.050618
vt 0.865754 0.092265
vt 0.883005 0.133913
vt 0.924653 0.151164
vt 0.966301 0.133913
vt 0.983552 0.092265
vt 0.982352 0.092009
vt 0.923888 0.092009
vt 0.965228 0.133676
vt 0.965228 0.050343
vt 0.923888 0.033084
vt 0.882549 0.050343
vt 0.865425 0.092009
vt 0.882549 0.133676
vt 0.923888 0.150934
vt 0.012305 0.098020
vt 0.024068 0.098045
vt 0.012267 0.109733
vt 0.024030 0.109758
vt 0.032884 0.098063
vt 0.032846 0.109776
vt 0.045282 0.098089
vt 0.045244 0.109802
vt 0.159712 0.098327
vt 0.159674 0.110040
vt 0.166514 0.098341
vt 0.166476 0.110054
vt 0.172852 0.098354
vt 0.172814 0.110067
vt 0.187734 0.098385
vt 0.187696 0.110098
vt 0.012342 0.086308
vt 0.024106 0.086332
vt 0.032922 0.086350
vt 0.045319 0.086376
vt 0.159749 0.086614
vt 0.166552 0.086628
vt 0.172890 0.086642
vt 0.187772 0.086673
vt 0.012380 0.074595
vt 0.024143 0.074619
vt 0.032959 0.074637
vt 0.045357 0.074663
vt 0.159787 0.074901
vt 0.166589 0.074915
vt 0.172927 0.074929
vt 0.187809 0.074960
vt 0.013417 0.062884
vt 0.024181 0.062906
vt 0.032997 0.062924
vt 0.045395 0.062950
vt 0.159825 0.063188
vt 0.166627 0.063203
vt 0.172965 0.063216
vt 0.187847 0.063247
vt 0.012456 0.051169
vt 0.024219 0.051193
vt 0.033035 0.051211
vt 0.045433 0.051237
vt 0.159863 0.051475
vt 0.166665 0.051490
vt 0.173003 0.051503
vt 0.187885 0.051534
vt 0.012493 0.039456
vt 0.024257 0.039480
vt 0.033073 0.039498
vt 0.045471 0.039524
vt 0.159900 0.039762
vt 0.166703 0.039777
vt 0.173041 0.039790
vt 0.187923 0.039821
vt 0.012531 0.027743
vt 0.024295 0.027767
vt 0.033110 0.027786
vt 0.045508 0.027811
vt 0.159938 0.028049
vt 0.166741 0.028064
vt 0.173078 0.028077
vt 0.187960 0.028108
vt 0.012569 0.016030
vt 0.024332 0.016054
vt 0.033148 0.016073
vt 0.045546 0.016098
vt 0.159976 0.016337
vt 0.166778 0.016351
vt 0.173116 0.016364
vt 0.187998 0.016395
vt 0.966301 0.050618
vt 0.924653 0.089909
vt 0.924653 0.033366
vt 0.883005 0.050618
vt 0.865754 0.092265
vt 0.883005 0.133913
vt 0.924653 0.151164
vt 0.966301 0.133913
vt 0.983552 0.092265
vt 0.982352 0.092009
vt 0.923888 0.092009
vt 0.965228 0.133676
vt 0.965228 0.050343
vt 0.923888 0.033084
vt 0.882549 0.050343
vt 0.865425 0.092009
vt 0.882549 0.133676
vt 0.923888 0.150934
vt 0.012305 0.098020
vt 0.024068 0.098045
vt 0.012267 0.109733
vt 0.024030 0.109758
vt 0.032884 0.098063
vt 0.032846 0.109776
vt 0.045282 0.098089
vt 0.045244 0.109802
vt 0.159712 0.098327
vt 0.159674 0.110040
vt 0.166514 0.098341
vt 0.166476 0.110054
vt 0.172852 0.098354
vt 0.172814 0.110067
vt 0.187734 0.098385
vt 0.187696 0.110098
vt 0.012342 0.086308
vt 0.024106 0.086332
vt 0.032922 0.086350
vt 0.045319 0.086376
vt 0.159749 0.086614
vt 0.166552 0.086628
vt 0.172890 0.086642
vt 0.187772 0.086673
vt 0.012380 0.074595
vt 0.024143 0.074619
vt 0.032959 0.074637
vt 0.045357 0.074663
vt 0.159787 0.074901
vt 0.166589 0.074915
vt 0.172927 0.074929
vt 0.187809 0.074960
vt 0.013417 0.062884
vt 0.024181 0.062906
vt 0.032997 0.062924
vt 0.045395 0.062950
vt 0.159825 0.063188
vt 0.166627 0.063203
vt 0.172965 0.063216
vt 0.187847 0.063247
vt 0.012456 0.051169
vt 0.024219 0.051193
vt 0.033035 0.051211
vt 0.045433 0.051237
vt 0.159863 0.051475
vt 0.166665 0.051490
vt 0.173003 0.051503
vt 0.187885 0.051534
vt 0.012493 0.039456
vt 0.024257 0.039480
vt 0.033073 0.039498
vt 0.045471 0.039524
vt 0.159900 0.039762
vt 0.166703 0.039777
vt 0.173041 0.039790
vt 0.187923 0.039821
vt 0.012531 0.027743
vt 0.024295 0.027767
vt 0.033110 0.027786
vt 0.045508 0.027811
vt 0.159938 0.028049
vt 0.166741 0.028064
vt 0.173078 0.028077
vt 0.187960 0.028108
vt 0.012569 0.016030
vt 0.024332 0.016054
vt 0.033148 0.016073
vt 0.045546 0.016098
vt 0.159976 0.016337
vt 0.166778 0.016351
vt 0.173116 0.016364
vt 0.187998 0.016395
vt 0.966301 0.050618
vt 0.924653 0.089909
vt 0.924653 0.033366
vt 0.883005 0.050618
vt 0.865754 0.092265
vt 0.883005 0.133913
vt 0.924653 0.151164
vt 0.966301 0.133913
vt 0.983552 0.092265
vt 0.982352 0.092009
vt 0.923888 0.092009
vt 0.965228 0.133676
vt 0.965228 0.050343
vt 0.923888 0.033084
vt 0.882549 0.050343
vt 0.865425 0.092009
vt 0.882549 0.133676
vt 0.923888 0.150934
vt 0.012305 0.098020
vt 0.024068 0.098045
vt 0.012267 0.109733
vt 0.024030 0.109758
vt 0.032884 0.098063
vt 0.032846 0.109776
vt 0.045282 0.098089
vt 0.045244 0.109802
vt 0.159712 0.098327
vt 0.159674 0.110040
vt 0.166514 0.098341
vt 0.166476 0.110054
vt 0.172852 0.098354
vt 0.172814 0.110067
vt 0.187734 0.098385
vt 0.187696 0.110098
vt 0.012342 0.086308
vt 0.024106 0.086332
vt 0.032922 0.086350
vt 0.045319 0.086376
vt 0.159749 0.086614
vt 0.166552 0.086628
vt 0.172890 0.086642
vt 0.187772 0.086673
vt 0.012380 0.074595
vt 0.024143 0.074619
vt 0.032959 0.074637
vt 0.045357 0.074663
vt 0.159787 0.074901
vt 0.166589 0.074915
vt 0.172927 0.074929
vt 0.187809 0.074960
vt 0.013417 0.062884
vt 0.024181 0.062906
vt 0.032997 0.062924
vt 0.045395 0.062950
vt 0.159825 0.063188
vt 0.166627 0.063203
vt 0.172965 0.063216
vt 0.187847 0.063247
vt 0.012456 0.051169
vt 0.024219 0.051193
vt 0.033035 0.051211
vt 0.045433 0.051237
vt 0.159863 0.051475
vt 0.166665 0.051490
vt 0.173003 0.051503
vt 0.187885 0.051534
vt 0.012493 0.039456
vt 0.024257 0.039480
vt 0.033073 0.039498
vt 0.045471 0.039524
vt 0.159900 0.039762
vt 0.166703 0.039777
vt 0.173041 0.039790
vt 0.187923 0.039821
vt 0.012531 0.027743
vt 0.024295 0.027767
vt 0.033110 0.027786
vt 0.045508 0.027811
vt 0.159938 0.028049
vt 0.166741 0.028064
vt 0.173078 0.028077
vt 0.187960 0.028108
vt 0.012569 0.016030
vt 0.024332 0.016054
vt 0.033148 0.016073
vt 0.045546 0.016098
vt 0.159976 0.016337
vt 0.166778 0.016351
vt 0.173116 0.016364
vt 0.187998 0.016395
vt 0.966301 0.050618
vt 0.924653 0.089909
vt 0.924653 0.033366
vt 0.883005 0.050618
vt 0.865754 0.092265
vt 0.883005 0.133913
vt 0.924653 0.151164
vt 0.966301 0.133913
vt 0.983552 0.092265
vt 0.982352 0.092009
vt 0.923888 0.092009
vt 0.965228 0.133676
vt 0.965228 0.050343
vt 0.923888 0.033084
vt 0.882549 0.050343
vt 0.865425 0.092009
vt 0.882549 0.133676
vt 0.923888 0.150934
vt 0.871462 0.767686
vt 0.810815 0.732557
vt 0.712737 0.899259
vt 0.680808 0.840811
vt 0.886854 0.581298
vt 0.941925 0.591829
vt 0.878494 0.423269
vt 0.944748 0.413016
vt 0.814641 0.269018
vt 0.866310 0.240815
vt 0.674052 0.164034
vt 0.702433 0.115057
vt 0.516269 0.134008
vt 0.517487 0.082259
vt 0.357822 0.161319
vt 0.340239 0.116275
vt 0.216015 0.262262
vt 0.167831 0.218880
vt 0.121805 0.417176
vt 0.066291 0.402990
vt 0.118925 0.589828
vt 0.058122 0.599140
vt 0.208811 0.743416
vt 0.156031 0.785023
vt 0.353611 0.840425
vt 0.319245 0.906185
vt 0.516268 0.878812
vt 0.512890 0.938983
vt 0.263667 0.302059
vt 0.180564 0.431608
vt 0.170815 0.579052
vt 0.263667 0.704945
vt 0.376085 0.794596
vt 0.516268 0.826592
vt 0.656452 0.794596
vt 0.768870 0.704945
vt 0.831257 0.575396
vt 0.831258 0.431608
vt 0.772526 0.302059
vt 0.656452 0.212408
vt 0.516269 0.180413
vt 0.376085 0.212408
vt 0.735468 0.678308
vt 0.789606 0.565889
vt 0.789606 0.441115
vt 0.735468 0.328696
vt 0.637915 0.250901
vt 0.516269 0.223135
vt 0.394622 0.250900
vt 0.297069 0.328696
vt 0.242931 0.441115
vt 0.734248 0.553254
vt 0.734248 0.453750
vt 0.691074 0.364099
vt 0.613278 0.302059
vt 0.516269 0.279917
vt 0.419259 0.302059
vt 0.341463 0.364099
vt 0.298289 0.453750
vt 0.298289 0.553254
vt 0.667959 0.468880
vt 0.637915 0.406492
vt 0.583777 0.363319
vt 0.516269 0.347910
vt 0.448760 0.363319
vt 0.394622 0.406492
vt 0.364578 0.468879
vt 0.364578 0.538124
vt 0.394622 0.600512
vt 0.578656 0.453750
vt 0.550891 0.431608
vt 0.516269 0.423706
vt 0.481646 0.431608
vt 0.453881 0.453750
vt 0.438473 0.485746
vt 0.438473 0.521258
vt 0.453881 0.553254
vt 0.481646 0.575396
vt 0.516268 0.503502
vt 0.516268 0.583299
vt 0.448760 0.643685
vt 0.341463 0.642905
vt 0.242931 0.565889
vt 0.297069 0.678308
vt 0.394622 0.756104
vt 0.516268 0.783869
vt 0.637915 0.756104
vt 0.691074 0.642905
vt 0.613278 0.704945
vt 0.419259 0.704945
vt 0.516268 0.727087
vt 0.637915 0.600512
vt 0.583777 0.643685
vt 0.667959 0.538124
vt 0.516268 0.659094
vt 0.578656 0.553254
vt 0.550891 0.575396
vt 0.594064 0.521258
vt 0.594064 0.485746
vn -0.0720 -0.8991 -0.4318
vn -0.0034 -0.3919 -0.9200
vn 0.2567 -0.8967 -0.3606
vn 0.6487 -0.3882 -0.6546
vn 0.0108 0.1664 -0.9860
vn 0.7048 0.1709 -0.6886
vn -0.0042 0.2323 -0.9726
vn 0.6846 0.2370 -0.6893
vn 0.0177 -0.3156 -0.9487
vn 0.6852 -0.3073 -0.6604
vn -0.0037 -0.2919 -0.9564
vn 0.6742 -0.2875 -0.6803
vn 0.0307 0.4714 -0.8814
vn 0.6439 0.4754 -0.5995
vn 0.0527 0.9876 -0.1479
vn 0.1396 0.9882 -0.0626
vn -0.3545 -0.9009 -0.2503
vn -0.6522 -0.3962 -0.6462
vn -0.6897 0.1622 -0.7057
vn -0.6897 0.2368 -0.6843
vn -0.6593 -0.3140 -0.6832
vn -0.6786 -0.2966 -0.6720
vn -0.6024 0.4674 -0.6471
vn -0.0687 0.9869 -0.1462
vn -0.4256 -0.9016 0.0777
vn -0.9172 -0.3984 0.0060
vn -0.9870 0.1603 -0.0122
vn -0.9686 0.2484 0.0023
vn -0.9528 -0.3031 -0.0160
vn -0.9544 -0.2986 0.0059
vn -0.8847 0.4650 -0.0335
vn -0.1544 0.9862 -0.0592
vn -0.2439 -0.9004 0.3603
vn -0.6434 -0.3967 0.6548
vn -0.7067 0.1623 0.6886
vn -0.6818 0.2600 0.6838
vn -0.6870 -0.2901 0.6662
vn -0.6705 -0.2960 0.6803
vn -0.6502 0.4668 0.5994
vn -0.1531 0.9862 0.0625
vn 0.0837 -0.8979 0.4321
vn 0.0087 -0.3925 0.9197
vn -0.0133 0.1671 0.9859
vn 0.0007 0.2647 0.9643
vn -0.0139 -0.2821 0.9593
vn 0.0076 -0.2915 0.9566
vn -0.0369 0.4712 0.8812
vn -0.0659 0.9868 0.1478
vn 0.3666 -0.8960 0.2507
vn 0.6572 -0.3876 0.6464
vn 0.6875 0.1714 0.7057
vn 0.6837 0.2603 0.6818
vn 0.6677 -0.2838 0.6882
vn 0.6824 -0.2872 0.6722
vn 0.5962 0.4754 0.6469
vn 0.0561 0.9876 0.1465
vn 0.4381 -0.8955 -0.0780
vn 0.9225 -0.3860 -0.0060
vn 0.9847 0.1736 0.0124
vn 0.9686 0.2486 -0.0025
vn 0.9556 -0.2944 0.0158
vn 0.9583 -0.2855 -0.0059
vn 0.8781 0.4772 0.0336
vn 0.1411 0.9882 0.0593
vn 0.0067 -1.0000 0.0001
vn -0.0068 1.0000 -0.0000
vn -0.0717 -0.8990 -0.4321
vn -0.0036 -0.3920 -0.9200
vn 0.2564 -0.8968 -0.3606
vn 0.6487 -0.3878 -0.6548
vn 0.0109 0.1670 -0.9859
vn 0.7047 0.1718 -0.6884
vn -0.0043 0.2500 -0.9682
vn 0.6813 0.2545 -0.6864
vn 0.0145 -0.2544 -0.9670
vn 0.6948 -0.2496 -0.6745
vn -0.0009 -0.2488 -0.9686
vn 0.6845 -0.2445 -0.6868
vn 0.0305 0.4715 -0.8813
vn 0.6439 0.4758 -0.5992
vn 0.0528 0.9877 -0.1471
vn 0.1400 0.9882 -0.0626
vn -0.3549 -0.9008 -0.2503
vn -0.6524 -0.3961 -0.6461
vn -0.6897 0.1627 -0.7056
vn -0.6881 0.2454 -0.6829
vn -0.6730 -0.2591 -0.6928
vn -0.6851 -0.2536 -0.6828
vn -0.6026 0.4673 -0.6470
vn -0.0689 0.9869 -0.1461
vn -0.4264 -0.9012 0.0776
vn -0.9175 -0.3976 0.0061
vn -0.9870 0.1602 -0.0118
vn -0.9699 0.2435 0.0025
vn -0.9652 -0.2612 -0.0130
vn -0.9669 -0.2551 0.0027
vn -0.8843 0.4657 -0.0337
vn -0.1537 0.9863 -0.0592
vn -0.2440 -0.9003 0.3604
vn -0.6438 -0.3960 0.6547
vn -0.7068 0.1628 0.6884
vn -0.6844 0.2454 0.6866
vn -0.6911 -0.2595 0.6746
vn -0.6812 -0.2533 0.6869
vn -0.6500 0.4674 0.5992
vn -0.1529 0.9863 0.0623
vn 0.0841 -0.8979 0.4320
vn 0.0088 -0.3924 0.9198
vn -0.0134 0.1673 0.9858
vn 0.0008 0.2500 0.9682
vn -0.0111 -0.2549 0.9669
vn 0.0043 -0.2489 0.9685
vn -0.0370 0.4716 0.8810
vn -0.0658 0.9869 0.1473
vn 0.3663 -0.8961 0.2506
vn 0.6572 -0.3879 0.6462
vn 0.6873 0.1717 0.7058
vn 0.6847 0.2548 0.6828
vn 0.6763 -0.2501 0.6929
vn 0.6883 -0.2444 0.6830
vn 0.5962 0.4753 0.6470
vn 0.0558 0.9877 0.1462
vn 0.4380 -0.8956 -0.0778
vn 0.9226 -0.3858 -0.0059
vn 0.9848 0.1735 0.0121
vn 0.9665 0.2565 -0.0025
vn 0.9686 -0.2482 0.0127
vn 0.9702 -0.2422 -0.0028
vn 0.8783 0.4769 0.0335
vn 0.1411 0.9882 0.0591
vn 0.0068 -1.0000 0.0001
vn -0.0066 1.0000 0.0000
vn 0.8865 -0.0720 -0.4571
vn 0.3400 -0.0012 -0.9404
vn 0.8795 0.2803 -0.3845
vn 0.3275 0.6666 -0.6696
vn -0.1374 0.0023 -0.9905
vn -0.1499 0.7006 -0.6976
vn -0.2152 -0.0097 -0.9765
vn -0.2258 0.6824 -0.6952
vn 0.2018 0.0093 -0.9794
vn 0.1935 0.6999 -0.6876
vn 0.2065 -0.0007 -0.9784
vn 0.1942 0.6925 -0.6948
vn -0.4089 0.0133 -0.9125
vn -0.4211 0.6512 -0.6313
vn -0.9801 0.0538 -0.1911
vn -0.9826 0.1648 -0.0851
vn 0.8907 -0.3734 -0.2593
vn 0.3501 -0.6657 -0.6590
vn -0.1275 -0.6988 -0.7039
vn -0.2026 -0.6979 -0.6870
vn 0.2129 -0.6860 -0.6958
vn 0.2163 -0.6924 -0.6883
vn -0.3992 -0.6360 -0.6604
vn -0.9773 -0.0984 -0.1879
vn 0.8901 -0.4458 0.0945
vn 0.3508 -0.9364 0.0099
vn -0.1260 -0.9920 -0.0056
vn -0.1949 -0.9808 0.0043
vn 0.2196 -0.9756 -0.0038
vn 0.2170 -0.9761 0.0061
vn -0.3973 -0.9174 -0.0237
vn -0.9758 -0.2042 -0.0787
vn 0.8849 -0.2461 0.3955
vn 0.3424 -0.6543 0.6742
vn -0.1344 -0.7058 0.6955
vn -0.1967 -0.6919 0.6947
vn 0.2185 -0.6909 0.6891
vn 0.2091 -0.6852 0.6977
vn -0.4055 -0.6669 0.6252
vn -0.9764 -0.2031 0.0729
vn 0.8782 0.1072 0.4662
vn 0.3299 0.0145 0.9439
vn -0.1478 -0.0079 0.9890
vn -0.2070 0.0014 0.9783
vn 0.2099 -0.0007 0.9777
vn 0.1963 0.0093 0.9805
vn -0.4175 -0.0300 0.9082
vn -0.9791 -0.0944 0.1801
vn 0.8736 0.4069 0.2671
vn 0.3208 0.6779 0.6615
vn -0.1575 0.6938 0.7027
vn -0.2200 0.6919 0.6877
vn 0.1991 0.6908 0.6951
vn 0.1865 0.6997 0.6896
vn -0.4275 0.6204 0.6575
vn -0.9819 0.0596 0.1797
vn 0.8742 0.4781 -0.0848
vn 0.3196 0.9475 -0.0064
vn -0.1582 0.9874 0.0038
vn -0.2279 0.9737 -0.0065
vn 0.1922 0.9813 0.0063
vn 0.1859 0.9826 -0.0040
vn -0.4289 0.9031 0.0194
vn -0.9834 0.1675 0.0691
vn 0.9998 0.0197 0.0053
vn -0.9998 -0.0198 -0.0053
vn 0.8865 -0.0720 -0.4570
vn 0.3398 -0.0012 -0.9405
vn 0.8794 0.2806 -0.3845
vn 0.3272 0.6666 -0.6697
vn -0.1376 0.0022 -0.9905
vn -0.1501 0.7006 -0.6976
vn -0.2059 -0.0094 -0.9785
vn -0.2144 0.6842 -0.6971
vn 0.2129 0.0096 -0.9770
vn 0.2038 0.6984 -0.6860
vn 0.1941 0.6925 -0.6948
vn -0.4087 0.0133 -0.9126
vn -0.4210 0.6512 -0.6314
vn -0.9801 0.0542 -0.1912
vn -0.9826 0.1649 -0.0852
vn 0.8907 -0.3734 -0.2594
vn -0.1275 -0.6989 -0.7038
vn -0.2007 -0.6981 -0.6873
vn 0.2178 -0.6851 -0.6952
vn -0.3988 -0.6362 -0.6605
vn -0.9772 -0.0984 -0.1879
vn 0.8902 -0.4457 0.0946
vn 0.3508 -0.9364 0.0098
vn -0.2017 -0.9794 0.0044
vn 0.2155 -0.9765 -0.0038
vn 0.2170 -0.9762 0.0062
vn -0.3971 -0.9174 -0.0238
vn -0.9757 -0.2046 -0.0790
vn 0.8850 -0.2456 0.3956
vn 0.3425 -0.6543 0.6743
vn -0.2084 -0.6904 0.6928
vn 0.2076 -0.6927 0.6907
vn 0.2090 -0.6853 0.6976
vn -0.4047 -0.6670 0.6255
vn -0.9764 -0.2031 0.0730
vn 0.8782 0.1071 0.4662
vn 0.3302 0.0146 0.9438
vn -0.2168 0.0012 0.9762
vn 0.1985 -0.0009 0.9801
vn 0.1962 0.0091 0.9805
vn -0.4174 -0.0302 0.9082
vn -0.9790 -0.0942 0.1806
vn 0.8737 0.4066 0.2673
vn 0.3209 0.6778 0.6615
vn -0.1573 0.6938 0.7028
vn -0.2222 0.6914 0.6874
vn 0.1936 0.6914 0.6960
vn 0.1865 0.6996 0.6897
vn -0.4273 0.6206 0.6575
vn -0.9819 0.0595 0.1796
vn 0.8741 0.4782 -0.0849
vn 0.3197 0.9475 -0.0065
vn -0.1581 0.9874 0.0037
vn -0.2211 0.9752 -0.0067
vn 0.1959 0.9806 0.0063
vn 0.1858 0.9826 -0.0039
vn -0.4287 0.9032 0.0196
vn 0.9998 0.0200 0.0054
vn -0.9998 -0.0197 -0.0052
vn 0.8884 -0.2946 -0.3522
vn 0.6146 0.1634 -0.7717
vn 0.9866 -0.0876 -0.1373
vn 0.8040 0.5441 -0.2398
vn 0.1576 0.4593 -0.8742
vn 0.3750 0.8823 -0.2845
vn 0.0741 0.4842 -0.8718
vn 0.3015 0.9072 -0.2933
vn 0.5151 0.2617 -0.8162
vn 0.7164 0.6543 -0.2420
vn 0.5008 0.2536 -0.8276
vn 0.7065 0.6578 -0.2611
vn -0.1333 0.5784 -0.8048
vn 0.0567 0.9645 -0.2581
vn -0.8097 0.5599 -0.1757
vn -0.7876 0.6148 -0.0419
vn 0.7265 -0.5892 -0.3535
vn 0.2574 -0.4376 -0.8615
vn -0.2374 -0.1879 -0.9531
vn -0.3250 -0.1532 -0.9332
vn 0.1265 -0.3680 -0.9212
vn 0.1167 -0.3782 -0.9183
vn -0.4777 -0.0159 -0.8784
vn -0.8684 0.4468 -0.2150
vn 0.5917 -0.7997 -0.1014
vn -0.0640 -0.9053 -0.4199
vn -0.5704 -0.6674 -0.4789
vn -0.6466 -0.6128 -0.4543
vn -0.2225 -0.8593 -0.4605
vn -0.2236 -0.8636 -0.4518
vn -0.7647 -0.4543 -0.4570
vn -0.9194 0.3572 -0.1644
vn 0.5835 -0.7690 0.2613
vn -0.1446 -0.9447 0.2943
vn -0.6551 -0.7123 0.2519
vn -0.7175 -0.6464 0.2595
vn -0.3108 -0.9068 0.2847
vn -0.3096 -0.9047 0.2926
vn -0.8417 -0.5055 0.1896
vn -0.9456 0.3174 -0.0709
vn 0.7113 -0.5124 0.4811
vn 0.0701 -0.5305 0.8448
vn -0.4518 -0.3058 0.8381
vn -0.5090 -0.2472 0.8245
vn -0.0878 -0.4892 0.8678
vn -0.0872 -0.4794 0.8733
vn -0.6780 -0.1549 0.7185
vn -0.9411 0.3361 0.0379
vn 0.8789 -0.2158 0.4254
vn 0.4426 0.0820 0.8929
vn -0.0601 0.3396 0.9387
vn -0.1222 0.3810 0.9165
vn 0.3087 0.1453 0.9400
vn 0.3103 0.1616 0.9368
vn -0.3462 0.4267 0.8355
vn -0.8966 0.4274 0.1160
vn 0.9843 -0.0546 0.1677
vn 0.7385 0.5164 0.4336
vn 0.2871 0.8362 0.4673
vn 0.2190 0.8654 0.4508
vn 0.6355 0.6113 0.4716
vn 0.6334 0.6249 0.4564
vn -0.0327 0.9016 0.4313
vn -0.8280 0.5533 0.0908
vn 0.8950 -0.4432 0.0504
vn -0.8876 0.4574 -0.0536
vn 0.5802 0.7336 -0.3537
vn 0.0569 0.6291 -0.7752
vn 0.4181 0.8975 -0.1404
vn -0.2386 0.9396 -0.2454
vn -0.3754 0.2996 -0.8771
vn -0.7009 0.6515 -0.2903
vn -0.4265 0.2306 -0.8746
vn -0.7495 0.5909 -0.2987
vn -0.0683 0.5695 -0.8192
vn -0.3710 0.8949 -0.2478
vn -0.0652 0.5533 -0.8304
vn -0.3771 0.8869 -0.2669
vn -0.5863 0.0677 -0.8073
vn -0.8870 0.3795 -0.2631
vn -0.8011 -0.5721 -0.1759
vn -0.8454 -0.5324 -0.0423
vn 0.8023 0.4813 -0.3531
vn 0.5020 0.0891 -0.8603
vn 0.0990 -0.2918 -0.9514
vn 0.0373 -0.3621 -0.9314
vn 0.3922 -0.0109 -0.9198
vn 0.3986 -0.0234 -0.9168
vn -0.1446 -0.4591 -0.8765
vn -0.7147 -0.6658 -0.2144
vn 0.9536 0.2843 -0.0989
vn 0.8308 -0.3705 -0.4154
vn 0.4359 -0.7653 -0.4736
vn 0.3585 -0.8184 -0.4491
vn 0.7343 -0.5034 -0.4554
vn 0.7378 -0.5061 -0.4468
vn 0.1689 -0.8759 -0.4520
vn -0.6478 -0.7442 -0.1630
vn 0.9205 0.2891 0.2631
vn 0.8379 -0.4561 0.2998
vn 0.4459 -0.8571 0.2578
vn 0.3639 -0.8929 0.2654
vn 0.7466 -0.5986 0.2903
vn 0.7451 -0.5967 0.2981
vn 0.1881 -0.9627 0.1946
vn -0.6200 -0.7815 -0.0693
vn 0.7219 0.4973 0.4812
vn 0.5195 -0.1105 0.8473
vn 0.1307 -0.5251 0.8409
vn 0.0568 -0.5582 0.8277
vn 0.4272 -0.2445 0.8705
vn 0.4185 -0.2402 0.8759
vn -0.0876 -0.6869 0.7215
vn -0.6364 -0.7704 0.0391
vn 0.5000 0.7552 0.4239
vn 0.0701 0.4484 0.8911
vn -0.3430 0.0633 0.9372
vn -0.4029 0.0190 0.9150
vn -0.0351 0.3444 0.9382
vn -0.0501 0.3512 0.9349
vn -0.5220 -0.1766 0.8344
vn -0.7070 -0.6975 0.1164
vn 0.3853 0.9079 0.1649
vn -0.2363 0.8720 0.4287
vn -0.6901 0.5568 0.4623
vn -0.7410 0.5021 0.4459
vn -0.3605 0.8079 0.4662
vn -0.3743 0.8103 0.4510
vn -0.8609 0.2768 0.4268
vn -0.8020 -0.5904 0.0906
vn 0.7208 0.6914 0.0497
vn -0.7316 -0.6797 -0.0530
vn 0.8859 -0.0722 -0.4581
vn 0.3402 -0.0013 -0.9403
vn 0.8794 0.2802 -0.3849
vn 0.3280 0.6664 -0.6695
vn -0.1369 0.0022 -0.9906
vn -0.1498 0.7006 -0.6976
vn -0.2055 -0.0096 -0.9786
vn -0.2143 0.6841 -0.6972
vn 0.2135 0.0093 -0.9769
vn 0.2037 0.6985 -0.6860
vn 0.2066 -0.0008 -0.9784
vn 0.1942 0.6926 -0.6947
vn -0.4206 0.6513 -0.6316
vn -0.9800 0.0539 -0.1918
vn -0.9826 0.1648 -0.0854
vn 0.8905 -0.3736 -0.2597
vn 0.3497 -0.6656 -0.6593
vn -0.1268 -0.6990 -0.7038
vn -0.2002 -0.6982 -0.6874
vn 0.2187 -0.6848 -0.6952
vn 0.2162 -0.6924 -0.6884
vn -0.3994 -0.6357 -0.6606
vn -0.9771 -0.0983 -0.1885
vn 0.8899 -0.4462 0.0948
vn 0.3507 -0.9364 0.0099
vn -0.1261 -0.9920 -0.0057
vn -0.2017 -0.9794 0.0045
vn 0.2161 -0.9764 -0.0038
vn 0.2174 -0.9761 0.0062
vn -0.3980 -0.9171 -0.0240
vn -0.9758 -0.2038 -0.0791
vn 0.8846 -0.2464 0.3959
vn 0.3426 -0.6544 0.6740
vn -0.1343 -0.7060 0.6954
vn -0.2091 -0.6904 0.6926
vn 0.2072 -0.6928 0.6907
vn -0.4054 -0.6667 0.6255
vn -0.9766 -0.2023 0.0729
vn 0.8778 0.1072 0.4668
vn 0.3302 0.0145 0.9438
vn -0.1471 -0.0078 0.9891
vn -0.2180 0.0013 0.9760
vn 0.1975 -0.0010 0.9803
vn 0.1960 0.0091 0.9806
vn -0.4173 -0.0301 0.9083
vn -0.9791 -0.0942 0.1805
vn 0.8736 0.4066 0.2673
vn 0.3204 0.6778 0.6617
vn -0.1574 0.6936 0.7029
vn -0.2232 0.6913 0.6872
vn 0.1927 0.6918 0.6960
vn 0.1866 0.6998 0.6896
vn -0.4272 0.6206 0.6575
vn -0.9819 0.0594 0.1798
vn 0.8743 0.4778 -0.0849
vn 0.3200 0.9474 -0.0065
vn -0.1583 0.9874 0.0041
vn -0.2217 0.9751 -0.0064
vn 0.1952 0.9808 0.0063
vn 0.1859 0.9826 -0.0041
vn -0.4287 0.9032 0.0193
vn -0.9834 0.1675 0.0692
vn 0.9998 0.0200 0.0052
vn -0.9998 -0.0195 -0.0052
vn -0.1094 -0.6642 -0.7395
vn -0.0194 -0.2334 -0.9722
vn 0.3199 -0.6939 -0.6452
vn 0.6573 -0.3007 -0.6910
vn 0.0213 0.1574 -0.9873
vn 0.7180 0.0877 -0.6905
vn 0.0190 0.2124 -0.9770
vn 0.7118 0.1432 -0.6876
vn -0.0020 -0.1333 -0.9911
vn 0.6880 -0.2024 -0.6969
vn -0.0089 -0.1288 -0.9916
vn 0.6840 -0.1977 -0.7022
vn 0.0552 0.4049 -0.9127
vn 0.7026 0.3399 -0.6252
vn 0.1626 0.6882 -0.7070
vn 0.6493 0.6359 -0.4171
vn -0.5952 -0.6350 -0.4925
vn -0.6980 -0.1897 -0.6905
vn -0.2239 -0.6457 -0.7301
vn -0.6821 0.2028 -0.7025
vn -0.6768 0.2572 -0.6898
vn -0.6995 -0.0882 -0.7092
vn -0.7046 -0.0840 -0.7046
vn -0.6068 0.4482 -0.6564
vn -0.3876 0.7274 -0.5663
vn -0.7654 -0.6431 0.0253
vn -0.9806 -0.1955 -0.0112
vn -0.6696 -0.6230 -0.4044
vn -0.9803 0.1976 -0.0036
vn -0.9679 0.2514 0.0056
vn -0.9955 -0.0936 -0.0160
vn -0.9959 -0.0899 -0.0088
vn -0.8958 0.4444 -0.0063
vn -0.6785 0.7305 -0.0773
vn -0.5208 -0.6837 0.5112
vn -0.7019 -0.2476 0.6679
vn -0.7560 -0.6392 0.1413
vn -0.6988 0.1442 0.7006
vn -0.6838 0.1984 0.7021
vn -0.7166 -0.1462 0.6820
vn -0.7116 -0.1431 0.6878
vn -0.6423 0.3953 0.6566
vn -0.5401 0.6957 0.4737
vn -0.0047 -0.7331 0.6801
vn -0.0253 -0.3150 0.9488
vn -0.4325 -0.6846 0.5868
vn -0.0024 0.0744 0.9972
vn 0.0089 0.1295 0.9915
vn -0.0266 -0.2149 0.9763
vn -0.0190 -0.2121 0.9771
vn 0.0050 0.3300 0.9440
vn -0.0532 0.6434 0.7637
vn 0.4808 -0.7622 0.4335
vn 0.6531 -0.3584 0.6671
vn 0.1110 -0.7326 0.6715
vn 0.7012 0.0288 0.7124
vn 0.7047 0.0846 0.7045
vn 0.6708 -0.2600 0.6946
vn 0.6768 -0.2566 0.6900
vn 0.6672 0.2868 0.6874
vn 0.4968 0.6044 0.6228
vn 0.6513 -0.7541 -0.0844
vn 0.9358 -0.3523 -0.0119
vn 0.5569 -0.7551 0.3459
vn 0.9993 0.0344 0.0131
vn 0.9959 0.0902 0.0086
vn 0.9670 -0.2548 0.0014
vn 0.9681 -0.2505 -0.0057
vn 0.9561 0.2907 0.0372
vn 0.7877 0.6014 0.1336
vn 0.4064 -0.7137 -0.5705
vn 0.6435 -0.7391 -0.1994
vn 0.0301 -0.9970 0.0712
vn -0.0815 -0.9958 -0.0424
vn -0.3217 -0.8830 -0.3418
vn 0.0782 -0.9961 -0.0407
vn -0.0814 -0.9958 -0.0424
vn -0.4636 -0.8827 -0.0773
vn 0.0326 -0.9877 -0.1529
vn -0.3777 -0.9019 0.2097
vn -0.0788 -0.9765 -0.2008
vn -0.1146 -0.9294 0.3507
vn -0.1912 -0.9692 -0.1551
vn 0.1718 -0.9492 0.2638
vn -0.2387 -0.9701 -0.0432
vn 0.3140 -0.9494 -0.0005
vn -0.1935 -0.9786 0.0696
vn 0.2280 -0.9303 -0.2872
vn -0.0821 -0.9897 0.1173
vn -0.0352 -0.9028 -0.4287
vn 0.0491 0.6523 0.7563
vn 0.0171 0.9814 0.1910
vn -0.4618 0.7033 0.5405
vn 0.5642 0.6192 0.5461
vn 0.1408 0.9713 0.1917
vn 0.7814 0.6232 0.0329
vn 0.2288 0.9678 0.1046
vn 0.5643 0.6192 0.5461
vn 0.5734 0.6621 -0.4825
vn 0.2299 0.9730 -0.0193
vn 0.7814 0.6232 0.0328
vn 0.0620 0.7132 -0.6982
vn 0.1433 0.9838 -0.1073
vn 0.5734 0.6621 -0.4824
vn -0.4529 0.7463 -0.4878
vn 0.0198 0.9940 -0.1080
vn -0.6697 0.7422 0.0252
vn -0.0685 0.9974 -0.0208
vn -0.0695 0.9923 0.1030
vn -0.0502 -0.1909 -0.9803
vn -0.0056 0.3040 -0.9526
vn 0.3806 -0.2265 -0.8965
vn 0.6772 0.1620 -0.7178
vn -0.0038 0.6476 -0.7620
vn 0.6988 0.4974 -0.5141
vn -0.0115 0.6889 -0.7247
vn 0.6873 0.5426 -0.4830
vn 0.0011 0.4003 -0.9164
vn 0.6982 0.2513 -0.6704
vn -0.0057 0.4040 -0.9147
vn 0.6934 0.2575 -0.6730
vn 0.0059 0.8225 -0.5688
vn 0.6591 0.6763 -0.3289
vn 0.0862 0.9663 -0.2424
vn 0.5789 0.8154 0.0000
vn -0.5338 -0.3378 -0.7752
vn -0.6823 0.1340 -0.7187
vn -0.1659 -0.1903 -0.9676
vn -0.7056 0.4752 -0.5256
vn -0.7053 0.5157 -0.4864
vn -0.6940 0.2298 -0.6823
vn -0.6998 0.2303 -0.6762
vn -0.6549 0.6668 -0.3557
vn -0.4636 0.8771 -0.1254
vn -0.6976 -0.6286 -0.3438
vn -0.9565 -0.2485 -0.1531
vn -0.6084 -0.3802 -0.6966
vn -0.9951 0.0812 0.0564
vn -0.9880 0.1236 0.0927
vn -0.9814 -0.1604 -0.1053
vn -0.9821 -0.1614 -0.0971
vn -0.9357 0.3002 0.1855
vn -0.7489 0.5996 0.2820
vn -0.4455 -0.8932 0.0610
vn -0.6675 -0.6199 0.4126
vn -0.6875 -0.6845 -0.2422
vn -0.7030 -0.3036 0.6431
vn -0.6934 -0.2571 0.6732
vn -0.6922 -0.5421 0.4765
vn -0.6875 -0.5419 0.4834
vn -0.6720 -0.0627 0.7379
vn -0.6022 0.2966 0.7412
vn 0.0748 -0.9765 0.2022
vn 0.0154 -0.7621 0.6473
vn -0.3567 -0.9252 0.1291
vn -0.0001 -0.4541 0.8910
vn 0.0058 -0.4035 0.9150
vn 0.0048 -0.6917 0.7222
vn 0.0115 -0.6885 0.7252
vn -0.0187 -0.2084 0.9779
vn -0.1094 0.1454 0.9833
vn 0.5582 -0.8297 -0.0029
vn 0.6919 -0.5920 0.4133
vn 0.1901 -0.9612 0.2000
vn 0.7017 -0.2818 0.6543
vn 0.6998 -0.2299 0.6763
vn 0.7003 -0.5209 0.4881
vn 0.7057 -0.5151 0.4864
vn 0.6419 -0.0527 0.7650
vn 0.4404 0.2352 0.8665
vn 0.7218 -0.5391 -0.4340
vn 0.9660 -0.2094 -0.1519
vn 0.6324 -0.7714 -0.0709
vn 0.9910 0.1122 0.0724
vn 0.9820 0.1618 0.0974
vn 0.9875 -0.1305 -0.0888
vn 0.9881 -0.1232 -0.0927
vn 0.9228 0.3138 0.2237
vn 0.7254 0.5126 0.4593
vn 0.4697 -0.2744 -0.8391
vn 0.7114 -0.4673 -0.5249
vn 0.1295 -0.8821 -0.4528
vn 0.0173 -0.8319 -0.5546
vn -0.2358 -0.6026 -0.7624
vn 0.1760 -0.8191 -0.5460
vn -0.3744 -0.7521 -0.5424
vn 0.1294 -0.7575 -0.6399
vn -0.2842 -0.9095 -0.3033
vn 0.0171 -0.7330 -0.6800
vn -0.0183 -0.9824 -0.1858
vn -0.0953 -0.7607 -0.6420
vn 0.2680 -0.9282 -0.2581
vn -0.1419 -0.8237 -0.5490
vn 0.4061 -0.7789 -0.4780
vn -0.0952 -0.8854 -0.4551
vn 0.3161 -0.6216 -0.7167
vn 0.0172 -0.9096 -0.4152
vn 0.0500 -0.5484 -0.8347
vn -0.0079 0.1667 0.9860
vn -0.0783 0.7369 0.6714
vn -0.5239 0.2761 0.8058
vn 0.5055 0.2938 0.8113
vn 0.0457 0.7391 0.6721
vn -0.0080 0.1668 0.9860
vn 0.7160 0.5830 0.3841
vn 0.1329 0.7892 0.5995
vn 0.5001 0.8648 -0.0455
vn 0.1322 0.8580 0.4964
vn -0.0157 0.9741 -0.2257
vn 0.0441 0.9051 0.4229
vn -0.5293 0.8469 -0.0511
vn -0.0799 0.9029 0.4223
vn -0.0157 0.9741 -0.2258
vn -0.7398 0.5578 0.3762
vn -0.1671 0.8528 0.4947
vn -0.1665 0.7841 0.5980
vn -0.1248 0.1108 0.9860
vn -0.1980 0.2213 0.9549
vn -0.5403 0.1081 0.8345
vn -0.5929 0.2187 0.7750
vn 0.2357 0.2242 0.9456
vn 0.3152 0.1138 0.9422
vn 0.6225 0.2267 0.7490
vn 0.6927 0.1162 0.7118
vn 0.8857 0.2285 0.4041
vn 0.9329 0.1178 0.3404
vn 0.9732 0.2291 -0.0209
vn 0.9881 0.1182 -0.0984
vn 0.8676 0.2284 -0.4417
vn 0.8475 0.1172 -0.5177
vn 0.5899 0.2266 -0.7750
vn 0.5389 0.1152 -0.8345
vn 0.1951 0.2240 -0.9549
vn 0.1234 0.1124 -0.9860
vn -0.2387 0.2210 -0.9456
vn -0.3167 0.1095 -0.9422
vn -0.6255 0.2185 -0.7490
vn -0.6942 0.1071 -0.7118
vn -0.8887 0.2168 -0.4041
vn -0.9343 0.1055 -0.3404
vn -0.9761 0.2162 0.0208
vn -0.9896 0.1051 0.0984
vn -0.8706 0.2169 0.4417
vn -0.8490 0.1060 0.5177
vn 0.1806 0.4353 -0.8820
vn -0.2202 0.4327 -0.8742
vn -0.5780 0.4303 -0.6934
vn -0.8219 0.4287 -0.3751
vn -0.9036 0.4281 0.0174
vn -0.8068 0.4288 0.4064
vn -0.5508 0.4305 0.7150
vn -0.1863 0.4329 0.8820
vn 0.2145 0.4355 0.8742
vn 0.5723 0.4379 0.6934
vn 0.8161 0.4395 0.3751
vn 0.8978 0.4401 -0.0174
vn 0.8011 0.4394 -0.4065
vn 0.5451 0.4377 -0.7150
vn -0.1653 0.6226 0.7648
vn 0.1824 0.6250 0.7590
vn 0.4933 0.6270 0.6029
vn 0.7056 0.6284 0.3274
vn 0.7774 0.6289 -0.0130
vn 0.6944 0.6283 -0.3508
vn 0.4730 0.6269 -0.6191
vn 0.1571 0.6248 -0.7648
vn -0.1907 0.6224 -0.7591
vn 0.1412 0.7830 0.6058
vn 0.3896 0.7846 0.4823
vn 0.5597 0.7857 0.2633
vn 0.6181 0.7861 -0.0079
vn 0.5529 0.7857 -0.2776
vn 0.3772 0.7845 -0.4922
vn 0.1258 0.7828 -0.6094
vn -0.1516 0.7810 -0.6058
vn -0.3999 0.7794 -0.4823
vn 0.2663 0.9028 0.3376
vn 0.3859 0.9036 0.1860
vn 0.4277 0.9039 -0.0024
vn 0.3837 0.9036 -0.1904
vn 0.2625 0.9028 -0.3406
vn 0.0881 0.9016 -0.4234
vn -0.1048 0.9004 -0.4223
vn -0.2783 0.8992 -0.3375
vn -0.3978 0.8984 -0.1860
vn 0.2098 0.9710 0.1146
vn 0.2382 0.9712 0.0095
vn 0.2180 0.9711 -0.0975
vn 0.1534 0.9706 -0.1853
vn 0.0572 0.9700 -0.2363
vn -0.0516 0.9693 -0.2406
vn -0.1515 0.9686 -0.1971
vn -0.2227 0.9681 -0.1146
vn -0.2509 0.9680 -0.0095
vn -0.2309 0.9681 0.0976
vn -0.4397 0.8982 0.0025
vn -0.5701 0.7782 -0.2633
vn -0.5016 0.6204 -0.6029
vn -0.7139 0.6190 -0.3274
vn -0.7857 0.6185 0.0130
vn -0.7026 0.6191 0.3508
vn -0.4812 0.6205 0.6191
vn -0.1361 0.7811 0.6094
vn -0.3875 0.7794 0.4922
vn -0.6284 0.7778 0.0079
vn -0.5632 0.7783 0.2776
vn -0.1001 0.9004 0.4234
vn -0.2745 0.8992 0.3406
vn 0.0929 0.9017 0.4223
vn -0.3956 0.8985 0.1903
vn -0.0700 0.9691 0.2363
vn -0.1663 0.9685 0.1853
vn 0.0388 0.9699 0.2405
vn 0.1386 0.9705 0.1971
usemtl MAT_Patrick_house
s 1
f 1/1/1 2/2/2 3/3/3
f 2/2/2 4/4/4 3/3/3
f 2/2/2 5/5/5 4/4/4
f 5/5/5 6/6/6 4/4/4
f 5/5/5 7/7/7 6/6/6
f 7/7/7 8/8/8 6/6/6
f 7/7/7 9/9/9 8/8/8
f 9/9/9 10/10/10 8/8/8
f 9/9/9 11/11/11 10/10/10
f 11/11/11 12/12/12 10/10/10
f 11/11/11 13/13/13 12/12/12
f 13/13/13 14/14/14 12/12/12
f 13/13/13 15/15/15 14/14/14
f 15/15/15 16/16/16 14/14/14
f 17/17/17 18/18/18 1/1/1
f 18/18/18 2/2/2 1/1/1
f 18/18/18 19/19/19 2/2/2
f 19/19/19 5/5/5 2/2/2
f 19/19/19 20/20/20 5/5/5
f 20/20/20 7/7/7 5/5/5
f 20/20/20 21/21/21 7/7/7
f 21/21/21 9/9/9 7/7/7
f 21/21/21 22/22/22 9/9/9
f 22/22/22 11/11/11 9/9/9
f 22/22/22 23/23/23 11/11/11
f 23/23/23 13/13/13 11/11/11
f 23/23/23 24/24/24 13/13/13
f 24/24/24 15/15/15 13/13/13
f 25/25/25 26/26/26 17/17/17
f 26/26/26 18/18/18 17/17/17
f 26/26/26 27/27/27 18/18/18
f 27/27/27 19/19/19 18/18/18
f 27/27/27 28/28/28 19/19/19
f 28/28/28 20/20/20 19/19/19
f 28/28/28 29/29/29 20/20/20
f 29/29/29 21/21/21 20/20/20
f 29/29/29 30/30/30 21/21/21
f 30/30/30 22/22/22 21/21/21
f 30/30/30 31/31/31 22/22/22
f 31/31/31 23/23/23 22/22/22
f 31/31/31 32/32/32 23/23/23
f 32/32/32 24/24/24 23/23/23
f 33/33/33 34/34/34 25/25/25
f 34/34/34 26/26/26 25/25/25
f 34/34/34 35/35/35 26/26/26
f 35/35/35 27/27/27 26/26/26
f 35/35/35 36/36/36 27/27/27
f 36/36/36 28/28/28 27/27/27
f 36/36/36 37/37/37 28/28/28
f 37/37/37 29/29/29 28/28/28
f 37/37/37 38/38/38 29/29/29
f 38/38/38 30/30/30 29/29/29
f 38/38/38 39/39/39 30/30/30
f 39/39/39 31/31/31 30/30/30
f 39/39/39 40/40/40 31/31/31
f 40/40/40 32/32/32 31/31/31
f 41/41/41 42/42/42 33/33/33
f 42/42/42 34/34/34 33/33/33
f 42/42/42 43/43/43 34/34/34
f 43/43/43 35/35/35 34/34/34
f 43/43/43 44/44/44 35/35/35
f 44/44/44 36/36/36 35/35/35
f 44/44/44 45/45/45 36/36/36
f 45/45/45 37/37/37 36/36/36
f 45/45/45 46/46/46 37/37/37
f 46/46/46 38/38/38 37/37/37
f 46/46/46 47/47/47 38/38/38
f 47/47/47 39/39/39 38/38/38
f 47/47/47 48/48/48 39/39/39
f 48/48/48 40/40/40 39/39/39
f 49/49/49 50/50/50 41/41/41
f 50/50/50 42/42/42 41/41/41
f 50/50/50 51/51/51 42/42/42
f 51/51/51 43/43/43 42/42/42
f 51/51/51 52/52/52 43/43/43
f 52/52/52 44/44/44 43/43/43
f 52/52/52 53/53/53 44/44/44
f 53/53/53 45/45/45 44/44/44
f 53/53/53 54/54/54 45/45/45
f 54/54/54 46/46/46 45/45/45
f 54/54/54 55/55/55 46/46/46
f 55/55/55 47/47/47 46/46/46
f 55/55/55 56/56/56 47/47/47
f 56/56/56 48/48/48 47/47/47
f 57/57/57 58/58/58 49/49/49
f 58/58/58 50/50/50 49/49/49
f 58/58/58 59/59/59 50/50/50
f 59/59/59 51/51/51 50/50/50
f 59/59/59 60/60/60 51/51/51
f 60/60/60 52/52/52 51/51/51
f 60/60/60 61/61/61 52/52/52
f 61/61/61 53/53/53 52/52/52
f 61/61/61 62/62/62 53/53/53
f 62/62/62 54/54/54 53/53/53
f 62/62/62 63/63/63 54/54/54
f 63/63/63 55/55/55 54/54/54
f 63/63/63 64/64/64 55/55/55
f 64/64/64 56/56/56 55/55/55
f 3/65/3 4/66/4 57/57/57
f 4/66/4 58/58/58 57/57/57
f 4/66/4 6/67/6 58/58/58
f 6/67/6 59/59/59 58/58/58
f 6/67/6 8/68/8 59/59/59
f 8/68/8 60/60/60 59/59/59
f 8/68/8 10/69/10 60/60/60
f 10/69/10 61/61/61 60/60/60
f 10/69/10 12/70/12 61/61/61
f 12/70/12 62/62/62 61/61/61
f 12/70/12 14/71/14 62/62/62
f 14/71/14 63/63/63 62/62/62
f 14/71/14 16/72/16 63/63/63
f 16/72/16 64/64/64 63/63/63
f 3/73/3 65/74/65 1/75/1
f 1/75/1 65/74/65 17/76/17
f 17/76/17 65/74/65 25/77/25
f 25/77/25 65/74/65 33/78/33
f 33/78/33 65/74/65 41/79/41
f 41/79/41 65/74/65 49/80/49
f 49/80/49 65/74/65 57/81/57
f 57/81/57 65/74/65 3/73/3
f 15/82/15 66/83/66 16/84/16
f 24/85/24 66/83/66 15/82/15
f 32/86/32 66/83/66 24/85/24
f 40/87/40 66/83/66 32/86/32
f 48/88/48 66/83/66 40/87/40
f 56/89/56 66/83/66 48/88/48
f 64/90/64 66/83/66 56/89/56
f 16/84/16 66/83/66 64/90/64
f 67/91/67 68/92/68 69/93/69
f 68/92/68 70/94/70 69/93/69
f 68/92/68 71/95/71 70/94/70
f 71/95/71 72/96/72 70/94/70
f 71/95/71 73/97/73 72/96/72
f 73/97/73 74/98/74 72/96/72
f 73/97/73 75/99/75 74/98/74
f 75/99/75 76/100/76 74/98/74
f 75/99/75 77/101/77 76/100/76
f 77/101/77 78/102/78 76/100/76
f 77/101/77 79/103/79 78/102/78
f 79/103/79 80/104/80 78/102/78
f 79/103/79 81/105/81 80/104/80
f 81/105/81 82/106/82 80/104/80
f 83/107/83 84/108/84 67/91/67
f 84/108/84 68/92/68 67/91/67
f 84/108/84 85/109/85 68/92/68
f 85/109/85 71/95/71 68/92/68
f 85/109/85 86/110/86 71/95/71
f 86/110/86 73/97/73 71/95/71
f 86/110/86 87/111/87 73/97/73
f 87/111/87 75/99/75 73/97/73
f 87/111/87 88/112/88 75/99/75
f 88/112/88 77/101/77 75/99/75
f 88/112/88 89/113/89 77/101/77
f 89/113/89 79/103/79 77/101/77
f 89/113/89 90/114/90 79/103/79
f 90/114/90 81/105/81 79/103/79
f 91/115/91 92/116/92 83/107/83
f 92/116/92 84/108/84 83/107/83
f 92/116/92 93/117/93 84/108/84
f 93/117/93 85/109/85 84/108/84
f 93/117/93 94/118/94 85/109/85
f 94/118/94 86/110/86 85/109/85
f 94/118/94 95/119/95 86/110/86
f 95/119/95 87/111/87 86/110/86
f 95/119/95 96/120/96 87/111/87
f 96/120/96 88/112/88 87/111/87
f 96/120/96 97/121/97 88/112/88
f 97/121/97 89/113/89 88/112/88
f 97/121/97 98/122/98 89/113/89
f 98/122/98 90/114/90 89/113/89
f 99/123/99 100/124/100 91/115/91
f 100/124/100 92/116/92 91/115/91
f 100/124/100 101/125/101 92/116/92
f 101/125/101 93/117/93 92/116/92
f 101/125/101 102/126/102 93/117/93
f 102/126/102 94/118/94 93/117/93
f 102/126/102 103/127/103 94/118/94
f 103/127/103 95/119/95 94/118/94
f 103/127/103 104/128/104 95/119/95
f 104/128/104 96/120/96 95/119/95
f 104/128/104 105/129/105 96/120/96
f 105/129/105 97/121/97 96/120/96
f 105/129/105 106/130/106 97/121/97
f 106/130/106 98/122/98 97/121/97
f 107/131/107 108/132/108 99/123/99
f 108/132/108 100/124/100 99/123/99
f 108/132/108 109/133/109 100/124/100
f 109/133/109 101/125/101 100/124/100
f 109/133/109 110/134/110 101/125/101
f 110/134/110 102/126/102 101/125/101
f 110/134/110 111/135/111 102/126/102
f 111/135/111 103/127/103 102/126/102
f 111/135/111 112/136/112 103/127/103
f 112/136/112 104/128/104 103/127/103
f 112/136/112 113/137/113 104/128/104
f 113/137/113 105/129/105 104/128/104
f 113/137/113 114/138/114 105/129/105
f 114/138/114 106/130/106 105/129/105
f 115/139/115 116/140/116 107/131/107
f 116/140/116 108/132/108 107/131/107
f 116/140/116 117/141/117 108/132/108
f 117/141/117 109/133/109 108/132/108
f 117/141/117 118/142/118 109/133/109
f 118/142/118 110/134/110 109/133/109
f 118/142/118 119/143/119 110/134/110
f 119/143/119 111/135/111 110/134/110
f 119/143/119 120/144/120 111/135/111
f 120/144/120 112/136/112 111/135/111
f 120/144/120 121/145/121 112/136/112
f 121/145/121 113/137/113 112/136/112
f 121/145/121 122/146/122 113/137/113
f 122/146/122 114/138/114 113/137/113
f 123/147/123 124/148/124 115/139/115
f 124/148/124 116/140/116 115/139/115
f 124/148/124 125/149/125 116/140/116
f 125/149/125 117/141/117 116/140/116
f 125/149/125 126/150/126 117/141/117
f 126/150/126 118/142/118 117/141/117
f 126/150/126 127/151/127 118/142/118
f 127/151/127 119/143/119 118/142/118
f 127/151/127 128/152/128 119/143/119
f 128/152/128 120/144/120 119/143/119
f 128/152/128 129/153/129 120/144/120
f 129/153/129 121/145/121 120/144/120
f 129/153/129 130/154/130 121/145/121
f 130/154/130 122/146/122 121/145/121
f 69/155/69 70/156/70 123/147/123
f 70/156/70 124/148/124 123/147/123
f 70/156/70 72/157/72 124/148/124
f 72/157/72 125/149/125 124/148/124
f 72/157/72 74/158/74 125/149/125
f 74/158/74 126/150/126 125/149/125
f 74/158/74 76/159/76 126/150/126
f 76/159/76 127/151/127 126/150/126
f 76/159/76 78/160/78 127/151/127
f 78/160/78 128/152/128 127/151/127
f 78/160/78 80/161/80 128/152/128
f 80/161/80 129/153/129 128/152/128
f 80/161/80 82/162/82 129/153/129
f 82/162/82 130/154/130 129/153/129
f 69/163/69 131/164/131 67/165/67
f 67/165/67 131/164/131 83/166/83
f 83/166/83 131/164/131 91/167/91
f 91/167/91 131/164/131 99/168/99
f 99/168/99 131/164/131 107/169/107
f 107/169/107 131/164/131 115/170/115
f 115/170/115 131/164/131 123/171/123
f 123/171/123 131/164/131 69/163/69
f 81/172/81 132/173/132 82/174/82
f 90/175/90 132/173/132 81/172/81
f 98/176/98 132/173/132 90/175/90
f 106/177/106 132/173/132 98/176/98
f 114/178/114 132/173/132 106/177/106
f 122/179/122 132/173/132 114/178/114
f 130/180/130 132/173/132 122/179/122
f 82/174/82 132/173/132 130/180/130
f 133/181/133 134/182/134 135/183/135
f 134/182/134 136/184/136 135/183/135
f 134/182/134 137/185/137 136/184/136
f 137/185/137 138/186/138 136/184/136
f 137/185/137 139/187/139 138/186/138
f 139/187/139 140/188/140 138/186/138
f 139/187/139 141/189/141 140/188/140
f 141/189/141 142/190/142 140/188/140
f 141/189/141 143/191/143 142/190/142
f 143/191/143 144/192/144 142/190/142
f 143/191/143 145/193/145 144/192/144
f 145/193/145 146/194/146 144/192/144
f 145/193/145 147/195/147 146/194/146
f 147/195/147 148/196/148 146/194/146
f 149/197/149 150/198/150 133/181/133
f 150/198/150 134/182/134 133/181/133
f 150/198/150 151/199/151 134/182/134
f 151/199/151 137/185/137 134/182/134
f 151/199/151 152/200/152 137/185/137
f 152/200/152 139/187/139 137/185/137
f 152/200/152 153/201/153 139/187/139
f 153/201/153 141/189/141 139/187/139
f 153/201/153 154/202/154 141/189/141
f 154/202/154 143/191/143 141/189/141
f 154/202/154 155/203/155 143/191/143
f 155/203/155 145/193/145 143/191/143
f 155/203/155 156/204/156 145/193/145
f 156/204/156 147/195/147 145/193/145
f 157/205/157 158/206/158 149/197/149
f 158/206/158 150/198/150 149/197/149
f 158/206/158 159/207/159 150/198/150
f 159/207/159 151/199/151 150/198/150
f 159/207/159 160/208/160 151/199/151
f 160/208/160 152/200/152 151/199/151
f 160/208/160 161/209/161 152/200/152
f 161/209/161 153/201/153 152/200/152
f 161/209/161 162/210/162 153/201/153
f 162/210/162 154/202/154 153/201/153
f 162/210/162 163/211/163 154/202/154
f 163/211/163 155/203/155 154/202/154
f 163/211/163 164/212/164 155/203/155
f 164/212/164 156/204/156 155/203/155
f 165/213/165 166/214/166 157/205/157
f 166/214/166 158/206/158 157/205/157
f 166/214/166 167/215/167 158/206/158
f 167/215/167 159/207/159 158/206/158
f 167/215/167 168/216/168 159/207/159
f 168/216/168 160/208/160 159/207/159
f 168/216/168 169/217/169 160/208/160
f 169/217/169 161/209/161 160/208/160
f 169/217/169 170/218/170 161/209/161
f 170/218/170 162/210/162 161/209/161
f 170/218/170 171/219/171 162/210/162
f 171/219/171 163/211/163 162/210/162
f 171/219/171 172/220/172 163/211/163
f 172/220/172 164/212/164 163/211/163
f 173/221/173 174/222/174 165/213/165
f 174/222/174 166/214/166 165/213/165
f 174/222/174 175/223/175 166/214/166
f 175/223/175 167/215/167 166/214/166
f 175/223/175 176/224/176 167/215/167
f 176/224/176 168/216/168 167/215/167
f 176/224/176 177/225/177 168/216/168
f 177/225/177 169/217/169 168/216/168
f 177/225/177 178/226/178 169/217/169
f 178/226/178 170/218/170 169/217/169
f 178/226/178 179/227/179 170/218/170
f 179/227/179 171/219/171 170/218/170
f 179/227/179 180/228/180 171/219/171
f 180/228/180 172/220/172 171/219/171
f 181/229/181 182/230/182 173/221/173
f 182/230/182 174/222/174 173/221/173
f 182/230/182 183/231/183 174/222/174
f 183/231/183 175/223/175 174/222/174
f 183/231/183 184/232/184 175/223/175
f 184/232/184 176/224/176 175/223/175
f 184/232/184 185/233/185 176/224/176
f 185/233/185 177/225/177 176/224/176
f 185/233/185 186/234/186 177/225/177
f 186/234/186 178/226/178 177/225/177
f 186/234/186 187/235/187 178/226/178
f 187/235/187 179/227/179 178/226/178
f 187/235/187 188/236/188 179/227/179
f 188/236/188 180/228/180 179/227/179
f 189/237/189 190/238/190 181/229/181
f 190/238/190 182/230/182 181/229/181
f 190/238/190 191/239/191 182/230/182
f 191/239/191 183/231/183 182/230/182
f 191/239/191 192/240/192 183/231/183
f 192/240/192 184/232/184 183/231/183
f 192/240/192 193/241/193 184/232/184
f 193/241/193 185/233/185 184/232/184
f 193/241/193 194/242/194 185/233/185
f 194/242/194 186/234/186 185/233/185
f 194/242/194 195/243/195 186/234/186
f 195/243/195 187/235/187 186/234/186
f 195/243/195 196/244/196 187/235/187
f 196/244/196 188/236/188 187/235/187
f 135/245/135 136/246/136 189/237/189
f 136/246/136 190/238/190 189/237/189
f 136/246/136 138/247/138 190/238/190
f 138/247/138 191/239/191 190/238/190
f 138/247/138 140/248/140 191/239/191
f 140/248/140 192/240/192 191/239/191
f 140/248/140 142/249/142 192/240/192
f 142/249/142 193/241/193 192/240/192
f 142/249/142 144/250/144 193/241/193
f 144/250/144 194/242/194 193/241/193
f 144/250/144 146/251/146 194/242/194
f 146/251/146 195/243/195 194/242/194
f 146/251/146 148/252/148 195/243/195
f 148/252/148 196/244/196 195/243/195
f 135/253/135 197/254/197 133/255/133
f 133/255/133 197/254/197 149/256/149
f 149/256/149 197/254/197 157/257/157
f 157/257/157 197/254/197 165/258/165
f 165/258/165 197/254/197 173/259/173
f 173/259/173 197/254/197 181/260/181
f 181/260/181 197/254/197 189/261/189
f 189/261/189 197/254/197 135/253/135
f 147/262/147 198/263/198 148/264/148
f 156/265/156 198/263/198 147/262/147
f 164/266/164 198/263/198 156/265/156
f 172/267/172 198/263/198 164/266/164
f 180/268/180 198/263/198 172/267/172
f 188/269/188 198/263/198 180/268/180
f 196/270/196 198/263/198 188/269/188
f 148/264/148 198/263/198 196/270/196
f 199/271/199 200/272/200 201/273/201
f 200/272/200 202/274/202 201/273/201
f 200/272/200 203/275/203 202/274/202
f 203/275/203 204/276/204 202/274/202
f 203/275/203 205/277/205 204/276/204
f 205/277/205 206/278/206 204/276/204
f 205/277/205 207/279/207 206/278/206
f 207/279/207 208/280/208 206/278/206
f 207/279/207 209/281/143 208/280/208
f 209/281/143 210/282/209 208/280/208
f 209/281/143 211/283/210 210/282/209
f 211/283/210 212/284/211 210/282/209
f 211/283/210 213/285/212 212/284/211
f 213/285/212 214/286/213 212/284/211
f 215/287/214 216/288/150 199/271/199
f 216/288/150 200/272/200 199/271/199
f 216/288/150 217/289/215 200/272/200
f 217/289/215 203/275/203 200/272/200
f 217/289/215 218/290/216 203/275/203
f 218/290/216 205/277/205 203/275/203
f 218/290/216 219/291/217 205/277/205
f 219/291/217 207/279/207 205/277/205
f 219/291/217 220/292/154 207/279/207
f 220/292/154 209/281/143 207/279/207
f 220/292/154 221/293/218 209/281/143
f 221/293/218 211/283/210 209/281/143
f 221/293/218 222/294/219 211/283/210
f 222/294/219 213/285/212 211/283/210
f 223/295/220 224/296/221 215/287/214
f 224/296/221 216/288/150 215/287/214
f 224/296/221 225/297/159 216/288/150
f 225/297/159 217/289/215 216/288/150
f 225/297/159 226/298/222 217/289/215
f 226/298/222 218/290/216 217/289/215
f 226/298/222 227/299/223 218/290/216
f 227/299/223 219/291/217 218/290/216
f 227/299/223 228/300/224 219/291/217
f 228/300/224 220/292/154 219/291/217
f 228/300/224 229/301/225 220/292/154
f 229/301/225 221/293/218 220/292/154
f 229/301/225 230/302/226 221/293/218
f 230/302/226 222/294/219 221/293/218
f 231/303/227 232/304/228 223/295/220
f 232/304/228 224/296/221 223/295/220
f 232/304/228 233/305/167 224/296/221
f 233/305/167 225/297/159 224/296/221
f 233/305/167 234/306/229 225/297/159
f 234/306/229 226/298/222 225/297/159
f 234/306/229 235/307/230 226/298/222
f 235/307/230 227/299/223 226/298/222
f 235/307/230 236/308/231 227/299/223
f 236/308/231 228/300/224 227/299/223
f 236/308/231 237/309/232 228/300/224
f 237/309/232 229/301/225 228/300/224
f 237/309/232 238/310/233 229/301/225
f 238/310/233 230/302/226 229/301/225
f 239/311/234 240/312/235 231/303/227
f 240/312/235 232/304/228 231/303/227
f 240/312/235 241/313/175 232/304/228
f 241/313/175 233/305/167 232/304/228
f 241/313/175 242/314/236 233/305/167
f 242/314/236 234/306/229 233/305/167
f 242/314/236 243/315/237 234/306/229
f 243/315/237 235/307/230 234/306/229
f 243/315/237 244/316/238 235/307/230
f 244/316/238 236/308/231 235/307/230
f 244/316/238 245/317/239 236/308/231
f 245/317/239 237/309/232 236/308/231
f 245/317/239 246/318/240 237/309/232
f 246/318/240 238/310/233 237/309/232
f 247/319/241 248/320/242 239/311/234
f 248/320/242 240/312/235 239/311/234
f 248/320/242 249/321/243 240/312/235
f 249/321/243 241/313/175 240/312/235
f 249/321/243 250/322/244 241/313/175
f 250/322/244 242/314/236 241/313/175
f 250/322/244 251/323/245 242/314/236
f 251/323/245 243/315/237 242/314/236
f 251/323/245 252/324/246 243/315/237
f 252/324/246 244/316/238 243/315/237
f 252/324/246 253/325/247 244/316/238
f 253/325/247 245/317/239 244/316/238
f 253/325/247 254/326/248 245/317/239
f 254/326/248 246/318/240 245/317/239
f 255/327/249 256/328/250 247/319/241
f 256/328/250 248/320/242 247/319/241
f 256/328/250 257/329/251 248/320/242
f 257/329/251 249/321/243 248/320/242
f 257/329/251 258/330/252 249/321/243
f 258/330/252 250/322/244 249/321/243
f 258/330/252 259/331/253 250/322/244
f 259/331/253 251/323/245 250/322/244
f 259/331/253 260/332/254 251/323/245
f 260/332/254 252/324/246 251/323/245
f 260/332/254 261/333/255 252/324/246
f 261/333/255 253/325/247 252/324/246
f 261/333/255 262/334/196 253/325/247
f 262/334/196 254/326/248 253/325/247
f 201/335/201 202/336/202 255/327/249
f 202/336/202 256/328/250 255/327/249
f 202/336/202 204/337/204 256/328/250
f 204/337/204 257/329/251 256/328/250
f 204/337/204 206/338/206 257/329/251
f 206/338/206 258/330/252 257/329/251
f 206/338/206 208/339/208 258/330/252
f 208/339/208 259/331/253 258/330/252
f 208/339/208 210/340/209 259/331/253
f 210/340/209 260/332/254 259/331/253
f 210/340/209 212/341/211 260/332/254
f 212/341/211 261/333/255 260/332/254
f 212/341/211 214/342/213 261/333/255
f 214/342/213 262/334/196 261/333/255
f 201/343/201 263/344/256 199/345/199
f 199/345/199 263/344/256 215/346/214
f 215/346/214 263/344/256 223/347/220
f 223/347/220 263/344/256 231/348/227
f 231/348/227 263/344/256 239/349/234
f 239/349/234 263/344/256 247/350/241
f 247/350/241 263/344/256 255/351/249
f 255/351/249 263/344/256 201/343/201
f 213/352/212 264/353/257 214/354/213
f 222/355/219 264/353/257 213/352/212
f 230/356/226 264/353/257 222/355/219
f 238/357/233 264/353/257 230/356/226
f 246/358/240 264/353/257 238/357/233
f 254/359/248 264/353/257 246/358/240
f 262/360/196 264/353/257 254/359/248
f 214/354/213 264/353/257 262/360/196
f 265/361/258 266/362/259 267/363/260
f 266/362/259 268/364/261 267/363/260
f 266/362/259 269/365/262 268/364/261
f 269/365/262 270/366/263 268/364/261
f 269/365/262 271/367/264 270/366/263
f 271/367/264 272/368/265 270/366/263
f 271/367/264 273/369/266 272/368/265
f 273/369/266 274/370/267 272/368/265
f 273/369/266 275/371/268 274/370/267
f 275/371/268 276/372/269 274/370/267
f 275/371/268 277/373/270 276/372/269
f 277/373/270 278/374/271 276/372/269
f 277/373/270 279/375/272 278/374/271
f 279/375/272 280/376/273 278/374/271
f 281/377/274 282/378/275 265/361/258
f 282/378/275 266/362/259 265/361/258
f 282/378/275 283/379/276 266/362/259
f 283/379/276 269/365/262 266/362/259
f 283/379/276 284/380/277 269/365/262
f 284/380/277 271/367/264 269/365/262
f 284/380/277 285/381/278 271/367/264
f 285/381/278 273/369/266 271/367/264
f 285/381/278 286/382/279 273/369/266
f 286/382/279 275/371/268 273/369/266
f 286/382/279 287/383/280 275/371/268
f 287/383/280 277/373/270 275/371/268
f 287/383/280 288/384/281 277/373/270
f 288/384/281 279/375/272 277/373/270
f 289/385/282 290/386/283 281/377/274
f 290/386/283 282/378/275 281/377/274
f 290/386/283 291/387/284 282/378/275
f 291/387/284 283/379/276 282/378/275
f 291/387/284 292/388/285 283/379/276
f 292/388/285 284/380/277 283/379/276
f 292/388/285 293/389/286 284/380/277
f 293/389/286 285/381/278 284/380/277
f 293/389/286 294/390/287 285/381/278
f 294/390/287 286/382/279 285/381/278
f 294/390/287 295/391/288 286/382/279
f 295/391/288 287/383/280 286/382/279
f 295/391/288 296/392/289 287/383/280
f 296/392/289 288/384/281 287/383/280
f 297/393/290 298/394/291 289/385/282
f 298/394/291 290/386/283 289/385/282
f 298/394/291 299/395/292 290/386/283
f 299/395/292 291/387/284 290/386/283
f 299/395/292 300/396/293 291/387/284
f 300/396/293 292/388/285 291/387/284
f 300/396/293 301/397/294 292/388/285
f 301/397/294 293/389/286 292/388/285
f 301/397/294 302/398/295 293/389/286
f 302/398/295 294/390/287 293/389/286
f 302/398/295 303/399/296 294/390/287
f 303/399/296 295/391/288 294/390/287
f 303/399/296 304/400/297 295/391/288
f 304/400/297 296/392/289 295/391/288
f 305/401/298 306/402/299 297/393/290
f 306/402/299 298/394/291 297/393/290
f 306/402/299 307/403/300 298/394/291
f 307/403/300 299/395/292 298/394/291
f 307/403/300 308/404/301 299/395/292
f 308/404/301 300/396/293 299/395/292
f 308/404/301 309/405/302 300/396/293
f 309/405/302 301/397/294 300/396/293
f 309/405/302 310/406/303 301/397/294
f 310/406/303 302/398/295 301/397/294
f 310/406/303 311/407/304 302/398/295
f 311/407/304 303/399/296 302/398/295
f 311/407/304 312/408/305 303/399/296
f 312/408/305 304/400/297 303/399/296
f 313/409/306 314/410/307 305/401/298
f 314/410/307 306/402/299 305/401/298
f 314/410/307 315/411/308 306/402/299
f 315/411/308 307/403/300 306/402/299
f 315/411/308 316/412/309 307/403/300
f 316/412/309 308/404/301 307/403/300
f 316/412/309 317/413/310 308/404/301
f 317/413/310 309/405/302 308/404/301
f 317/413/310 318/414/311 309/405/302
f 318/414/311 310/406/303 309/405/302
f 318/414/311 319/415/312 310/406/303
f 319/415/312 311/407/304 310/406/303
f 319/415/312 320/416/313 311/407/304
f 320/416/313 312/408/305 311/407/304
f 321/417/314 322/418/315 313/409/306
f 322/418/315 314/410/307 313/409/306
f 322/418/315 323/419/316 314/410/307
f 323/419/316 315/411/308 314/410/307
f 323/419/316 324/420/317 315/411/308
f 324/420/317 316/412/309 315/411/308
f 324/420/317 325/421/318 316/412/309
f 325/421/318 317/413/310 316/412/309
f 325/421/318 326/422/319 317/413/310
f 326/422/319 318/414/311 317/413/310
f 326/422/319 327/423/320 318/414/311
f 327/423/320 319/415/312 318/414/311
f 327/423/320 328/424/321 319/415/312
f 328/424/321 320/416/313 319/415/312
f 267/425/260 268/426/261 321/417/314
f 268/426/261 322/418/315 321/417/314
f 268/426/261 270/427/263 322/418/315
f 270/427/263 323/419/316 322/418/315
f 270/427/263 272/428/265 323/419/316
f 272/428/265 324/420/317 323/419/316
f 272/428/265 274/429/267 324/420/317
f 274/429/267 325/421/318 324/420/317
f 274/429/267 276/430/269 325/421/318
f 276/430/269 326/422/319 325/421/318
f 276/430/269 278/431/271 326/422/319
f 278/431/271 327/423/320 326/422/319
f 278/431/271 280/432/273 327/423/320
f 280/432/273 328/424/321 327/423/320
f 267/433/260 329/434/322 265/435/258
f 265/435/258 329/434/322 281/436/274
f 281/436/274 329/434/322 289/437/282
f 289/437/282 329/434/322 297/438/290
f 297/438/290 329/434/322 305/439/298
f 305/439/298 329/434/322 313/440/306
f 313/440/306 329/434/322 321/441/314
f 321/441/314 329/434/322 267/433/260
f 279/442/272 330/443/323 280/444/273
f 288/445/281 330/443/323 279/442/272
f 296/446/289 330/443/323 288/445/281
f 304/447/297 330/443/323 296/446/289
f 312/448/305 330/443/323 304/447/297
f 320/449/313 330/443/323 312/448/305
f 328/450/321 330/443/323 320/449/313
f 280/444/273 330/443/323 328/450/321
f 331/451/324 332/452/325 333/453/326
f 332/452/325 334/454/327 333/453/326
f 332/452/325 335/455/328 334/454/327
f 335/455/328 336/456/329 334/454/327
f 335/455/328 337/457/330 336/456/329
f 337/457/330 338/458/331 336/456/329
f 337/457/330 339/459/332 338/458/331
f 339/459/332 340/460/333 338/458/331
f 339/459/332 341/461/334 340/460/333
f 341/461/334 342/462/335 340/460/333
f 341/461/334 343/463/336 342/462/335
f 343/463/336 344/464/337 342/462/335
f 343/463/336 345/465/338 344/464/337
f 345/465/338 346/466/339 344/464/337
f 347/467/340 348/468/341 331/451/324
f 348/468/341 332/452/325 331/451/324
f 348/468/341 349/469/342 332/452/325
f 349/469/342 335/455/328 332/452/325
f 349/469/342 350/470/343 335/455/328
f 350/470/343 337/457/330 335/455/328
f 350/470/343 351/471/344 337/457/330
f 351/471/344 339/459/332 337/457/330
f 351/471/344 352/472/345 339/459/332
f 352/472/345 341/461/334 339/459/332
f 352/472/345 353/473/346 341/461/334
f 353/473/346 343/463/336 341/461/334
f 353/473/346 354/474/347 343/463/336
f 354/474/347 345/465/338 343/463/336
f 355/475/348 356/476/349 347/467/340
f 356/476/349 348/468/341 347/467/340
f 356/476/349 357/477/350 348/468/341
f 357/477/350 349/469/342 348/468/341
f 357/477/350 358/478/351 349/469/342
f 358/478/351 350/470/343 349/469/342
f 358/478/351 359/479/352 350/470/343
f 359/479/352 351/471/344 350/470/343
f 359/479/352 360/480/353 351/471/344
f 360/480/353 352/472/345 351/471/344
f 360/480/353 361/481/354 352/472/345
f 361/481/354 353/473/346 352/472/345
f 361/481/354 362/482/355 353/473/346
f 362/482/355 354/474/347 353/473/346
f 363/483/356 364/484/357 355/475/348
f 364/484/357 356/476/349 355/475/348
f 364/484/357 365/485/358 356/476/349
f 365/485/358 357/477/350 356/476/349
f 365/485/358 366/486/359 357/477/350
f 366/486/359 358/478/351 357/477/350
f 366/486/359 367/487/360 358/478/351
f 367/487/360 359/479/352 358/478/351
f 367/487/360 368/488/361 359/479/352
f 368/488/361 360/480/353 359/479/352
f 368/488/361 369/489/362 360/480/353
f 369/489/362 361/481/354 360/480/353
f 369/489/362 370/490/363 361/481/354
f 370/490/363 362/482/355 361/481/354
f 371/491/364 372/492/365 363/483/356
f 372/492/365 364/484/357 363/483/356
f 372/492/365 373/493/366 364/484/357
f 373/493/366 365/485/358 364/484/357
f 373/493/366 374/494/367 365/485/358
f 374/494/367 366/486/359 365/485/358
f 374/494/367 375/495/368 366/486/359
f 375/495/368 367/487/360 366/486/359
f 375/495/368 376/496/369 367/487/360
f 376/496/369 368/488/361 367/487/360
f 376/496/369 377/497/370 368/488/361
f 377/497/370 369/489/362 368/488/361
f 377/497/370 378/498/371 369/489/362
f 378/498/371 370/490/363 369/489/362
f 379/499/372 380/500/373 371/491/364
f 380/500/373 372/492/365 371/491/364
f 380/500/373 381/501/374 372/492/365
f 381/501/374 373/493/366 372/492/365
f 381/501/374 382/502/375 373/493/366
f 382/502/375 374/494/367 373/493/366
f 382/502/375 383/503/376 374/494/367
f 383/503/376 375/495/368 374/494/367
f 383/503/376 384/504/377 375/495/368
f 384/504/377 376/496/369 375/495/368
f 384/504/377 385/505/378 376/496/369
f 385/505/378 377/497/370 376/496/369
f 385/505/378 386/506/379 377/497/370
f 386/506/379 378/498/371 377/497/370
f 387/507/380 388/508/381 379/499/372
f 388/508/381 380/500/373 379/499/372
f 388/508/381 389/509/382 380/500/373
f 389/509/382 381/501/374 380/500/373
f 389/509/382 390/510/383 381/501/374
f 390/510/383 382/502/375 381/501/374
f 390/510/383 391/511/384 382/502/375
f 391/511/384 383/503/376 382/502/375
f 391/511/384 392/512/385 383/503/376
f 392/512/385 384/504/377 383/503/376
f 392/512/385 393/513/386 384/504/377
f 393/513/386 385/505/378 384/504/377
f 393/513/386 394/514/387 385/505/378
f 394/514/387 386/506/379 385/505/378
f 333/515/326 334/516/327 387/507/380
f 334/516/327 388/508/381 387/507/380
f 334/516/327 336/517/329 388/508/381
f 336/517/329 389/509/382 388/508/381
f 336/517/329 338/518/331 389/509/382
f 338/518/331 390/510/383 389/509/382
f 338/518/331 340/519/333 390/510/383
f 340/519/333 391/511/384 390/510/383
f 340/519/333 342/520/335 391/511/384
f 342/520/335 392/512/385 391/511/384
f 342/520/335 344/521/337 392/512/385
f 344/521/337 393/513/386 392/512/385
f 344/521/337 346/522/339 393/513/386
f 346/522/339 394/514/387 393/513/386
f 333/523/326 395/524/388 331/525/324
f 331/525/324 395/524/388 347/526/340
f 347/526/340 395/524/388 355/527/348
f 355/527/348 395/524/388 363/528/356
f 363/528/356 395/524/388 371/529/364
f 371/529/364 395/524/388 379/530/372
f 379/530/372 395/524/388 387/531/380
f 387/531/380 395/524/388 333/523/326
f 345/532/338 396/533/389 346/534/339
f 354/535/347 396/533/389 345/532/338
f 362/536/355 396/533/389 354/535/347
f 370/537/363 396/533/389 362/536/355
f 378/538/371 396/533/389 370/537/363
f 386/539/379 396/533/389 378/538/371
f 394/540/387 396/533/389 386/539/379
f 346/534/339 396/533/389 394/540/387
f 397/541/390 398/542/391 399/543/392
f 398/542/391 400/544/393 399/543/392
f 398/542/391 401/545/394 400/544/393
f 401/545/394 402/546/395 400/544/393
f 401/545/394 403/547/396 402/546/395
f 403/547/396 404/548/397 402/546/395
f 403/547/396 405/549/398 404/548/397
f 405/549/398 406/550/399 404/548/397
f 405/549/398 407/551/400 406/550/399
f 407/551/400 408/552/401 406/550/399
f 407/551/400 409/553/210 408/552/401
f 409/553/210 410/554/402 408/552/401
f 409/553/210 411/555/403 410/554/402
f 411/555/403 412/556/404 410/554/402
f 413/557/405 414/558/406 397/541/390
f 414/558/406 398/542/391 397/541/390
f 414/558/406 415/559/407 398/542/391
f 415/559/407 401/545/394 398/542/391
f 415/559/407 416/560/408 401/545/394
f 416/560/408 403/547/396 401/545/394
f 416/560/408 417/561/409 403/547/396
f 417/561/409 405/549/398 403/547/396
f 417/561/409 418/562/410 405/549/398
f 418/562/410 407/551/400 405/549/398
f 418/562/410 419/563/411 407/551/400
f 419/563/411 409/553/210 407/551/400
f 419/563/411 420/564/412 409/553/210
f 420/564/412 411/555/403 409/553/210
f 421/565/413 422/566/414 413/557/405
f 422/566/414 414/558/406 413/557/405
f 422/566/414 423/567/415 414/558/406
f 423/567/415 415/559/407 414/558/406
f 423/567/415 424/568/416 415/559/407
f 424/568/416 416/560/408 415/559/407
f 424/568/416 425/569/417 416/560/408
f 425/569/417 417/561/409 416/560/408
f 425/569/417 426/570/418 417/561/409
f 426/570/418 418/562/410 417/561/409
f 426/570/418 427/571/419 418/562/410
f 427/571/419 419/563/411 418/562/410
f 427/571/419 428/572/420 419/563/411
f 428/572/420 420/564/412 419/563/411
f 429/573/421 430/574/422 421/565/413
f 430/574/422 422/566/414 421/565/413
f 430/574/422 431/575/423 422/566/414
f 431/575/423 423/567/415 422/566/414
f 431/575/423 432/576/424 423/567/415
f 432/576/424 424/568/416 423/567/415
f 432/576/424 433/577/425 424/568/416
f 433/577/425 425/569/417 424/568/416
f 433/577/425 434/578/170 425/569/417
f 434/578/170 426/570/418 425/569/417
f 434/578/170 435/579/426 426/570/418
f 435/579/426 427/571/419 426/570/418
f 435/579/426 436/580/427 427/571/419
f 436/580/427 428/572/420 427/571/419
f 437/581/428 438/582/429 429/573/421
f 438/582/429 430/574/422 429/573/421
f 438/582/429 439/583/430 430/574/422
f 439/583/430 431/575/423 430/574/422
f 439/583/430 440/584/431 431/575/423
f 440/584/431 432/576/424 431/575/423
f 440/584/431 441/585/432 432/576/424
f 441/585/432 433/577/425 432/576/424
f 441/585/432 442/586/433 433/577/425
f 442/586/433 434/578/170 433/577/425
f 442/586/433 443/587/434 434/578/170
f 443/587/434 435/579/426 434/578/170
f 443/587/434 444/588/435 435/579/426
f 444/588/435 436/580/427 435/579/426
f 445/589/436 446/590/437 437/581/428
f 446/590/437 438/582/429 437/581/428
f 446/590/437 447/591/438 438/582/429
f 447/591/438 439/583/430 438/582/429
f 447/591/438 448/592/439 439/583/430
f 448/592/439 440/584/431 439/583/430
f 448/592/439 449/593/440 440/584/431
f 449/593/440 441/585/432 440/584/431
f 449/593/440 450/594/441 441/585/432
f 450/594/441 442/586/433 441/585/432
f 450/594/441 451/595/442 442/586/433
f 451/595/442 443/587/434 442/586/433
f 451/595/442 452/596/443 443/587/434
f 452/596/443 444/588/435 443/587/434
f 453/597/444 454/598/445 445/589/436
f 454/598/445 446/590/437 445/589/436
f 454/598/445 455/599/446 446/590/437
f 455/599/446 447/591/438 446/590/437
f 455/599/446 456/600/447 447/591/438
f 456/600/447 448/592/439 447/591/438
f 456/600/447 457/601/448 448/592/439
f 457/601/448 449/593/440 448/592/439
f 457/601/448 458/602/449 449/593/440
f 458/602/449 450/594/441 449/593/440
f 458/602/449 459/603/450 450/594/441
f 459/603/450 451/595/442 450/594/441
f 459/603/450 460/604/451 451/595/442
f 460/604/451 452/596/443 451/595/442
f 399/605/392 400/606/393 453/597/444
f 400/606/393 454/598/445 453/597/444
f 400/606/393 402/607/395 454/598/445
f 402/607/395 455/599/446 454/598/445
f 402/607/395 404/608/397 455/599/446
f 404/608/397 456/600/447 455/599/446
f 404/608/397 406/609/399 456/600/447
f 406/609/399 457/601/448 456/600/447
f 406/609/399 408/610/401 457/601/448
f 408/610/401 458/602/449 457/601/448
f 408/610/401 410/611/402 458/602/449
f 410/611/402 459/603/450 458/602/449
f 410/611/402 412/612/404 459/603/450
f 412/612/404 460/604/451 459/603/450
f 399/613/392 461/614/452 397/615/390
f 397/615/390 461/614/452 413/616/405
f 413/616/405 461/614/452 421/617/413
f 421/617/413 461/614/452 429/618/421
f 429/618/421 461/614/452 437/619/428
f 437/619/428 461/614/452 445/620/436
f 445/620/436 461/614/452 453/621/444
f 453/621/444 461/614/452 399/613/392
f 411/622/403 462/623/453 412/624/404
f 420/625/412 462/623/453 411/622/403
f 428/626/420 462/623/453 420/625/412
f 436/627/427 462/623/453 428/626/420
f 444/628/435 462/623/453 436/627/427
f 452/629/443 462/623/453 444/628/435
f 460/630/451 462/623/453 452/629/443
f 412/624/404 462/623/453 460/630/451
f 463/631/454 464/632/455 465/633/456
f 464/632/455 466/634/457 465/633/456
f 464/632/455 467/635/458 466/634/457
f 467/635/458 468/636/459 466/634/457
f 467/635/458 469/637/460 468/636/459
f 469/637/460 470/638/461 468/636/459
f 469/637/460 471/639/462 470/638/461
f 471/639/462 472/640/463 470/638/461
f 471/639/462 473/641/464 472/640/463
f 473/641/464 474/642/465 472/640/463
f 473/641/464 475/643/466 474/642/465
f 475/643/466 476/644/467 474/642/465
f 475/643/466 477/645/468 476/644/467
f 477/645/468 478/646/469 476/644/467
f 479/647/470 480/648/471 463/631/472
f 480/648/471 464/632/455 463/631/472
f 480/648/471 481/649/473 464/632/455
f 481/649/473 467/635/458 464/632/455
f 481/649/473 482/650/474 467/635/458
f 482/650/474 469/637/460 467/635/458
f 482/650/474 483/651/475 469/637/460
f 483/651/475 471/639/462 469/637/460
f 483/651/475 484/652/476 471/639/462
f 484/652/476 473/641/464 471/639/462
f 484/652/476 485/653/477 473/641/464
f 485/653/477 475/643/466 473/641/464
f 485/653/477 486/654/478 475/643/466
f 486/654/478 477/645/468 475/643/466
f 487/655/479 488/656/480 479/647/481
f 488/656/480 480/648/471 479/647/481
f 488/656/480 489/657/482 480/648/471
f 489/657/482 481/649/473 480/648/471
f 489/657/482 490/658/483 481/649/473
f 490/658/483 482/650/474 481/649/473
f 490/658/483 491/659/484 482/650/474
f 491/659/484 483/651/475 482/650/474
f 491/659/484 492/660/485 483/651/475
f 492/660/485 484/652/476 483/651/475
f 492/660/485 493/661/486 484/652/476
f 493/661/486 485/653/477 484/652/476
f 493/661/486 494/662/487 485/653/477
f 494/662/487 486/654/478 485/653/477
f 495/663/488 496/664/489 487/655/490
f 496/664/489 488/656/480 487/655/490
f 496/664/489 497/665/491 488/656/480
f 497/665/491 489/657/482 488/656/480
f 497/665/491 498/666/492 489/657/482
f 498/666/492 490/658/483 489/657/482
f 498/666/492 499/667/493 490/658/483
f 499/667/493 491/659/484 490/658/483
f 499/667/493 500/668/494 491/659/484
f 500/668/494 492/660/485 491/659/484
f 500/668/494 501/669/495 492/660/485
f 501/669/495 493/661/486 492/660/485
f 501/669/495 502/670/496 493/661/486
f 502/670/496 494/662/487 493/661/486
f 503/671/497 504/672/498 495/663/499
f 504/672/498 496/664/489 495/663/499
f 504/672/498 505/673/500 496/664/489
f 505/673/500 497/665/491 496/664/489
f 505/673/500 506/674/501 497/665/491
f 506/674/501 498/666/492 497/665/491
f 506/674/501 507/675/502 498/666/492
f 507/675/502 499/667/493 498/666/492
f 507/675/502 508/676/503 499/667/493
f 508/676/503 500/668/494 499/667/493
f 508/676/503 509/677/504 500/668/494
f 509/677/504 501/669/495 500/668/494
f 509/677/504 510/678/505 501/669/495
f 510/678/505 502/670/496 501/669/495
f 511/679/506 512/680/507 503/671/508
f 512/680/507 504/672/498 503/671/508
f 512/680/507 513/681/509 504/672/498
f 513/681/509 505/673/500 504/672/498
f 513/681/509 514/682/510 505/673/500
f 514/682/510 506/674/501 505/673/500
f 514/682/510 515/683/511 506/674/501
f 515/683/511 507/675/502 506/674/501
f 515/683/511 516/684/512 507/675/502
f 516/684/512 508/676/503 507/675/502
f 516/684/512 517/685/513 508/676/503
f 517/685/513 509/677/504 508/676/503
f 517/685/513 518/686/514 509/677/504
f 518/686/514 510/678/505 509/677/504
f 519/687/515 520/688/516 511/679/517
f 520/688/516 512/680/507 511/679/517
f 520/688/516 521/689/518 512/680/507
f 521/689/518 513/681/509 512/680/507
f 521/689/518 522/690/519 513/681/509
f 522/690/519 514/682/510 513/681/509
f 522/690/519 523/691/520 514/682/510
f 523/691/520 515/683/511 514/682/510
f 523/691/520 524/692/521 515/683/511
f 524/692/521 516/684/512 515/683/511
f 524/692/521 525/693/522 516/684/512
f 525/693/522 517/685/513 516/684/512
f 525/693/522 526/694/523 517/685/513
f 526/694/523 518/686/514 517/685/513
f 465/695/524 466/696/457 519/687/525
f 466/696/457 520/688/516 519/687/525
f 466/696/457 468/697/459 520/688/516
f 468/697/459 521/689/518 520/688/516
f 468/697/459 470/698/461 521/689/518
f 470/698/461 522/690/519 521/689/518
f 470/698/461 472/699/463 522/690/519
f 472/699/463 523/691/520 522/690/519
f 472/699/463 474/700/465 523/691/520
f 474/700/465 524/692/521 523/691/520
f 474/700/465 476/701/467 524/692/521
f 476/701/467 525/693/522 524/692/521
f 476/701/467 478/702/469 525/693/522
f 478/702/469 526/694/523 525/693/522
f 465/703/526 527/704/527 463/705/528
f 463/705/529 527/704/530 479/706/531
f 479/706/532 527/704/530 487/707/533
f 487/707/534 527/704/530 495/708/535
f 495/708/536 527/704/530 503/709/537
f 503/709/538 527/704/530 511/710/539
f 511/710/540 527/704/527 519/711/541
f 519/711/542 527/704/530 465/703/543
f 477/712/544 528/713/545 478/714/546
f 486/715/547 528/713/548 477/712/544
f 494/716/549 528/713/550 486/715/551
f 502/717/552 528/713/553 494/716/554
f 510/718/555 528/713/556 502/717/557
f 518/719/558 528/713/559 510/718/555
f 526/720/560 528/713/561 518/719/558
f 478/714/546 528/713/562 526/720/560
f 529/721/563 530/722/564 531/723/565
f 530/722/564 532/724/566 531/723/565
f 530/722/564 533/725/567 532/724/566
f 533/725/567 534/726/568 532/724/566
f 533/725/567 535/727/569 534/726/568
f 535/727/569 536/728/570 534/726/568
f 535/727/569 537/729/571 536/728/570
f 537/729/571 538/730/572 536/728/570
f 537/729/571 539/731/573 538/730/572
f 539/731/573 540/732/574 538/730/572
f 539/731/573 541/733/575 540/732/574
f 541/733/575 542/734/576 540/732/574
f 541/733/575 543/735/577 542/734/576
f 543/735/577 544/736/578 542/734/576
f 545/737/579 546/738/580 529/721/581
f 546/738/580 530/722/564 529/721/581
f 546/738/580 547/739/582 530/722/564
f 547/739/582 533/725/567 530/722/564
f 547/739/582 548/740/583 533/725/567
f 548/740/583 535/727/569 533/725/567
f 548/740/583 549/741/584 535/727/569
f 549/741/584 537/729/571 535/727/569
f 549/741/584 550/742/585 537/729/571
f 550/742/585 539/731/573 537/729/571
f 550/742/585 551/743/586 539/731/573
f 551/743/586 541/733/575 539/731/573
f 551/743/586 552/744/587 541/733/575
f 552/744/587 543/735/577 541/733/575
f 553/745/588 554/746/589 545/737/590
f 554/746/589 546/738/580 545/737/590
f 554/746/589 555/747/591 546/738/580
f 555/747/591 547/739/582 546/738/580
f 555/747/591 556/748/592 547/739/582
f 556/748/592 548/740/583 547/739/582
f 556/748/592 557/749/593 548/740/583
f 557/749/593 549/741/584 548/740/583
f 557/749/593 558/750/594 549/741/584
f 558/750/594 550/742/585 549/741/584
f 558/750/594 559/751/595 550/742/585
f 559/751/595 551/743/586 550/742/585
f 559/751/595 560/752/596 551/743/586
f 560/752/596 552/744/587 551/743/586
f 561/753/597 562/754/598 553/745/599
f 562/754/598 554/746/589 553/745/599
f 562/754/598 563/755/600 554/746/589
f 563/755/600 555/747/591 554/746/589
f 563/755/600 564/756/601 555/747/591
f 564/756/601 556/748/592 555/747/591
f 564/756/601 565/757/602 556/748/592
f 565/757/602 557/749/593 556/748/592
f 565/757/602 566/758/603 557/749/593
f 566/758/603 558/750/594 557/749/593
f 566/758/603 567/759/604 558/750/594
f 567/759/604 559/751/595 558/750/594
f 567/759/604 568/760/605 559/751/595
f 568/760/605 560/752/596 559/751/595
f 569/761/606 570/762/607 561/753/608
f 570/762/607 562/754/598 561/753/608
f 570/762/607 571/763/609 562/754/598
f 571/763/609 563/755/600 562/754/598
f 571/763/609 572/764/610 563/755/600
f 572/764/610 564/756/601 563/755/600
f 572/764/610 573/765/611 564/756/601
f 573/765/611 565/757/602 564/756/601
f 573/765/611 574/766/612 565/757/602
f 574/766/612 566/758/603 565/757/602
f 574/766/612 575/767/613 566/758/603
f 575/767/613 567/759/604 566/758/603
f 575/767/613 576/768/614 567/759/604
f 576/768/614 568/760/605 567/759/604
f 577/769/615 578/770/616 569/761/617
f 578/770/616 570/762/607 569/761/617
f 578/770/616 579/771/618 570/762/607
f 579/771/618 571/763/609 570/762/607
f 579/771/618 580/772/619 571/763/609
f 580/772/619 572/764/610 571/763/609
f 580/772/619 581/773/620 572/764/610
f 581/773/620 573/765/611 572/764/610
f 581/773/620 582/774/621 573/765/611
f 582/774/621 574/766/612 573/765/611
f 582/774/621 583/775/622 574/766/612
f 583/775/622 575/767/613 574/766/612
f 583/775/622 584/776/623 575/767/613
f 584/776/623 576/768/614 575/767/613
f 585/777/624 586/778/625 577/769/626
f 586/778/625 578/770/616 577/769/626
f 586/778/625 587/779/627 578/770/616
f 587/779/627 579/771/618 578/770/616
f 587/779/627 588/780/628 579/771/618
f 588/780/628 580/772/619 579/771/618
f 588/780/628 589/781/629 580/772/619
f 589/781/629 581/773/620 580/772/619
f 589/781/629 590/782/630 581/773/620
f 590/782/630 582/774/621 581/773/620
f 590/782/630 591/783/631 582/774/621
f 591/783/631 583/775/622 582/774/621
f 591/783/631 592/784/632 583/775/622
f 592/784/632 584/776/623 583/775/622
f 531/785/633 532/786/566 585/777/634
f 532/786/566 586/778/625 585/777/634
f 532/786/566 534/787/568 586/778/625
f 534/787/568 587/779/627 586/778/625
f 534/787/568 536/788/570 587/779/627
f 536/788/570 588/780/628 587/779/627
f 536/788/570 538/789/572 588/780/628
f 538/789/572 589/781/629 588/780/628
f 538/789/572 540/790/574 589/781/629
f 540/790/574 590/782/630 589/781/629
f 540/790/574 542/791/576 590/782/630
f 542/791/576 591/783/631 590/782/630
f 542/791/576 544/792/578 591/783/631
f 544/792/578 592/784/632 591/783/631
f 531/793/635 593/794/636 529/795/637
f 529/795/638 593/794/636 545/796/639
f 545/796/640 593/794/636 553/797/641
f 553/797/642 593/794/636 561/798/643
f 561/798/644 593/794/636 569/799/645
f 569/799/646 593/794/636 577/800/647
f 577/800/648 593/794/636 585/801/649
f 585/801/650 593/794/636 531/793/651
f 543/802/652 594/803/653 544/804/654
f 552/805/655 594/803/656 543/802/657
f 560/806/658 594/803/659 552/805/655
f 568/807/660 594/803/661 560/806/658
f 576/808/662 594/803/663 568/807/660
f 584/809/664 594/803/665 576/808/666
f 592/810/667 594/803/668 584/809/664
f 544/804/654 594/803/669 592/810/667
f 595/811/670 596/812/671 597/813/672
f 596/812/671 598/814/673 597/813/672
f 599/815/674 596/812/671 595/811/670
f 600/816/675 599/815/674 595/811/670
f 601/817/676 599/815/674 600/816/675
f 602/818/677 601/817/676 600/816/675
f 603/819/678 601/817/676 602/818/677
f 604/820/679 603/819/678 602/818/677
f 605/821/680 603/819/678 604/820/679
f 606/822/681 605/821/680 604/820/679
f 607/823/682 605/821/680 606/822/681
f 608/824/683 607/823/682 606/822/681
f 609/825/684 607/823/682 608/824/683
f 610/826/685 609/825/684 608/824/683
f 611/827/686 609/825/684 610/826/685
f 612/828/687 611/827/686 610/826/685
f 613/829/688 611/827/686 612/828/687
f 614/830/689 613/829/688 612/828/687
f 615/831/690 613/829/688 614/830/689
f 616/832/691 615/831/690 614/830/689
f 617/833/692 615/831/690 616/832/691
f 618/834/693 617/833/692 616/832/691
f 619/835/694 617/833/692 618/834/693
f 620/836/695 619/835/694 618/834/693
f 621/837/696 619/835/694 620/836/695
f 622/838/697 621/837/696 620/836/695
f 598/814/673 621/837/696 622/838/697
f 597/813/672 598/814/673 622/838/697
f 611/827/686 623/839/698 609/825/684
f 613/829/688 624/840/699 611/827/686
f 624/840/699 623/839/698 611/827/686
f 615/831/690 625/841/700 613/829/688
f 625/841/700 624/840/699 613/829/688
f 617/833/692 626/842/701 615/831/690
f 626/842/701 625/841/700 615/831/690
f 619/835/694 627/843/702 617/833/692
f 627/843/702 626/842/701 617/833/692
f 621/837/696 628/844/703 619/835/694
f 628/844/703 627/843/702 619/835/694
f 598/814/673 629/845/704 621/837/696
f 629/845/704 628/844/703 621/837/696
f 630/846/705 629/845/704 598/814/673
f 596/812/671 630/846/705 598/814/673
f 631/847/706 630/846/705 596/812/671
f 599/815/674 631/847/706 596/812/671
f 632/848/707 631/847/706 599/815/674
f 601/817/676 632/848/707 599/815/674
f 633/849/708 632/848/707 601/817/676
f 603/819/678 633/849/708 601/817/676
f 634/850/709 633/849/708 603/819/678
f 605/821/680 634/850/709 603/819/678
f 635/851/710 634/850/709 605/821/680
f 607/823/682 635/851/710 605/821/680
f 636/852/711 635/851/710 607/823/682
f 609/825/684 636/852/711 607/823/682
f 623/839/698 636/852/711 609/825/684
f 630/846/705 637/853/712 629/845/704
f 631/847/706 638/854/713 630/846/705
f 638/854/713 637/853/712 630/846/705
f 632/848/707 639/855/714 631/847/706
f 639/855/714 638/854/713 631/847/706
f 633/849/708 640/856/715 632/848/707
f 640/856/715 639/855/714 632/848/707
f 634/850/709 641/857/716 633/849/708
f 641/857/716 640/856/715 633/849/708
f 635/851/710 642/858/717 634/850/709
f 642/858/717 641/857/716 634/850/709
f 636/852/711 643/859/718 635/851/710
f 643/859/718 642/858/717 635/851/710
f 623/839/698 644/860/719 636/852/711
f 644/860/719 643/859/718 636/852/711
f 645/861/720 644/860/719 623/839/698
f 638/854/713 646/862/721 637/853/712
f 639/855/714 647/863/722 638/854/713
f 647/863/722 646/862/721 638/854/713
f 640/856/715 648/864/723 639/855/714
f 648/864/723 647/863/722 639/855/714
f 641/857/716 649/865/724 640/856/715
f 649/865/724 648/864/723 640/856/715
f 642/858/717 650/866/725 641/857/716
f 650/866/725 649/865/724 641/857/716
f 643/859/718 651/867/726 642/858/717
f 651/867/726 650/866/725 642/858/717
f 644/860/719 652/868/727 643/859/718
f 652/868/727 651/867/726 643/859/718
f 645/861/720 653/869/728 644/860/719
f 653/869/728 652/868/727 644/860/719
f 654/870/729 653/869/728 645/861/720
f 647/863/722 655/871/730 646/862/721
f 648/864/723 656/872/731 647/863/722
f 656/872/731 655/871/730 647/863/722
f 649/865/724 657/873/732 648/864/723
f 657/873/732 656/872/731 648/864/723
f 650/866/725 658/874/733 649/865/724
f 658/874/733 657/873/732 649/865/724
f 651/867/726 659/875/734 650/866/725
f 659/875/734 658/874/733 650/866/725
f 652/868/727 660/876/735 651/867/726
f 660/876/735 659/875/734 651/867/726
f 653/869/728 661/877/736 652/868/727
f 661/877/736 660/876/735 652/868/727
f 654/870/729 662/878/737 653/869/728
f 662/878/737 661/877/736 653/869/728
f 663/879/738 662/878/737 654/870/729
f 656/872/731 664/880/739 655/871/730
f 657/873/732 665/881/740 656/872/731
f 665/881/740 664/880/739 656/872/731
f 658/874/733 666/882/741 657/873/732
f 666/882/741 665/881/740 657/873/732
f 659/875/734 667/883/742 658/874/733
f 667/883/742 666/882/741 658/874/733
f 660/876/735 668/884/743 659/875/734
f 668/884/743 667/883/742 659/875/734
f 661/877/736 669/885/744 660/876/735
f 669/885/744 668/884/743 660/876/735
f 662/878/737 670/886/745 661/877/736
f 670/886/745 669/885/744 661/877/736
f 663/879/738 671/887/746 662/878/737
f 671/887/746 670/886/745 662/878/737
f 672/888/747 671/887/746 663/879/738
f 665/881/740 673/889/132 664/880/739
f 666/882/741 673/889/132 665/881/740
f 667/883/742 673/889/132 666/882/741
f 668/884/743 673/889/132 667/883/742
f 669/885/744 673/889/132 668/884/743
f 670/886/745 673/889/132 669/885/744
f 671/887/746 673/889/132 670/886/745
f 672/888/747 673/889/132 671/887/746
f 674/890/748 673/889/132 672/888/747
f 674/890/748 672/888/747 675/891/749
f 675/891/749 672/888/747 663/879/738
f 675/891/749 663/879/738 676/892/750
f 676/892/750 663/879/738 654/870/729
f 676/892/750 654/870/729 677/893/751
f 677/893/751 654/870/729 645/861/720
f 677/893/751 645/861/720 624/840/699
f 624/840/699 645/861/720 623/839/698
f 625/841/700 677/893/751 624/840/699
f 678/894/752 677/893/751 625/841/700
f 678/894/752 676/892/750 677/893/751
f 626/842/701 678/894/752 625/841/700
f 679/895/753 678/894/752 626/842/701
f 627/843/702 679/895/753 626/842/701
f 680/896/754 679/895/753 627/843/702
f 628/844/703 680/896/754 627/843/702
f 681/897/755 680/896/754 628/844/703
f 629/845/704 681/897/755 628/844/703
f 637/853/712 681/897/755 629/845/704
f 637/853/712 682/898/756 681/897/755
f 682/898/756 683/899/757 681/897/755
f 681/897/755 683/899/757 680/896/754
f 646/862/721 682/898/756 637/853/712
f 679/895/753 684/900/758 678/894/752
f 684/900/758 676/892/750 678/894/752
f 680/896/754 685/901/759 679/895/753
f 685/901/759 684/900/758 679/895/753
f 683/899/757 685/901/759 680/896/754
f 682/898/756 686/902/760 683/899/757
f 686/902/760 687/903/761 683/899/757
f 683/899/757 687/903/761 685/901/759
f 646/862/721 688/904/762 682/898/756
f 688/904/762 686/902/760 682/898/756
f 655/871/730 688/904/762 646/862/721
f 684/900/758 675/891/749 676/892/750
f 685/901/759 689/905/763 684/900/758
f 689/905/763 675/891/749 684/900/758
f 687/903/761 689/905/763 685/901/759
f 686/902/760 690/906/764 687/903/761
f 690/906/764 691/907/765 687/903/761
f 687/903/761 691/907/765 689/905/763
f 688/904/762 692/908/766 686/902/760
f 692/908/766 690/906/764 686/902/760
f 655/871/730 693/909/767 688/904/762
f 693/909/767 692/908/766 688/904/762
f 664/880/739 693/909/767 655/871/730
f 689/905/763 674/890/748 675/891/749
f 691/907/765 674/890/748 689/905/763
f 690/906/764 673/889/132 691/907/765
f 692/908/766 673/889/132 690/906/764
f 693/909/767 673/889/132 692/908/766
f 664/880/739 673/889/132 693/909/767
f 691/907/765 673/889/132 674/890/748
